image,true,pred,true_binary,pred_binary,raw_output_file,raw_llava
asbestos_pc450BP0006_synt1_jpg.rf.22a9782ef71ab88328039b1de9ae287a.jpg,asbestos,no_damage,damage,not_damage,raw_outputs/asbestos_pc450BP0006_synt1_jpg.rf.22a9782ef71ab88328039b1de9ae287a.json,
asbestos_pc450BP0006_synt1_jpg.rf.7d08fb4e384059ca67706501c1cc7780.jpg,asbestos,no_damage,damage,not_damage,raw_outputs/asbestos_pc450BP0006_synt1_jpg.rf.7d08fb4e384059ca67706501c1cc7780.json,
asbestos_pc450BP0006_synt2_jpg.rf.254202f2c3c9b36e5c8ec275767d0344.jpg,asbestos,no_damage,damage,not_damage,raw_outputs/asbestos_pc450BP0006_synt2_jpg.rf.254202f2c3c9b36e5c8ec275767d0344.json,
asbestos_pc450BP0006_synt2_jpg.rf.34e826c23968e2bb258d9f520011a806.jpg,asbestos,no_damage,damage,not_damage,raw_outputs/asbestos_pc450BP0006_synt2_jpg.rf.34e826c23968e2bb258d9f520011a806.json,
asbestos_pc450BP0006_synt2_jpg.rf.eed061a57d2c6f6d390cf7f141cb1eed.jpg,asbestos,no_damage,damage,not_damage,raw_outputs/asbestos_pc450BP0006_synt2_jpg.rf.eed061a57d2c6f6d390cf7f141cb1eed.json,
asbestos_pc450BP0011synt1_jpg.rf.568d456639c2ab61a3e2b2e07aadc12b.jpg,asbestos,no_damage,damage,not_damage,raw_outputs/asbestos_pc450BP0011synt1_jpg.rf.568d456639c2ab61a3e2b2e07aadc12b.json,
asbestos_pc450BP0011synt1_jpg.rf.a4369ffe56ff7d0a5a77efb964b0bc9e.jpg,asbestos,no_damage,damage,not_damage,raw_outputs/asbestos_pc450BP0011synt1_jpg.rf.a4369ffe56ff7d0a5a77efb964b0bc9e.json,
asbestos_pc450BP0011synt2_jpg.rf.6e04f23a178ba51050321351df4a1209.jpg,asbestos,no_damage,damage,not_damage,raw_outputs/asbestos_pc450BP0011synt2_jpg.rf.6e04f23a178ba51050321351df4a1209.json,
asbestos_pc450BP0011synt2_jpg.rf.c8236f22b93d72f782ade660e57fad13.jpg,asbestos,no_damage,damage,not_damage,raw_outputs/asbestos_pc450BP0011synt2_jpg.rf.c8236f22b93d72f782ade660e57fad13.json,
asbestos_pc450BP0011synt_jpg.rf.36111cfb156047c36858f0a2d03ac370.jpg,asbestos,no_damage,damage,not_damage,raw_outputs/asbestos_pc450BP0011synt_jpg.rf.36111cfb156047c36858f0a2d03ac370.json,
asbestos_pc450BP0011synt_jpg.rf.7aa2d2aedb22333bf16300f10c5ba424.jpg,asbestos,no_damage,damage,not_damage,raw_outputs/asbestos_pc450BP0011synt_jpg.rf.7aa2d2aedb22333bf16300f10c5ba424.json,
asbestos_pc450BP0011synt_jpg.rf.82097e64af1750baa09de2e2a85393e2.jpg,asbestos,no_damage,damage,not_damage,raw_outputs/asbestos_pc450BP0011synt_jpg.rf.82097e64af1750baa09de2e2a85393e2.json,
asbestos_pc450BP0027synt2_jpg.rf.30ca56e18591523711eff3ae9083c0e3.jpg,asbestos,no_damage,damage,not_damage,raw_outputs/asbestos_pc450BP0027synt2_jpg.rf.30ca56e18591523711eff3ae9083c0e3.json,
asbestos_pc450BP0027synt2_jpg.rf.901a9b9873dca44103b5d474829e29de.jpg,asbestos,no_damage,damage,not_damage,raw_outputs/asbestos_pc450BP0027synt2_jpg.rf.901a9b9873dca44103b5d474829e29de.json,
asbestos_pc450BP0027synt_jpg.rf.1633bf7cb137153e31cca57f7c5e8c46.jpg,asbestos,no_damage,damage,not_damage,raw_outputs/asbestos_pc450BP0027synt_jpg.rf.1633bf7cb137153e31cca57f7c5e8c46.json,
asbestos_pc450BP0030synt1_jpg.rf.79ebefcaaad6f359e241ab32abeadd35.jpg,asbestos,no_damage,damage,not_damage,raw_outputs/asbestos_pc450BP0030synt1_jpg.rf.79ebefcaaad6f359e241ab32abeadd35.json,
asbestos_pc450BP0030synt1_jpg.rf.ec4f5d87c889c0625cb12f49b24db973.jpg,asbestos,no_damage,damage,not_damage,raw_outputs/asbestos_pc450BP0030synt1_jpg.rf.ec4f5d87c889c0625cb12f49b24db973.json,
asbestos_pc450BP0030synt2_jpg.rf.035ceaa2c55ccbe98b161711fefb17d7.jpg,asbestos,no_damage,damage,not_damage,raw_outputs/asbestos_pc450BP0030synt2_jpg.rf.035ceaa2c55ccbe98b161711fefb17d7.json,
asbestos_pc450BP0030synt2_jpg.rf.ebb00ab1be981e28ce201e105c358452.jpg,asbestos,no_damage,damage,not_damage,raw_outputs/asbestos_pc450BP0030synt2_jpg.rf.ebb00ab1be981e28ce201e105c358452.json,
asbestos_pc450BP0030synt2_jpg.rf.fd65ed85db4bc7df53131187df20efa2.jpg,asbestos,no_damage,damage,not_damage,raw_outputs/asbestos_pc450BP0030synt2_jpg.rf.fd65ed85db4bc7df53131187df20efa2.json,
asbestos_pc450BP0030synt_jpg.rf.2ede67ffcc85e7ab54e1a4c83d6c0066.jpg,asbestos,no_damage,damage,not_damage,raw_outputs/asbestos_pc450BP0030synt_jpg.rf.2ede67ffcc85e7ab54e1a4c83d6c0066.json,
asbestos_pc450BP0030synt_jpg.rf.601b50742fb8b645d06b00a5e91685f1.jpg,asbestos,no_damage,damage,not_damage,raw_outputs/asbestos_pc450BP0030synt_jpg.rf.601b50742fb8b645d06b00a5e91685f1.json,
asbestos_pc450BP0030synt_jpg.rf.ab8ee52c9330a5d12e65ee35cec8d3a2.jpg,asbestos,no_damage,damage,not_damage,raw_outputs/asbestos_pc450BP0030synt_jpg.rf.ab8ee52c9330a5d12e65ee35cec8d3a2.json,
asbestos_pc450BP0030synt_jpg.rf.c1cee4ee4514b94de71496219d0fdacf.jpg,asbestos,no_damage,damage,not_damage,raw_outputs/asbestos_pc450BP0030synt_jpg.rf.c1cee4ee4514b94de71496219d0fdacf.json,
asbestos_pc450BP0040_synt1_jpg.rf.15e98b908400a2954e2759f5b882164c.jpg,asbestos,no_damage,damage,not_damage,raw_outputs/asbestos_pc450BP0040_synt1_jpg.rf.15e98b908400a2954e2759f5b882164c.json,
asbestos_pc450BP0040_synt1_jpg.rf.2d0617c75f0017200cd80deabc979215.jpg,asbestos,no_damage,damage,not_damage,raw_outputs/asbestos_pc450BP0040_synt1_jpg.rf.2d0617c75f0017200cd80deabc979215.json,
asbestos_pc450BP0040_synt2_jpg.rf.8176903ec276974878ccafc5969d9008.jpg,asbestos,no_damage,damage,not_damage,raw_outputs/asbestos_pc450BP0040_synt2_jpg.rf.8176903ec276974878ccafc5969d9008.json,
asbestos_pc450BP0040_synt2_jpg.rf.84b6e5929a9927070c66e59a3aba485c.jpg,asbestos,no_damage,damage,not_damage,raw_outputs/asbestos_pc450BP0040_synt2_jpg.rf.84b6e5929a9927070c66e59a3aba485c.json,
asbestos_pc450BP0040_synt_jpg.rf.93500a34ab850f27824b81fa284ebad1.jpg,asbestos,no_damage,damage,not_damage,raw_outputs/asbestos_pc450BP0040_synt_jpg.rf.93500a34ab850f27824b81fa284ebad1.json,
asbestos_pc450BP0040_synt_jpg.rf.bc6271cfd8225420da103bc4813a346c.jpg,asbestos,no_damage,damage,not_damage,raw_outputs/asbestos_pc450BP0040_synt_jpg.rf.bc6271cfd8225420da103bc4813a346c.json,
asbestos_pc450BP0049synt1_jpg.rf.5c36b1b89221de2e207e25bf1f809169.jpg,asbestos,no_damage,damage,not_damage,raw_outputs/asbestos_pc450BP0049synt1_jpg.rf.5c36b1b89221de2e207e25bf1f809169.json,
asbestos_pc450BP0049synt1_jpg.rf.b76eb6524c18e3c94d87a6a925e8c84d.jpg,asbestos,no_damage,damage,not_damage,raw_outputs/asbestos_pc450BP0049synt1_jpg.rf.b76eb6524c18e3c94d87a6a925e8c84d.json,
asbestos_pc450BP0049synt1_jpg.rf.ea5ab37b5d703fd5a19b7ac9db5490c9.jpg,asbestos,no_damage,damage,not_damage,raw_outputs/asbestos_pc450BP0049synt1_jpg.rf.ea5ab37b5d703fd5a19b7ac9db5490c9.json,
asbestos_pc450BP0049synt2_jpg.rf.9797bc947f99a84b6ae1e20d4cdc428a.jpg,asbestos,no_damage,damage,not_damage,raw_outputs/asbestos_pc450BP0049synt2_jpg.rf.9797bc947f99a84b6ae1e20d4cdc428a.json,
asbestos_pc450BP0049synt_jpg.rf.64f1002b158813d9c759a475f483bce6.jpg,asbestos,no_damage,damage,not_damage,raw_outputs/asbestos_pc450BP0049synt_jpg.rf.64f1002b158813d9c759a475f483bce6.json,
asbestos_pc450BP0049synt_jpg.rf.b8e78435204d47506491d877b1d955e4.jpg,asbestos,no_damage,damage,not_damage,raw_outputs/asbestos_pc450BP0049synt_jpg.rf.b8e78435204d47506491d877b1d955e4.json,
asbestos_pc450BP0055_synt1_jpg.rf.0fdc9ba7254f7b96ae1a51e7aafa6df0.jpg,asbestos,no_damage,damage,not_damage,raw_outputs/asbestos_pc450BP0055_synt1_jpg.rf.0fdc9ba7254f7b96ae1a51e7aafa6df0.json,
asbestos_pc450BP0055_synt1_jpg.rf.836ed632e1462932d24c62a14f522a87.jpg,asbestos,no_damage,damage,not_damage,raw_outputs/asbestos_pc450BP0055_synt1_jpg.rf.836ed632e1462932d24c62a14f522a87.json,
asbestos_pc450BP0055_synt2_jpg.rf.0df1385bb7fee1be3d45fa3db1191ee3.jpg,asbestos,no_damage,damage,not_damage,raw_outputs/asbestos_pc450BP0055_synt2_jpg.rf.0df1385bb7fee1be3d45fa3db1191ee3.json,
asbestos_pc450BP0055_synt2_jpg.rf.20bb89877041764a2749cc0ab21ca68e.jpg,asbestos,no_damage,damage,not_damage,raw_outputs/asbestos_pc450BP0055_synt2_jpg.rf.20bb89877041764a2749cc0ab21ca68e.json,
asbestos_pc450BP0055_synt2_jpg.rf.84ac6022ce0e7cb67433c34ca3a35e98.jpg,asbestos,no_damage,damage,not_damage,raw_outputs/asbestos_pc450BP0055_synt2_jpg.rf.84ac6022ce0e7cb67433c34ca3a35e98.json,
asbestos_pc450BP0055_synt3_jpg.rf.8aa0a2450000ec3d201c38191ec4799a.jpg,asbestos,no_damage,damage,not_damage,raw_outputs/asbestos_pc450BP0055_synt3_jpg.rf.8aa0a2450000ec3d201c38191ec4799a.json,
asbestos_pc450BP0055_synt_jpg.rf.685d19c361b0732c4b552125599c938b.jpg,asbestos,no_damage,damage,not_damage,raw_outputs/asbestos_pc450BP0055_synt_jpg.rf.685d19c361b0732c4b552125599c938b.json,
asbestos_pc450BP0055_synt_jpg.rf.74370b596a389adce2445b8b47e7dcf1.jpg,asbestos,no_damage,damage,not_damage,raw_outputs/asbestos_pc450BP0055_synt_jpg.rf.74370b596a389adce2445b8b47e7dcf1.json,
asbestos_pc450BP0055_synt_jpg.rf.e2cbb0bb0dab0d572025a8b8e178ea0b.jpg,asbestos,no_damage,damage,not_damage,raw_outputs/asbestos_pc450BP0055_synt_jpg.rf.e2cbb0bb0dab0d572025a8b8e178ea0b.json,
asbestos_pc450BP0058-synt2_jpg.rf.bf027700f41fe8e0416f148405d5dfd5.jpg,asbestos,no_damage,damage,not_damage,raw_outputs/asbestos_pc450BP0058-synt2_jpg.rf.bf027700f41fe8e0416f148405d5dfd5.json,
asbestos_pc450BP0058-synt2_jpg.rf.d09291fc1fa3ff1c8f3d2f4a6afb2624.jpg,asbestos,no_damage,damage,not_damage,raw_outputs/asbestos_pc450BP0058-synt2_jpg.rf.d09291fc1fa3ff1c8f3d2f4a6afb2624.json,
asbestos_pc450BP0058-synt_jpg.rf.91129a73bf9825b5c1e10511b09cae6f.jpg,asbestos,no_damage,damage,not_damage,raw_outputs/asbestos_pc450BP0058-synt_jpg.rf.91129a73bf9825b5c1e10511b09cae6f.json,
asbestos_pc450newF-041_jpg.rf.e5ccca7a96c56d1390ef7d4bede18fe5.jpg,asbestos,no_damage,damage,not_damage,raw_outputs/asbestos_pc450newF-041_jpg.rf.e5ccca7a96c56d1390ef7d4bede18fe5.json,
asbestos_pc450newF-042_jpg.rf.601d9f0d35de1d632a5d657a3bafa086.jpg,asbestos,no_damage,damage,not_damage,raw_outputs/asbestos_pc450newF-042_jpg.rf.601d9f0d35de1d632a5d657a3bafa086.json,
asbestos_pc450newF-042_jpg.rf.ce1eda557f3ba431bf7910f7317028b3.jpg,asbestos,no_damage,damage,not_damage,raw_outputs/asbestos_pc450newF-042_jpg.rf.ce1eda557f3ba431bf7910f7317028b3.json,
asbestos_pc450newF-043_jpg.rf.29cbfde5ba2c1f5dffb0676408943f9a.jpg,asbestos,no_damage,damage,not_damage,raw_outputs/asbestos_pc450newF-043_jpg.rf.29cbfde5ba2c1f5dffb0676408943f9a.json,
asbestos_pc450newF-043_jpg.rf.2d4ca6e7e5c70cf9c5e58f8a71eeb2bd.jpg,asbestos,no_damage,damage,not_damage,raw_outputs/asbestos_pc450newF-043_jpg.rf.2d4ca6e7e5c70cf9c5e58f8a71eeb2bd.json,
asbestos_pc450newF-043_jpg.rf.6d6e048bc4fb489ab9302b298e17f601.jpg,asbestos,no_damage,damage,not_damage,raw_outputs/asbestos_pc450newF-043_jpg.rf.6d6e048bc4fb489ab9302b298e17f601.json,
asbestos_pc450newF-043_jpg.rf.ed13f2fc1a2e213174d92c59c3840ef6.jpg,asbestos,no_damage,damage,not_damage,raw_outputs/asbestos_pc450newF-043_jpg.rf.ed13f2fc1a2e213174d92c59c3840ef6.json,
asbestos_pc450newF-044_jpg.rf.094209508db9d2444d187f6b456c7410.jpg,asbestos,no_damage,damage,not_damage,raw_outputs/asbestos_pc450newF-044_jpg.rf.094209508db9d2444d187f6b456c7410.json,
asbestos_pc450newF-044_jpg.rf.3bd246a60c5cd8fd5dcc5665373c7efb.jpg,asbestos,no_damage,damage,not_damage,raw_outputs/asbestos_pc450newF-044_jpg.rf.3bd246a60c5cd8fd5dcc5665373c7efb.json,
asbestos_pc450newF-045_jpg.rf.72b2ff60c5ba4a91ca901f217f39ad28.jpg,asbestos,no_damage,damage,not_damage,raw_outputs/asbestos_pc450newF-045_jpg.rf.72b2ff60c5ba4a91ca901f217f39ad28.json,
asbestos_pc450newF-047_jpg.rf.16c9ce0552ca2101d0de961d6d62f566.jpg,asbestos,no_damage,damage,not_damage,raw_outputs/asbestos_pc450newF-047_jpg.rf.16c9ce0552ca2101d0de961d6d62f566.json,
asbestos_pc450newF-047_jpg.rf.548555a1848128269929aa3e9ba7a8b4.jpg,no_damage,no_damage,not_damage,not_damage,raw_outputs/asbestos_pc450newF-047_jpg.rf.548555a1848128269929aa3e9ba7a8b4.json,
asbestos_pc450newF-050_jpg.rf.d236cb023215f081ffe308fd6f1c0054.jpg,asbestos,no_damage,damage,not_damage,raw_outputs/asbestos_pc450newF-050_jpg.rf.d236cb023215f081ffe308fd6f1c0054.json,
asbestos_pc450newF-051_jpg.rf.38c9b8a48d2085154347dc441684b480.jpg,asbestos,no_damage,damage,not_damage,raw_outputs/asbestos_pc450newF-051_jpg.rf.38c9b8a48d2085154347dc441684b480.json,
asbestos_pc450newF-051_jpg.rf.a87b202faab8fabb1a42be16ebe21d9c.jpg,asbestos,no_damage,damage,not_damage,raw_outputs/asbestos_pc450newF-051_jpg.rf.a87b202faab8fabb1a42be16ebe21d9c.json,
asbestos_pc450newF-054_jpg.rf.5b915cc3c1b7aaa022abe61fd88b2292.jpg,asbestos,no_damage,damage,not_damage,raw_outputs/asbestos_pc450newF-054_jpg.rf.5b915cc3c1b7aaa022abe61fd88b2292.json,
asbestos_pc450newF-054_jpg.rf.844c51aac105d04b53c96743c004c4e3.jpg,asbestos,no_damage,damage,not_damage,raw_outputs/asbestos_pc450newF-054_jpg.rf.844c51aac105d04b53c96743c004c4e3.json,
asbestos_pc450newF-054_jpg.rf.d3d6af1a45296a8979fc5606c0665ebe.jpg,asbestos,no_damage,damage,not_damage,raw_outputs/asbestos_pc450newF-054_jpg.rf.d3d6af1a45296a8979fc5606c0665ebe.json,
asbestos_pc450newF-054_jpg.rf.d88561b0b0ec51ee78b0af5685aaef1a.jpg,asbestos,no_damage,damage,not_damage,raw_outputs/asbestos_pc450newF-054_jpg.rf.d88561b0b0ec51ee78b0af5685aaef1a.json,
asbestos_pc450newF-055_jpg.rf.33726caaa861b8616caca50e733984b2.jpg,asbestos,no_damage,damage,not_damage,raw_outputs/asbestos_pc450newF-055_jpg.rf.33726caaa861b8616caca50e733984b2.json,
asbestos_pc450newF-056_jpg.rf.a226c4e38e03cf1be4634fcab202bb3f.jpg,asbestos,no_damage,damage,not_damage,raw_outputs/asbestos_pc450newF-056_jpg.rf.a226c4e38e03cf1be4634fcab202bb3f.json,
asbestos_pc450newF-056_jpg.rf.e87ac995b75ed9c00c9ff8e5e3226fcc.jpg,asbestos,no_damage,damage,not_damage,raw_outputs/asbestos_pc450newF-056_jpg.rf.e87ac995b75ed9c00c9ff8e5e3226fcc.json,
asbestos_pc450newF-057_jpg.rf.750f7cb94eb7118982616c829e57860f.jpg,asbestos,no_damage,damage,not_damage,raw_outputs/asbestos_pc450newF-057_jpg.rf.750f7cb94eb7118982616c829e57860f.json,
asbestos_pc450newF-058_jpg.rf.13b753163d106d744cc376421673231c.jpg,asbestos,no_damage,damage,not_damage,raw_outputs/asbestos_pc450newF-058_jpg.rf.13b753163d106d744cc376421673231c.json,
asbestos_pc450newF-058_jpg.rf.43f330ba9ce7eb13b2802356ea68be61.jpg,asbestos,no_damage,damage,not_damage,raw_outputs/asbestos_pc450newF-058_jpg.rf.43f330ba9ce7eb13b2802356ea68be61.json,
asbestos_pc450newF-059_jpg.rf.4c4efc33e86fdc6cc13199aa2a5e0adf.jpg,asbestos,no_damage,damage,not_damage,raw_outputs/asbestos_pc450newF-059_jpg.rf.4c4efc33e86fdc6cc13199aa2a5e0adf.json,
asbestos_pc450newF-059_jpg.rf.7106897ea77196e99fd0da55c60295a3.jpg,asbestos,no_damage,damage,not_damage,raw_outputs/asbestos_pc450newF-059_jpg.rf.7106897ea77196e99fd0da55c60295a3.json,
asbestos_pc450newF-059_jpg.rf.7d07f5083167e97a16ac39b7dafad252.jpg,asbestos,no_damage,damage,not_damage,raw_outputs/asbestos_pc450newF-059_jpg.rf.7d07f5083167e97a16ac39b7dafad252.json,
asbestos_pc450newF-059_jpg.rf.a9760281e3db599202a6c419af19c01a.jpg,asbestos,no_damage,damage,not_damage,raw_outputs/asbestos_pc450newF-059_jpg.rf.a9760281e3db599202a6c419af19c01a.json,
asbestos_pc450newF-060_jpg.rf.241853bdc0933824f3a52e0516050e92.jpg,asbestos,no_damage,damage,not_damage,raw_outputs/asbestos_pc450newF-060_jpg.rf.241853bdc0933824f3a52e0516050e92.json,
asbestos_pc450newF-061_jpg.rf.a3ac7ddfe5eb5b2d95c945cd7fc66969.jpg,asbestos,no_damage,damage,not_damage,raw_outputs/asbestos_pc450newF-061_jpg.rf.a3ac7ddfe5eb5b2d95c945cd7fc66969.json,
asbestos_pc450newF-061_jpg.rf.fee6a4f144272d26abced5b1dcb1e993.jpg,asbestos,no_damage,damage,not_damage,raw_outputs/asbestos_pc450newF-061_jpg.rf.fee6a4f144272d26abced5b1dcb1e993.json,
asbestos_pc450newF-062_jpg.rf.9b8eeb968245aca574c180beb7d91db6.jpg,asbestos,no_damage,damage,not_damage,raw_outputs/asbestos_pc450newF-062_jpg.rf.9b8eeb968245aca574c180beb7d91db6.json,
asbestos_pc450newF-063_jpg.rf.170aca6af94de8fcba7a3937040f0f84.jpg,asbestos,no_damage,damage,not_damage,raw_outputs/asbestos_pc450newF-063_jpg.rf.170aca6af94de8fcba7a3937040f0f84.json,
asbestos_pc450newF-063_jpg.rf.38e9659c39c4990ac597951fcc0362d9.jpg,asbestos,no_damage,damage,not_damage,raw_outputs/asbestos_pc450newF-063_jpg.rf.38e9659c39c4990ac597951fcc0362d9.json,
asbestos_pc450newF-064_jpg.rf.2a47f02e2b49fc84c12b6ac92666517b.jpg,asbestos,no_damage,damage,not_damage,raw_outputs/asbestos_pc450newF-064_jpg.rf.2a47f02e2b49fc84c12b6ac92666517b.json,
asbestos_pc450newF-066_jpg.rf.8e41ba51af3fc04cd09eb3730a83179a.jpg,asbestos,no_damage,damage,not_damage,raw_outputs/asbestos_pc450newF-066_jpg.rf.8e41ba51af3fc04cd09eb3730a83179a.json,
asbestos_pc450newF-066_jpg.rf.95f15dd13ce5bea84172d4030d27db18.jpg,asbestos,no_damage,damage,not_damage,raw_outputs/asbestos_pc450newF-066_jpg.rf.95f15dd13ce5bea84172d4030d27db18.json,
asbestos_pc450newF-066_jpg.rf.e2e7c1214951dd0d5cc612cda416e8f0.jpg,asbestos,no_damage,damage,not_damage,raw_outputs/asbestos_pc450newF-066_jpg.rf.e2e7c1214951dd0d5cc612cda416e8f0.json,
asbestos_pc450newF-066_jpg.rf.ede880a1c55fdd7c363ef93b020255a5.jpg,asbestos,no_damage,damage,not_damage,raw_outputs/asbestos_pc450newF-066_jpg.rf.ede880a1c55fdd7c363ef93b020255a5.json,
asbestos_pc450newF-067_jpg.rf.64bdc298c9141c398fbd2c884f052118.jpg,asbestos,no_damage,damage,not_damage,raw_outputs/asbestos_pc450newF-067_jpg.rf.64bdc298c9141c398fbd2c884f052118.json,
asbestos_pc450newF-067_jpg.rf.816c2e233b63d1802c360f86b37ab066.jpg,asbestos,no_damage,damage,not_damage,raw_outputs/asbestos_pc450newF-067_jpg.rf.816c2e233b63d1802c360f86b37ab066.json,
asbestos_pc450newF-068_jpg.rf.206ce078473d704cea94c315ddef9619.jpg,asbestos,no_damage,damage,not_damage,raw_outputs/asbestos_pc450newF-068_jpg.rf.206ce078473d704cea94c315ddef9619.json,
asbestos_pc450newF-069_jpg.rf.0819ad7f2f80404c2c8f5a85add41007.jpg,asbestos,no_damage,damage,not_damage,raw_outputs/asbestos_pc450newF-069_jpg.rf.0819ad7f2f80404c2c8f5a85add41007.json,
asbestos_pc450newF-069_jpg.rf.b710f0041ac2b107e80a09c6b5b3b09e.jpg,asbestos,no_damage,damage,not_damage,raw_outputs/asbestos_pc450newF-069_jpg.rf.b710f0041ac2b107e80a09c6b5b3b09e.json,
asbestos_pc450newF-072_jpg.rf.767030750151ce8b9a2b4ff6325ea478.jpg,asbestos,no_damage,damage,not_damage,raw_outputs/asbestos_pc450newF-072_jpg.rf.767030750151ce8b9a2b4ff6325ea478.json,
asbestos_pc450newF-073_jpg.rf.1cab8c05ca8fed2ee016e3fde6b307db.jpg,asbestos,no_damage,damage,not_damage,raw_outputs/asbestos_pc450newF-073_jpg.rf.1cab8c05ca8fed2ee016e3fde6b307db.json,
asbestos_pc450newF-073_jpg.rf.2389f02d49f693e347f802caf454735f.jpg,asbestos,no_damage,damage,not_damage,raw_outputs/asbestos_pc450newF-073_jpg.rf.2389f02d49f693e347f802caf454735f.json,
asbestos_pc450newF-074_jpg.rf.2c11244b78c35999ba3ab3c7c43bd999.jpg,asbestos,no_damage,damage,not_damage,raw_outputs/asbestos_pc450newF-074_jpg.rf.2c11244b78c35999ba3ab3c7c43bd999.json,
asbestos_pc450newF-075_jpg.rf.b7d9145404ffa3d24875485819487695.jpg,asbestos,no_damage,damage,not_damage,raw_outputs/asbestos_pc450newF-075_jpg.rf.b7d9145404ffa3d24875485819487695.json,
asbestos_pc450newF-076_jpg.rf.cebc652bd5a2466ad9c4d2fb578f36ab.jpg,asbestos,no_damage,damage,not_damage,raw_outputs/asbestos_pc450newF-076_jpg.rf.cebc652bd5a2466ad9c4d2fb578f36ab.json,
asbestos_pc450newF-077_jpg.rf.d787556b22551598fd5530abf537147e.jpg,asbestos,no_damage,damage,not_damage,raw_outputs/asbestos_pc450newF-077_jpg.rf.d787556b22551598fd5530abf537147e.json,
asbestos_pc450newF-078_jpg.rf.32257920c3969041932fce1906a31975.jpg,asbestos,no_damage,damage,not_damage,raw_outputs/asbestos_pc450newF-078_jpg.rf.32257920c3969041932fce1906a31975.json,
asbestos_pc450newF-080_jpg.rf.6fc6051e25405e8930c89ad58938fa7c.jpg,asbestos,no_damage,damage,not_damage,raw_outputs/asbestos_pc450newF-080_jpg.rf.6fc6051e25405e8930c89ad58938fa7c.json,
asbestos_pc450newF-080_jpg.rf.749b5e53205edf9d626c8b7ffd155c21.jpg,asbestos,no_damage,damage,not_damage,raw_outputs/asbestos_pc450newF-080_jpg.rf.749b5e53205edf9d626c8b7ffd155c21.json,
asbestos_pc450newF-082_jpg.rf.1c2eeca5d85be6dea63558f04b72751e.jpg,asbestos,no_damage,damage,not_damage,raw_outputs/asbestos_pc450newF-082_jpg.rf.1c2eeca5d85be6dea63558f04b72751e.json,
asbestos_pc450newF-083_jpg.rf.8c4d14aba1c23b76998248d93bde51c8.jpg,asbestos,no_damage,damage,not_damage,raw_outputs/asbestos_pc450newF-083_jpg.rf.8c4d14aba1c23b76998248d93bde51c8.json,
asbestos_pc450newF-083_jpg.rf.a16ce8c2d0098a887e0274593e339317.jpg,asbestos,no_damage,damage,not_damage,raw_outputs/asbestos_pc450newF-083_jpg.rf.a16ce8c2d0098a887e0274593e339317.json,
asbestos_pc450newF-084_jpg.rf.0837a6bf2e537a4916cd8964fea411f1.jpg,asbestos,no_damage,damage,not_damage,raw_outputs/asbestos_pc450newF-084_jpg.rf.0837a6bf2e537a4916cd8964fea411f1.json,
asbestos_pc450newF-085_jpg.rf.1cbf60f719e5aa68e591cc9955e8d9eb.jpg,asbestos,no_damage,damage,not_damage,raw_outputs/asbestos_pc450newF-085_jpg.rf.1cbf60f719e5aa68e591cc9955e8d9eb.json,
asbestos_pc450newF-087_jpg.rf.959ed32502b918bcd2b240c338a11031.jpg,no_damage,no_damage,not_damage,not_damage,raw_outputs/asbestos_pc450newF-087_jpg.rf.959ed32502b918bcd2b240c338a11031.json,
asbestos_pc450newF-087_jpg.rf.dc1088a236200ec49ac016b224d2491e.jpg,asbestos,no_damage,damage,not_damage,raw_outputs/asbestos_pc450newF-087_jpg.rf.dc1088a236200ec49ac016b224d2491e.json,
asbestos_pc450newF-088_jpg.rf.ef1b85d1ac0be16dcf20fa4c952b24c1.jpg,asbestos,no_damage,damage,not_damage,raw_outputs/asbestos_pc450newF-088_jpg.rf.ef1b85d1ac0be16dcf20fa4c952b24c1.json,
asbestos_pc450newF-089_jpg.rf.800a5a3b8fffdacfa1a784b8d9525f6e.jpg,asbestos,no_damage,damage,not_damage,raw_outputs/asbestos_pc450newF-089_jpg.rf.800a5a3b8fffdacfa1a784b8d9525f6e.json,
asbestos_pc450newF-089_jpg.rf.84dfc5488bc63a06a6360cc7d3b6509f.jpg,asbestos,no_damage,damage,not_damage,raw_outputs/asbestos_pc450newF-089_jpg.rf.84dfc5488bc63a06a6360cc7d3b6509f.json,
asbestos_pc450newF-089_jpg.rf.e406d25716aa0d2236f4f8ede9bcfa31.jpg,asbestos,no_damage,damage,not_damage,raw_outputs/asbestos_pc450newF-089_jpg.rf.e406d25716aa0d2236f4f8ede9bcfa31.json,
asbestos_pc450newF-090_jpg.rf.862c9594853c67107743883af3f1c048.jpg,asbestos,no_damage,damage,not_damage,raw_outputs/asbestos_pc450newF-090_jpg.rf.862c9594853c67107743883af3f1c048.json,
asbestos_pc450newF-091_jpg.rf.86deb9733be398780ebeb5074c5f3c9f.jpg,asbestos,no_damage,damage,not_damage,raw_outputs/asbestos_pc450newF-091_jpg.rf.86deb9733be398780ebeb5074c5f3c9f.json,
asbestos_pc450newF-092_jpg.rf.163f9a6067796b5f6ddaf62067d8f11f.jpg,asbestos,no_damage,damage,not_damage,raw_outputs/asbestos_pc450newF-092_jpg.rf.163f9a6067796b5f6ddaf62067d8f11f.json,
asbestos_pc450newF-092_jpg.rf.27312994640363f3f70e5d410c8239b7.jpg,asbestos,no_damage,damage,not_damage,raw_outputs/asbestos_pc450newF-092_jpg.rf.27312994640363f3f70e5d410c8239b7.json,
asbestos_pc450newF-093_jpg.rf.8d7eea0b9c3adb196681dff797e56ab1.jpg,asbestos,no_damage,damage,not_damage,raw_outputs/asbestos_pc450newF-093_jpg.rf.8d7eea0b9c3adb196681dff797e56ab1.json,
asbestos_pc450newF-094_jpg.rf.3ddbfa4e9758815c10bc814f80da17fc.jpg,asbestos,no_damage,damage,not_damage,raw_outputs/asbestos_pc450newF-094_jpg.rf.3ddbfa4e9758815c10bc814f80da17fc.json,
asbestos_pc450newF-094_jpg.rf.47943ccd1c95e21a865cd112bdb97268.jpg,asbestos,no_damage,damage,not_damage,raw_outputs/asbestos_pc450newF-094_jpg.rf.47943ccd1c95e21a865cd112bdb97268.json,
asbestos_pc450newF-094_jpg.rf.655cb57448716fc9fe082a39ffa72523.jpg,asbestos,no_damage,damage,not_damage,raw_outputs/asbestos_pc450newF-094_jpg.rf.655cb57448716fc9fe082a39ffa72523.json,
asbestos_pc450newF-095_jpg.rf.1da8c50fc4e189a5256e0d42941bc264.jpg,asbestos,no_damage,damage,not_damage,raw_outputs/asbestos_pc450newF-095_jpg.rf.1da8c50fc4e189a5256e0d42941bc264.json,
asbestos_pc450newF-097_jpg.rf.a69156c585226cf635724cf7ccfd5b92.jpg,asbestos,no_damage,damage,not_damage,raw_outputs/asbestos_pc450newF-097_jpg.rf.a69156c585226cf635724cf7ccfd5b92.json,
asbestos_pc450newF-098_jpg.rf.11ea4281fdee2b09c9e256da60f9b6c2.jpg,asbestos,no_damage,damage,not_damage,raw_outputs/asbestos_pc450newF-098_jpg.rf.11ea4281fdee2b09c9e256da60f9b6c2.json,
asbestos_pc450newF-098_jpg.rf.7b8c96c949de4fe61bc40d3196b60f77.jpg,asbestos,no_damage,damage,not_damage,raw_outputs/asbestos_pc450newF-098_jpg.rf.7b8c96c949de4fe61bc40d3196b60f77.json,
asbestos_pc450newF-102_jpg.rf.9a73062c0e3d43887bdce4adde28cbf6.jpg,asbestos,no_damage,damage,not_damage,raw_outputs/asbestos_pc450newF-102_jpg.rf.9a73062c0e3d43887bdce4adde28cbf6.json,
asbestos_pc450newF-103_jpg.rf.2c9e1892176fb09353058bd9c1124062.jpg,asbestos,no_damage,damage,not_damage,raw_outputs/asbestos_pc450newF-103_jpg.rf.2c9e1892176fb09353058bd9c1124062.json,
asbestos_pc450newF-103_jpg.rf.47cef06992e0f28246ca78341e686301.jpg,asbestos,no_damage,damage,not_damage,raw_outputs/asbestos_pc450newF-103_jpg.rf.47cef06992e0f28246ca78341e686301.json,
asbestos_pc450newF-103_jpg.rf.8f80de938b2e5470ff63e78c159553c3.jpg,asbestos,no_damage,damage,not_damage,raw_outputs/asbestos_pc450newF-103_jpg.rf.8f80de938b2e5470ff63e78c159553c3.json,
asbestos_pc450newF-104_jpg.rf.3a2813654d719a91003b73123a724e9a.jpg,asbestos,no_damage,damage,not_damage,raw_outputs/asbestos_pc450newF-104_jpg.rf.3a2813654d719a91003b73123a724e9a.json,
asbestos_pc450newF-105_jpg.rf.a66ae1f12407fdf852b07bf26d6bb376.jpg,asbestos,no_damage,damage,not_damage,raw_outputs/asbestos_pc450newF-105_jpg.rf.a66ae1f12407fdf852b07bf26d6bb376.json,
asbestos_pc450newF-106_jpg.rf.752630473c6a4ca999ffaa28abd1f295.jpg,asbestos,no_damage,damage,not_damage,raw_outputs/asbestos_pc450newF-106_jpg.rf.752630473c6a4ca999ffaa28abd1f295.json,
asbestos_pc450newF-112_jpg.rf.09171b6b9e1d024a589d314eb07113e6.jpg,asbestos,no_damage,damage,not_damage,raw_outputs/asbestos_pc450newF-112_jpg.rf.09171b6b9e1d024a589d314eb07113e6.json,
asbestos_pc450newF-112_jpg.rf.7b47e5b2927cc70bc86320d912e044c8.jpg,asbestos,no_damage,damage,not_damage,raw_outputs/asbestos_pc450newF-112_jpg.rf.7b47e5b2927cc70bc86320d912e044c8.json,
asbestos_pc450newF-112_jpg.rf.d35bfb18e13c8b87a6ec8167a786f780.jpg,asbestos,no_damage,damage,not_damage,raw_outputs/asbestos_pc450newF-112_jpg.rf.d35bfb18e13c8b87a6ec8167a786f780.json,
asbestos_pc450newF-112_jpg.rf.daa4cf80ace1588a938f2a05f0ed49bc.jpg,asbestos,no_damage,damage,not_damage,raw_outputs/asbestos_pc450newF-112_jpg.rf.daa4cf80ace1588a938f2a05f0ed49bc.json,
asbestos_pc450newF-113_jpg.rf.f4db63b24f9982e6dd747be1293efef5.jpg,asbestos,no_damage,damage,not_damage,raw_outputs/asbestos_pc450newF-113_jpg.rf.f4db63b24f9982e6dd747be1293efef5.json,
asbestos_pc450newF-113_jpg.rf.fad8b518afa802ea08fb191c2ba77e08.jpg,asbestos,no_damage,damage,not_damage,raw_outputs/asbestos_pc450newF-113_jpg.rf.fad8b518afa802ea08fb191c2ba77e08.json,
asbestos_pc450newF-114_jpg.rf.db80bafc0d5a272e3a2ad70a9f4c9b77.jpg,asbestos,no_damage,damage,not_damage,raw_outputs/asbestos_pc450newF-114_jpg.rf.db80bafc0d5a272e3a2ad70a9f4c9b77.json,
asbestos_pc450newF-116_jpg.rf.53cbaaf90996c271a3b3a66be256bd38.jpg,asbestos,no_damage,damage,not_damage,raw_outputs/asbestos_pc450newF-116_jpg.rf.53cbaaf90996c271a3b3a66be256bd38.json,
asbestos_pc450newF-122_jpg.rf.c4f66431de1797d63bbc3272921fe81e.jpg,asbestos,no_damage,damage,not_damage,raw_outputs/asbestos_pc450newF-122_jpg.rf.c4f66431de1797d63bbc3272921fe81e.json,
asbestos_pc450newF-126_jpg.rf.dff0a9da9671f92fddc5daf0b9de0cf4.jpg,asbestos,no_damage,damage,not_damage,raw_outputs/asbestos_pc450newF-126_jpg.rf.dff0a9da9671f92fddc5daf0b9de0cf4.json,
asbestos_pc450newF-127_jpg.rf.2df00779998953f1e32301e5e2436d32.jpg,asbestos,no_damage,damage,not_damage,raw_outputs/asbestos_pc450newF-127_jpg.rf.2df00779998953f1e32301e5e2436d32.json,
asbestos_pc450newF-131_jpg.rf.199e7b8ea953f27e9b2f157bc4a0ef20.jpg,asbestos,no_damage,damage,not_damage,raw_outputs/asbestos_pc450newF-131_jpg.rf.199e7b8ea953f27e9b2f157bc4a0ef20.json,
asbestos_pc450newF-142_jpg.rf.7b39969e6e83c27abb191e7ae370913a.jpg,asbestos,no_damage,damage,not_damage,raw_outputs/asbestos_pc450newF-142_jpg.rf.7b39969e6e83c27abb191e7ae370913a.json,
asbestos_pc450newF-142_jpg.rf.c0e433467474ff545c17d220c5e4910a.jpg,asbestos,no_damage,damage,not_damage,raw_outputs/asbestos_pc450newF-142_jpg.rf.c0e433467474ff545c17d220c5e4910a.json,
asbestos_pc450newF-143_jpg.rf.491f28aa25f37f742691209e78758afd.jpg,asbestos,no_damage,damage,not_damage,raw_outputs/asbestos_pc450newF-143_jpg.rf.491f28aa25f37f742691209e78758afd.json,
asbestos_pc450newF-143_jpg.rf.9492dab1d5bda5036a058947a22eb81a.jpg,asbestos,no_damage,damage,not_damage,raw_outputs/asbestos_pc450newF-143_jpg.rf.9492dab1d5bda5036a058947a22eb81a.json,
asbestos_pc450newF-145_jpg.rf.205bc11686ec0b5a2175b861b65305db.jpg,asbestos,no_damage,damage,not_damage,raw_outputs/asbestos_pc450newF-145_jpg.rf.205bc11686ec0b5a2175b861b65305db.json,
asbestos_pc450newF-145_jpg.rf.c5c9c67100dc7c2e8cf36d263466108b.jpg,asbestos,no_damage,damage,not_damage,raw_outputs/asbestos_pc450newF-145_jpg.rf.c5c9c67100dc7c2e8cf36d263466108b.json,
asbestos_pc450newF-146_jpg.rf.1e4c5f5d7e6a6433c14b124bd669f22d.jpg,asbestos,no_damage,damage,not_damage,raw_outputs/asbestos_pc450newF-146_jpg.rf.1e4c5f5d7e6a6433c14b124bd669f22d.json,
asbestos_pc450newF-149_jpg.rf.5ec30b50224bc68894c48fb3ea2cf9e3.jpg,asbestos,no_damage,damage,not_damage,raw_outputs/asbestos_pc450newF-149_jpg.rf.5ec30b50224bc68894c48fb3ea2cf9e3.json,
asbestos_pc450newF-149_jpg.rf.a8c59ef2b720fc69df4f163bf251b01c.jpg,asbestos,no_damage,damage,not_damage,raw_outputs/asbestos_pc450newF-149_jpg.rf.a8c59ef2b720fc69df4f163bf251b01c.json,
asbestos_pc450newF-149_jpg.rf.d6d843c7f84b11232a852ca1e38ff8e3.jpg,asbestos,no_damage,damage,not_damage,raw_outputs/asbestos_pc450newF-149_jpg.rf.d6d843c7f84b11232a852ca1e38ff8e3.json,
asbestos_pc450newF-149_jpg.rf.fbc65f3c9df5c3c3fa3181621d1e17cc.jpg,no_damage,no_damage,not_damage,not_damage,raw_outputs/asbestos_pc450newF-149_jpg.rf.fbc65f3c9df5c3c3fa3181621d1e17cc.json,
asbestos_pc450newF-157_jpg.rf.2b89d4fa6900be22c543bf3c9f270a0d.jpg,asbestos,no_damage,damage,not_damage,raw_outputs/asbestos_pc450newF-157_jpg.rf.2b89d4fa6900be22c543bf3c9f270a0d.json,
asbestos_pc450newF-157_jpg.rf.7af1b03c1c44f4b46277a515fa5791fd.jpg,asbestos,no_damage,damage,not_damage,raw_outputs/asbestos_pc450newF-157_jpg.rf.7af1b03c1c44f4b46277a515fa5791fd.json,
asbestos_pc450newF-157_jpg.rf.e6de77972d2f123986e6fd6558401924.jpg,asbestos,no_damage,damage,not_damage,raw_outputs/asbestos_pc450newF-157_jpg.rf.e6de77972d2f123986e6fd6558401924.json,
asbestos_pc450newF-158_jpg.rf.0af349692ddf4b6a7c20209687489e6a.jpg,asbestos,no_damage,damage,not_damage,raw_outputs/asbestos_pc450newF-158_jpg.rf.0af349692ddf4b6a7c20209687489e6a.json,
asbestos_pc450newF-158_jpg.rf.63f33ddffccafad781751934dfbffca1.jpg,no_damage,no_damage,not_damage,not_damage,raw_outputs/asbestos_pc450newF-158_jpg.rf.63f33ddffccafad781751934dfbffca1.json,
asbestos_pc450newF-158_jpg.rf.72657d2179c01c7a6e947f4b9ee7cf77.jpg,asbestos,no_damage,damage,not_damage,raw_outputs/asbestos_pc450newF-158_jpg.rf.72657d2179c01c7a6e947f4b9ee7cf77.json,
asbestos_pc450newF-158_jpg.rf.9095839806b6acc22e1941a1b76e9c25.jpg,asbestos,no_damage,damage,not_damage,raw_outputs/asbestos_pc450newF-158_jpg.rf.9095839806b6acc22e1941a1b76e9c25.json,
asbestos_pc450newF-161_jpg.rf.c8ddb8cb68b2c0c2f2fe5a6d5661a1d3.jpg,asbestos,no_damage,damage,not_damage,raw_outputs/asbestos_pc450newF-161_jpg.rf.c8ddb8cb68b2c0c2f2fe5a6d5661a1d3.json,
asbestos_pc450newF-168_jpg.rf.6f14e2c7fb63506e9894c3ff8a16376e.jpg,asbestos,no_damage,damage,not_damage,raw_outputs/asbestos_pc450newF-168_jpg.rf.6f14e2c7fb63506e9894c3ff8a16376e.json,
asbestos_pc450newF-168_jpg.rf.801d2e3670ed5a067513c92c8c2cb817.jpg,asbestos,no_damage,damage,not_damage,raw_outputs/asbestos_pc450newF-168_jpg.rf.801d2e3670ed5a067513c92c8c2cb817.json,
asbestos_pc450newF-169_jpg.rf.1982757cbe84379b953fa0055466a25f.jpg,asbestos,no_damage,damage,not_damage,raw_outputs/asbestos_pc450newF-169_jpg.rf.1982757cbe84379b953fa0055466a25f.json,
asbestos_pc450newF-169_jpg.rf.8d863c8ecedaf9de7b6ba77b819494d0.jpg,asbestos,no_damage,damage,not_damage,raw_outputs/asbestos_pc450newF-169_jpg.rf.8d863c8ecedaf9de7b6ba77b819494d0.json,
asbestos_pc450newF-170_jpg.rf.035fc6c8790e966741c6c8f55cec9b7f.jpg,asbestos,no_damage,damage,not_damage,raw_outputs/asbestos_pc450newF-170_jpg.rf.035fc6c8790e966741c6c8f55cec9b7f.json,
asbestos_pc450newF-170_jpg.rf.adb548e739564a5036617ab5fafd4cd8.jpg,asbestos,no_damage,damage,not_damage,raw_outputs/asbestos_pc450newF-170_jpg.rf.adb548e739564a5036617ab5fafd4cd8.json,
asbestos_pc450newF-172_jpg.rf.4a8bb3819619ff99a7cac5a21ba6396b.jpg,asbestos,no_damage,damage,not_damage,raw_outputs/asbestos_pc450newF-172_jpg.rf.4a8bb3819619ff99a7cac5a21ba6396b.json,
asbestos_pc450newF-172_jpg.rf.8b5d37cf473db8277b192a83796a3b46.jpg,asbestos,no_damage,damage,not_damage,raw_outputs/asbestos_pc450newF-172_jpg.rf.8b5d37cf473db8277b192a83796a3b46.json,
asbestos_pc450newF-177_jpg.rf.674a55ea986662c5e119c31adc2630b3.jpg,asbestos,no_damage,damage,not_damage,raw_outputs/asbestos_pc450newF-177_jpg.rf.674a55ea986662c5e119c31adc2630b3.json,
asbestos_pc450newF-178_jpg.rf.12762954d6926ddb78fb2233c24241fc.jpg,asbestos,no_damage,damage,not_damage,raw_outputs/asbestos_pc450newF-178_jpg.rf.12762954d6926ddb78fb2233c24241fc.json,
asbestos_pc450newF-181_jpg.rf.21c6c2f4aede04916cefc71fcc855c8b.jpg,asbestos,no_damage,damage,not_damage,raw_outputs/asbestos_pc450newF-181_jpg.rf.21c6c2f4aede04916cefc71fcc855c8b.json,
asbestos_pc450newF-181_jpg.rf.48016b12e9328c2d110d1ba660764713.jpg,asbestos,no_damage,damage,not_damage,raw_outputs/asbestos_pc450newF-181_jpg.rf.48016b12e9328c2d110d1ba660764713.json,
asbestos_pc450newF-181_jpg.rf.5b03ae2ca14bd60cd97fd850c11ea488.jpg,asbestos,no_damage,damage,not_damage,raw_outputs/asbestos_pc450newF-181_jpg.rf.5b03ae2ca14bd60cd97fd850c11ea488.json,
asbestos_pc450newF-182_jpg.rf.16c229a3fe9e74e87b00c702c39218de.jpg,asbestos,no_damage,damage,not_damage,raw_outputs/asbestos_pc450newF-182_jpg.rf.16c229a3fe9e74e87b00c702c39218de.json,
asbestos_pc450newF-182_jpg.rf.6a624e928ccf3ce2b6ce7906338eeebe.jpg,asbestos,no_damage,damage,not_damage,raw_outputs/asbestos_pc450newF-182_jpg.rf.6a624e928ccf3ce2b6ce7906338eeebe.json,
asbestos_pc450newF-182_jpg.rf.6fac28c622b809bd6b8052b17155668a.jpg,asbestos,no_damage,damage,not_damage,raw_outputs/asbestos_pc450newF-182_jpg.rf.6fac28c622b809bd6b8052b17155668a.json,
asbestos_pc450newF-184_jpg.rf.66ed48a5b2a1dc73106bda87cde4a62a.jpg,asbestos,no_damage,damage,not_damage,raw_outputs/asbestos_pc450newF-184_jpg.rf.66ed48a5b2a1dc73106bda87cde4a62a.json,
asbestos_pc450newF-187_jpg.rf.cd7ee063074edc146cf89fb0be1981f3.jpg,asbestos,no_damage,damage,not_damage,raw_outputs/asbestos_pc450newF-187_jpg.rf.cd7ee063074edc146cf89fb0be1981f3.json,
asbestos_pc450newF-187_jpg.rf.dc650a37afac5627885efd958fba66e1.jpg,asbestos,no_damage,damage,not_damage,raw_outputs/asbestos_pc450newF-187_jpg.rf.dc650a37afac5627885efd958fba66e1.json,
asbestos_pc450newF-190_jpg.rf.0dc422fdd85fc6a01c552d51f557dbbe.jpg,asbestos,no_damage,damage,not_damage,raw_outputs/asbestos_pc450newF-190_jpg.rf.0dc422fdd85fc6a01c552d51f557dbbe.json,
asbestos_pc450newF-190_jpg.rf.7ebb8cbeb0a7f0d219324a126b2665f0.jpg,asbestos,no_damage,damage,not_damage,raw_outputs/asbestos_pc450newF-190_jpg.rf.7ebb8cbeb0a7f0d219324a126b2665f0.json,
asbestos_pc450newF-197_jpg.rf.c5b4eb552da540021c995f190149bce0.jpg,asbestos,no_damage,damage,not_damage,raw_outputs/asbestos_pc450newF-197_jpg.rf.c5b4eb552da540021c995f190149bce0.json,
asbestos_pc450newF-198_jpg.rf.9e0625f5c0799e0c66dcaa7ad1f8c448.jpg,asbestos,no_damage,damage,not_damage,raw_outputs/asbestos_pc450newF-198_jpg.rf.9e0625f5c0799e0c66dcaa7ad1f8c448.json,
asbestos_pc450newF-199_jpg.rf.3498feada01050000a87b351d3bf6d2f.jpg,asbestos,no_damage,damage,not_damage,raw_outputs/asbestos_pc450newF-199_jpg.rf.3498feada01050000a87b351d3bf6d2f.json,
asbestos_pc450newF-199_jpg.rf.38186ae8f4393b30494de76132d528b3.jpg,asbestos,no_damage,damage,not_damage,raw_outputs/asbestos_pc450newF-199_jpg.rf.38186ae8f4393b30494de76132d528b3.json,
asbestos_pc450newF-199_jpg.rf.97bc3545068af330f729a672f6c8f20a.jpg,asbestos,no_damage,damage,not_damage,raw_outputs/asbestos_pc450newF-199_jpg.rf.97bc3545068af330f729a672f6c8f20a.json,
asbestos_pc450newF-199_jpg.rf.c9d2d7820eaa75a50ee861a37700a14e.jpg,asbestos,no_damage,damage,not_damage,raw_outputs/asbestos_pc450newF-199_jpg.rf.c9d2d7820eaa75a50ee861a37700a14e.json,
asbestos_pc450newF-204_jpg.rf.48d622cd140087bb6df7cd1bfd37f949.jpg,asbestos,no_damage,damage,not_damage,raw_outputs/asbestos_pc450newF-204_jpg.rf.48d622cd140087bb6df7cd1bfd37f949.json,
asbestos_pc450newF-204_jpg.rf.6851dd7323643751ac70ed83dceee68b.jpg,asbestos,no_damage,damage,not_damage,raw_outputs/asbestos_pc450newF-204_jpg.rf.6851dd7323643751ac70ed83dceee68b.json,
asbestos_pc450newF-204_jpg.rf.bd2aa4764edd9a57f6a3b874b5ba66b0.jpg,asbestos,no_damage,damage,not_damage,raw_outputs/asbestos_pc450newF-204_jpg.rf.bd2aa4764edd9a57f6a3b874b5ba66b0.json,
asbestos_pc450newF-204_jpg.rf.cebcbe2f6ec65affcc8f06b0e50cf29c.jpg,asbestos,no_damage,damage,not_damage,raw_outputs/asbestos_pc450newF-204_jpg.rf.cebcbe2f6ec65affcc8f06b0e50cf29c.json,
asbestos_pc450newF-205_jpg.rf.045ef8528b3d5a84282093fa74ca6a67.jpg,asbestos,no_damage,damage,not_damage,raw_outputs/asbestos_pc450newF-205_jpg.rf.045ef8528b3d5a84282093fa74ca6a67.json,
asbestos_pc450newF-205_jpg.rf.57a1f240620a7601f8326757f11be3ce.jpg,asbestos,no_damage,damage,not_damage,raw_outputs/asbestos_pc450newF-205_jpg.rf.57a1f240620a7601f8326757f11be3ce.json,
asbestos_pc450newF-205_jpg.rf.7552d02a0c15be9a565f4cdfbf1b4249.jpg,asbestos,no_damage,damage,not_damage,raw_outputs/asbestos_pc450newF-205_jpg.rf.7552d02a0c15be9a565f4cdfbf1b4249.json,
asbestos_pc450newF-205_jpg.rf.a1523ed00ced0c5afd80f98929b42cac.jpg,asbestos,no_damage,damage,not_damage,raw_outputs/asbestos_pc450newF-205_jpg.rf.a1523ed00ced0c5afd80f98929b42cac.json,
asbestos_pc450newF-205_jpg.rf.a5f2660f862ede8c6401f71db6089267.jpg,asbestos,no_damage,damage,not_damage,raw_outputs/asbestos_pc450newF-205_jpg.rf.a5f2660f862ede8c6401f71db6089267.json,
asbestos_pc450newF-205_jpg.rf.b16a2b0446f2cdd5c21576c5d06befc4.jpg,asbestos,no_damage,damage,not_damage,raw_outputs/asbestos_pc450newF-205_jpg.rf.b16a2b0446f2cdd5c21576c5d06befc4.json,
asbestos_pc450newF-205_jpg.rf.e36dbf5a4ea2a05e8a9acd4a2f8c97eb.jpg,asbestos,no_damage,damage,not_damage,raw_outputs/asbestos_pc450newF-205_jpg.rf.e36dbf5a4ea2a05e8a9acd4a2f8c97eb.json,
crack_10.rf.eabd363770a56fc07783cda4bed7d276.jpg,crack,no_damage,damage,not_damage,raw_outputs/crack_10.rf.eabd363770a56fc07783cda4bed7d276.json,
crack_1212.rf.f430748755bef3588eaf9a0ec58b6c69.jpg,crack,no_damage,damage,not_damage,raw_outputs/crack_1212.rf.f430748755bef3588eaf9a0ec58b6c69.json,
crack_1267.rf.6929d8470f249513270d20d5c0ecd45c.jpg,crack,no_damage,damage,not_damage,raw_outputs/crack_1267.rf.6929d8470f249513270d20d5c0ecd45c.json,
crack_1267.rf.f787e3b639b9397cf990bf4dabaeb19a.jpg,crack,no_damage,damage,not_damage,raw_outputs/crack_1267.rf.f787e3b639b9397cf990bf4dabaeb19a.json,
crack_1325.rf.864b82f691696b95cf2ceb8acc59a95f.jpg,crack,no_damage,damage,not_damage,raw_outputs/crack_1325.rf.864b82f691696b95cf2ceb8acc59a95f.json,
crack_1368.rf.fe5279285a99822ea95b759b2910a5c9.jpg,crack,no_damage,damage,not_damage,raw_outputs/crack_1368.rf.fe5279285a99822ea95b759b2910a5c9.json,
crack_1385.rf.efadb018990f9ce5518dddc6216de458.jpg,crack,no_damage,damage,not_damage,raw_outputs/crack_1385.rf.efadb018990f9ce5518dddc6216de458.json,
crack_1390.rf.acddd4a187d8a5c780776dae791706ce.jpg,crack,no_damage,damage,not_damage,raw_outputs/crack_1390.rf.acddd4a187d8a5c780776dae791706ce.json,
crack_141.rf.71f47c1b3520508099526c83792fd835.jpg,crack,no_damage,damage,not_damage,raw_outputs/crack_141.rf.71f47c1b3520508099526c83792fd835.json,
crack_1444.rf.aead44b6ca98890799018295ce524e3b.jpg,crack,no_damage,damage,not_damage,raw_outputs/crack_1444.rf.aead44b6ca98890799018295ce524e3b.json,
crack_1607.rf.5e65f55fb6c8d45ad9052b4cc1900d46.jpg,crack,no_damage,damage,not_damage,raw_outputs/crack_1607.rf.5e65f55fb6c8d45ad9052b4cc1900d46.json,
crack_1627.rf.a1059a16731db9098008508a257a1865.jpg,crack,no_damage,damage,not_damage,raw_outputs/crack_1627.rf.a1059a16731db9098008508a257a1865.json,
crack_1630.rf.b84c691b523d36228847ffe019d407b3.jpg,crack,no_damage,damage,not_damage,raw_outputs/crack_1630.rf.b84c691b523d36228847ffe019d407b3.json,
crack_1642.rf.c366913fcf14d321f68f9440f5938fa7.jpg,crack,no_damage,damage,not_damage,raw_outputs/crack_1642.rf.c366913fcf14d321f68f9440f5938fa7.json,
crack_1647.rf.3bab20d4aa37f4fe965fbf2cfe1622fb.jpg,crack,no_damage,damage,not_damage,raw_outputs/crack_1647.rf.3bab20d4aa37f4fe965fbf2cfe1622fb.json,
crack_1650.rf.79f443ed525a6de2344623a65c197e87.jpg,crack,no_damage,damage,not_damage,raw_outputs/crack_1650.rf.79f443ed525a6de2344623a65c197e87.json,
crack_1658.rf.38d44ec0dfa198d017ba9cb0ada57f15.jpg,crack,no_damage,damage,not_damage,raw_outputs/crack_1658.rf.38d44ec0dfa198d017ba9cb0ada57f15.json,
crack_1661.rf.f6c44a940e7a597b1a62e20f6bf5c487.jpg,crack,no_damage,damage,not_damage,raw_outputs/crack_1661.rf.f6c44a940e7a597b1a62e20f6bf5c487.json,
crack_1663.rf.9be0409ccca28623cf74cc6983865711.jpg,crack,no_damage,damage,not_damage,raw_outputs/crack_1663.rf.9be0409ccca28623cf74cc6983865711.json,
crack_1663.rf.ee549195cd074c59ed3deb9cc356d245.jpg,crack,no_damage,damage,not_damage,raw_outputs/crack_1663.rf.ee549195cd074c59ed3deb9cc356d245.json,
crack_1671.rf.94ed4f7250278c916acfcbadea9ca2a5.jpg,crack,no_damage,damage,not_damage,raw_outputs/crack_1671.rf.94ed4f7250278c916acfcbadea9ca2a5.json,
crack_168.rf.a23616300d6cacf19bdd64fde2cf7a6e.jpg,crack,no_damage,damage,not_damage,raw_outputs/crack_168.rf.a23616300d6cacf19bdd64fde2cf7a6e.json,
crack_1681.rf.949842945bf97479c6590cf24f50cc12.jpg,crack,no_damage,damage,not_damage,raw_outputs/crack_1681.rf.949842945bf97479c6590cf24f50cc12.json,
crack_1681.rf.d5de85b8a5e7db772cee9ceb44ceadda.jpg,crack,no_damage,damage,not_damage,raw_outputs/crack_1681.rf.d5de85b8a5e7db772cee9ceb44ceadda.json,
crack_1689.rf.4ae75728cbe517afc3eaa469e8f5a185.jpg,crack,no_damage,damage,not_damage,raw_outputs/crack_1689.rf.4ae75728cbe517afc3eaa469e8f5a185.json,
crack_1692.rf.cc124a6b0f20f422bc9925312cef83c8.jpg,crack,no_damage,damage,not_damage,raw_outputs/crack_1692.rf.cc124a6b0f20f422bc9925312cef83c8.json,
crack_1693.rf.308d390a6e604f2fe5b5d00cd8874074.jpg,crack,no_damage,damage,not_damage,raw_outputs/crack_1693.rf.308d390a6e604f2fe5b5d00cd8874074.json,
crack_1695.rf.7fefbf12ae55f481893bb8dc5a6fe240.jpg,crack,no_damage,damage,not_damage,raw_outputs/crack_1695.rf.7fefbf12ae55f481893bb8dc5a6fe240.json,
crack_1697.rf.71df54609219374233610fdc6e7116ac.jpg,crack,no_damage,damage,not_damage,raw_outputs/crack_1697.rf.71df54609219374233610fdc6e7116ac.json,
crack_1703.rf.8e202648862ef0e55beb2fd285378f57.jpg,crack,no_damage,damage,not_damage,raw_outputs/crack_1703.rf.8e202648862ef0e55beb2fd285378f57.json,
crack_1703.rf.f75692d2d512df728da3d2e205a50058.jpg,crack,no_damage,damage,not_damage,raw_outputs/crack_1703.rf.f75692d2d512df728da3d2e205a50058.json,
crack_1704.rf.0331a85288c0169c5d83fb54e310dad6.jpg,crack,no_damage,damage,not_damage,raw_outputs/crack_1704.rf.0331a85288c0169c5d83fb54e310dad6.json,
crack_1713.rf.47a355ebd78a6f654d00d3bbf2501c70.jpg,crack,no_damage,damage,not_damage,raw_outputs/crack_1713.rf.47a355ebd78a6f654d00d3bbf2501c70.json,
crack_1720.rf.6975269bea3b08b8bbb7cf9606d61be6.jpg,crack,no_damage,damage,not_damage,raw_outputs/crack_1720.rf.6975269bea3b08b8bbb7cf9606d61be6.json,
crack_1721.rf.7549f54076484f0ece005115c6f68f21.jpg,crack,no_damage,damage,not_damage,raw_outputs/crack_1721.rf.7549f54076484f0ece005115c6f68f21.json,
crack_1721.rf.f2a8df26113a8bdf6ef62e613bc837d9.jpg,crack,no_damage,damage,not_damage,raw_outputs/crack_1721.rf.f2a8df26113a8bdf6ef62e613bc837d9.json,
crack_1724.rf.09f8225ac0c56f078df7d2c4e8765927.jpg,crack,no_damage,damage,not_damage,raw_outputs/crack_1724.rf.09f8225ac0c56f078df7d2c4e8765927.json,
crack_1724.rf.fad3f319bd4fcc4fece444bcf0699a4c.jpg,crack,no_damage,damage,not_damage,raw_outputs/crack_1724.rf.fad3f319bd4fcc4fece444bcf0699a4c.json,
crack_1725.rf.0abe9646dad74e7a7686462a73ae6d72.jpg,crack,no_damage,damage,not_damage,raw_outputs/crack_1725.rf.0abe9646dad74e7a7686462a73ae6d72.json,
crack_1725.rf.5dd79b304ec3ad4765b0e7af46bc266f.jpg,crack,no_damage,damage,not_damage,raw_outputs/crack_1725.rf.5dd79b304ec3ad4765b0e7af46bc266f.json,
crack_1728.rf.8bbbf38c1012ab49adabef3f5df778ff.jpg,crack,no_damage,damage,not_damage,raw_outputs/crack_1728.rf.8bbbf38c1012ab49adabef3f5df778ff.json,
crack_1728.rf.e15f30a88a384bd6369263f9091567ba.jpg,crack,no_damage,damage,not_damage,raw_outputs/crack_1728.rf.e15f30a88a384bd6369263f9091567ba.json,
crack_1732.rf.624e7325b6518766431271bf652f5dec.jpg,crack,no_damage,damage,not_damage,raw_outputs/crack_1732.rf.624e7325b6518766431271bf652f5dec.json,
crack_1733.rf.80998be8442d126657bb25587310ac6e.jpg,crack,no_damage,damage,not_damage,raw_outputs/crack_1733.rf.80998be8442d126657bb25587310ac6e.json,
crack_1741.rf.3c30387c46218621165c7d73ab699c63.jpg,crack,no_damage,damage,not_damage,raw_outputs/crack_1741.rf.3c30387c46218621165c7d73ab699c63.json,
crack_1744.rf.e7ae90575a93e374474d8f7133be9e8e.jpg,crack,no_damage,damage,not_damage,raw_outputs/crack_1744.rf.e7ae90575a93e374474d8f7133be9e8e.json,
crack_1745.rf.441d400c0f8b5617e5b830db25788be0.jpg,crack,no_damage,damage,not_damage,raw_outputs/crack_1745.rf.441d400c0f8b5617e5b830db25788be0.json,
crack_1746.rf.0ef05ad0740d2534bdb2ec4bf6b4a9a7.jpg,crack,no_damage,damage,not_damage,raw_outputs/crack_1746.rf.0ef05ad0740d2534bdb2ec4bf6b4a9a7.json,
crack_1746.rf.5b03d884171e79bac0ee466b98a7c2cf.jpg,crack,no_damage,damage,not_damage,raw_outputs/crack_1746.rf.5b03d884171e79bac0ee466b98a7c2cf.json,
crack_1747.rf.1107eb313a968f81e191c18ff34ea234.jpg,crack,no_damage,damage,not_damage,raw_outputs/crack_1747.rf.1107eb313a968f81e191c18ff34ea234.json,
crack_1748.rf.8b9f29ab8343541d8a7c0190f3bf2e16.jpg,crack,no_damage,damage,not_damage,raw_outputs/crack_1748.rf.8b9f29ab8343541d8a7c0190f3bf2e16.json,
crack_1750.rf.052e0de4eb5db31ef303ba6d82175635.jpg,crack,no_damage,damage,not_damage,raw_outputs/crack_1750.rf.052e0de4eb5db31ef303ba6d82175635.json,
crack_1750.rf.c9c49cf797755eaa513145aa02aa7ec6.jpg,crack,no_damage,damage,not_damage,raw_outputs/crack_1750.rf.c9c49cf797755eaa513145aa02aa7ec6.json,
crack_1757.rf.1cab7a23b99eeb9bb216a9ae9477e89e.jpg,crack,no_damage,damage,not_damage,raw_outputs/crack_1757.rf.1cab7a23b99eeb9bb216a9ae9477e89e.json,
crack_1758.rf.2d879fff00c0dd5ce61e5105e09e665f.jpg,crack,no_damage,damage,not_damage,raw_outputs/crack_1758.rf.2d879fff00c0dd5ce61e5105e09e665f.json,
crack_1761.rf.e5f5ebce460b27fb3bb65f6da9bd4712.jpg,crack,no_damage,damage,not_damage,raw_outputs/crack_1761.rf.e5f5ebce460b27fb3bb65f6da9bd4712.json,
crack_1769.rf.f46accb57bb53a8ea2eeedf5d924ec61.jpg,crack,no_damage,damage,not_damage,raw_outputs/crack_1769.rf.f46accb57bb53a8ea2eeedf5d924ec61.json,
crack_1775.rf.a552b5a979b5a1f777a939835f0d7ba0.jpg,crack,no_damage,damage,not_damage,raw_outputs/crack_1775.rf.a552b5a979b5a1f777a939835f0d7ba0.json,
crack_1775.rf.e3ebf7a0a7ad4422fde7fe5b571a87ab.jpg,crack,no_damage,damage,not_damage,raw_outputs/crack_1775.rf.e3ebf7a0a7ad4422fde7fe5b571a87ab.json,
crack_1782.rf.f51d2022450a337ef116d6836a0938cb.jpg,crack,no_damage,damage,not_damage,raw_outputs/crack_1782.rf.f51d2022450a337ef116d6836a0938cb.json,
crack_1789.rf.b8d612dfc806531ffd734934f931be4e.jpg,crack,no_damage,damage,not_damage,raw_outputs/crack_1789.rf.b8d612dfc806531ffd734934f931be4e.json,
crack_1793.rf.2173e6559561f23a883ecc288a5b5fbc.jpg,crack,no_damage,damage,not_damage,raw_outputs/crack_1793.rf.2173e6559561f23a883ecc288a5b5fbc.json,
crack_1802.rf.c7c02fb30b71c026ebaac73a10423b29.jpg,crack,no_damage,damage,not_damage,raw_outputs/crack_1802.rf.c7c02fb30b71c026ebaac73a10423b29.json,
crack_1804.rf.7e39a73f7b0d1c4bdf8094006e0cf495.jpg,crack,no_damage,damage,not_damage,raw_outputs/crack_1804.rf.7e39a73f7b0d1c4bdf8094006e0cf495.json,
crack_1806.rf.8c87862452f4ce0232a666c180ec9942.jpg,crack,no_damage,damage,not_damage,raw_outputs/crack_1806.rf.8c87862452f4ce0232a666c180ec9942.json,
crack_1807.rf.fe906e2c2e269b7f1835c532053eff0a.jpg,crack,no_damage,damage,not_damage,raw_outputs/crack_1807.rf.fe906e2c2e269b7f1835c532053eff0a.json,
crack_1809.rf.efab26e547035f9f5d6dba98c046c968.jpg,crack,no_damage,damage,not_damage,raw_outputs/crack_1809.rf.efab26e547035f9f5d6dba98c046c968.json,
crack_1811.rf.4f19f108e011361dd1ada3601fdf71bb.jpg,crack,no_damage,damage,not_damage,raw_outputs/crack_1811.rf.4f19f108e011361dd1ada3601fdf71bb.json,
crack_1816.rf.87eba710866ae919d7de5ff20489c33c.jpg,crack,no_damage,damage,not_damage,raw_outputs/crack_1816.rf.87eba710866ae919d7de5ff20489c33c.json,
crack_1818.rf.7e52c1687bfb625e86c54c9d71a66d99.jpg,crack,no_damage,damage,not_damage,raw_outputs/crack_1818.rf.7e52c1687bfb625e86c54c9d71a66d99.json,
crack_1822.rf.bd0e7633f68e790a12ba7c33b5914e1b.jpg,crack,no_damage,damage,not_damage,raw_outputs/crack_1822.rf.bd0e7633f68e790a12ba7c33b5914e1b.json,
crack_1824.rf.ac69cb5436fac7a795e33a31026229d7.jpg,crack,no_damage,damage,not_damage,raw_outputs/crack_1824.rf.ac69cb5436fac7a795e33a31026229d7.json,
crack_1827.rf.3be44fc525812f9649a504fbe312b558.jpg,crack,no_damage,damage,not_damage,raw_outputs/crack_1827.rf.3be44fc525812f9649a504fbe312b558.json,
crack_1829.rf.bc02fb3df92a0d9ef251ee3d1c40fa2b.jpg,crack,no_damage,damage,not_damage,raw_outputs/crack_1829.rf.bc02fb3df92a0d9ef251ee3d1c40fa2b.json,
crack_1833.rf.38ef314b8c2464950f99079cc545bfa1.jpg,crack,no_damage,damage,not_damage,raw_outputs/crack_1833.rf.38ef314b8c2464950f99079cc545bfa1.json,
crack_1833.rf.c8c2dc4d6bf58d7ca23ad8700c4c71c5.jpg,crack,no_damage,damage,not_damage,raw_outputs/crack_1833.rf.c8c2dc4d6bf58d7ca23ad8700c4c71c5.json,
crack_1834.rf.e2c4fcd75a47fe26056a74fdf3274038.jpg,crack,no_damage,damage,not_damage,raw_outputs/crack_1834.rf.e2c4fcd75a47fe26056a74fdf3274038.json,
crack_1836.rf.b347f76972041b2d99629f09907b3a2c.jpg,crack,no_damage,damage,not_damage,raw_outputs/crack_1836.rf.b347f76972041b2d99629f09907b3a2c.json,
crack_1842.rf.2b51ec219cfabee9bc9feb7a80206703.jpg,crack,no_damage,damage,not_damage,raw_outputs/crack_1842.rf.2b51ec219cfabee9bc9feb7a80206703.json,
crack_1844.rf.65233e13acfc120a9911ec314345fec9.jpg,crack,no_damage,damage,not_damage,raw_outputs/crack_1844.rf.65233e13acfc120a9911ec314345fec9.json,
crack_1845.rf.549d65e97598d7aca97375740b742d34.jpg,crack,no_damage,damage,not_damage,raw_outputs/crack_1845.rf.549d65e97598d7aca97375740b742d34.json,
crack_1848.rf.40496b6e1c621fbdd25123d7748f3adf.jpg,crack,no_damage,damage,not_damage,raw_outputs/crack_1848.rf.40496b6e1c621fbdd25123d7748f3adf.json,
crack_1848.rf.72b79411a1c8f2a84cb7a1c246b1496c.jpg,crack,no_damage,damage,not_damage,raw_outputs/crack_1848.rf.72b79411a1c8f2a84cb7a1c246b1496c.json,
crack_1851.rf.7b9e8739eaafbc5538928ec531f61406.jpg,crack,no_damage,damage,not_damage,raw_outputs/crack_1851.rf.7b9e8739eaafbc5538928ec531f61406.json,
crack_1851.rf.d6799785a609e344bd4c3a556213064c.jpg,crack,no_damage,damage,not_damage,raw_outputs/crack_1851.rf.d6799785a609e344bd4c3a556213064c.json,
crack_1856.rf.1cbf20a4d4e1651d7cea8dd2098738a2.jpg,crack,no_damage,damage,not_damage,raw_outputs/crack_1856.rf.1cbf20a4d4e1651d7cea8dd2098738a2.json,
crack_1857.rf.62b5e8c3bdf0aec6d1092c3214e502b0.jpg,crack,no_damage,damage,not_damage,raw_outputs/crack_1857.rf.62b5e8c3bdf0aec6d1092c3214e502b0.json,
crack_1864.rf.4cec0a0c1b5040a935bf454ba293a5e5.jpg,crack,no_damage,damage,not_damage,raw_outputs/crack_1864.rf.4cec0a0c1b5040a935bf454ba293a5e5.json,
crack_1865.rf.a399c065a2dd512e4131df78beeb1036.jpg,crack,no_damage,damage,not_damage,raw_outputs/crack_1865.rf.a399c065a2dd512e4131df78beeb1036.json,
crack_1872.rf.78aabc26d7f92f8488daa193935ece14.jpg,crack,no_damage,damage,not_damage,raw_outputs/crack_1872.rf.78aabc26d7f92f8488daa193935ece14.json,
crack_1874.rf.390ef42307a5d487bdfe68867a3e2dac.jpg,crack,no_damage,damage,not_damage,raw_outputs/crack_1874.rf.390ef42307a5d487bdfe68867a3e2dac.json,
crack_1876.rf.44fd88d2c5cde4de34fa8b709500299e.jpg,crack,no_damage,damage,not_damage,raw_outputs/crack_1876.rf.44fd88d2c5cde4de34fa8b709500299e.json,
crack_1877.rf.79c86889871c7de2a0266914ac47182d.jpg,crack,no_damage,damage,not_damage,raw_outputs/crack_1877.rf.79c86889871c7de2a0266914ac47182d.json,
crack_1880.rf.d6287176f1774d69a6eb817ce6c6e369.jpg,crack,no_damage,damage,not_damage,raw_outputs/crack_1880.rf.d6287176f1774d69a6eb817ce6c6e369.json,
crack_1883.rf.6680c29b8cb1db760e0bc63cb159bd78.jpg,crack,no_damage,damage,not_damage,raw_outputs/crack_1883.rf.6680c29b8cb1db760e0bc63cb159bd78.json,
crack_1884.rf.debab94c421534e64dcf37e3d98280bc.jpg,crack,no_damage,damage,not_damage,raw_outputs/crack_1884.rf.debab94c421534e64dcf37e3d98280bc.json,
crack_1885.rf.3973417760fe01ba3200a238f1a9b053.jpg,crack,no_damage,damage,not_damage,raw_outputs/crack_1885.rf.3973417760fe01ba3200a238f1a9b053.json,
crack_1887.rf.d3c7975ed5032ff320c7ac5a07cd88e7.jpg,crack,no_damage,damage,not_damage,raw_outputs/crack_1887.rf.d3c7975ed5032ff320c7ac5a07cd88e7.json,
crack_1895.rf.e7d453da05a45512d99c062cfd050bbc.jpg,crack,no_damage,damage,not_damage,raw_outputs/crack_1895.rf.e7d453da05a45512d99c062cfd050bbc.json,
crack_1898.rf.b7dd77c7209dc5c342e5be67ce042063.jpg,crack,no_damage,damage,not_damage,raw_outputs/crack_1898.rf.b7dd77c7209dc5c342e5be67ce042063.json,
crack_1899.rf.8a93805fbfc20cdad1fb03376b6233a1.jpg,crack,no_damage,damage,not_damage,raw_outputs/crack_1899.rf.8a93805fbfc20cdad1fb03376b6233a1.json,
crack_1906.rf.449130a9b23338145e698ea28e827aa5.jpg,crack,no_damage,damage,not_damage,raw_outputs/crack_1906.rf.449130a9b23338145e698ea28e827aa5.json,
crack_1918.rf.08c2b457b9c13b0814e58ced886a4524.jpg,crack,no_damage,damage,not_damage,raw_outputs/crack_1918.rf.08c2b457b9c13b0814e58ced886a4524.json,
crack_1919.rf.916b7eb25dc79c16780473d0d1973c6a.jpg,crack,no_damage,damage,not_damage,raw_outputs/crack_1919.rf.916b7eb25dc79c16780473d0d1973c6a.json,
crack_1930.rf.f96e3bc51fea5ee9269ddaa186213f9b.jpg,crack,no_damage,damage,not_damage,raw_outputs/crack_1930.rf.f96e3bc51fea5ee9269ddaa186213f9b.json,
crack_1934.rf.e58a51a584b6a3e0694c3f951302c0d1.jpg,crack,no_damage,damage,not_damage,raw_outputs/crack_1934.rf.e58a51a584b6a3e0694c3f951302c0d1.json,
crack_1936.rf.29ae6c45ec93f9258cfd6d7270c13c3f.jpg,crack,no_damage,damage,not_damage,raw_outputs/crack_1936.rf.29ae6c45ec93f9258cfd6d7270c13c3f.json,
crack_1936.rf.f23842ff87745a046032555d04a97e09.jpg,crack,no_damage,damage,not_damage,raw_outputs/crack_1936.rf.f23842ff87745a046032555d04a97e09.json,
crack_1941.rf.3d0e1eda5b3c37b13b9e607923203340.jpg,crack,no_damage,damage,not_damage,raw_outputs/crack_1941.rf.3d0e1eda5b3c37b13b9e607923203340.json,
crack_1941.rf.a5177ece421a185e7e6f39af8634a24e.jpg,crack,no_damage,damage,not_damage,raw_outputs/crack_1941.rf.a5177ece421a185e7e6f39af8634a24e.json,
crack_1943.rf.df32a4fde78db46ec1f0b15914df3d1e.jpg,crack,no_damage,damage,not_damage,raw_outputs/crack_1943.rf.df32a4fde78db46ec1f0b15914df3d1e.json,
crack_1946.rf.7ac71b9a5854f8407ebf1e41b04fcbd2.jpg,crack,no_damage,damage,not_damage,raw_outputs/crack_1946.rf.7ac71b9a5854f8407ebf1e41b04fcbd2.json,
crack_1946.rf.9d26e4c74e9386d10ddc06ab5f849d5f.jpg,crack,no_damage,damage,not_damage,raw_outputs/crack_1946.rf.9d26e4c74e9386d10ddc06ab5f849d5f.json,
crack_1947.rf.85feed8e975431eb6084cb6a4860d699.jpg,crack,no_damage,damage,not_damage,raw_outputs/crack_1947.rf.85feed8e975431eb6084cb6a4860d699.json,
crack_1951.rf.fd608137576d1a89c8aba1609829188c.jpg,crack,no_damage,damage,not_damage,raw_outputs/crack_1951.rf.fd608137576d1a89c8aba1609829188c.json,
crack_1953.rf.e91fc1508e66c4696e8550b0efba03f2.jpg,crack,no_damage,damage,not_damage,raw_outputs/crack_1953.rf.e91fc1508e66c4696e8550b0efba03f2.json,
crack_1954.rf.128818aa678393a4d0406f95b1dbcfe8.jpg,crack,no_damage,damage,not_damage,raw_outputs/crack_1954.rf.128818aa678393a4d0406f95b1dbcfe8.json,
crack_1955.rf.08096c124917897385fa6a147fb7917d.jpg,crack,no_damage,damage,not_damage,raw_outputs/crack_1955.rf.08096c124917897385fa6a147fb7917d.json,
crack_1956.rf.ea1e8abc47498d612a8ab9694600e59b.jpg,crack,no_damage,damage,not_damage,raw_outputs/crack_1956.rf.ea1e8abc47498d612a8ab9694600e59b.json,
crack_1958.rf.54e146748c99e7cae9b4aa0620db1e37.jpg,crack,no_damage,damage,not_damage,raw_outputs/crack_1958.rf.54e146748c99e7cae9b4aa0620db1e37.json,
crack_1959.rf.81fddb07561afcccac04b31801ca65b3.jpg,crack,no_damage,damage,not_damage,raw_outputs/crack_1959.rf.81fddb07561afcccac04b31801ca65b3.json,
crack_1968.rf.5896100bf02aeaaf78dcbfd631fd3216.jpg,crack,no_damage,damage,not_damage,raw_outputs/crack_1968.rf.5896100bf02aeaaf78dcbfd631fd3216.json,
crack_1981.rf.a17e2813bcbeb73fa11f0712344b0430.jpg,crack,no_damage,damage,not_damage,raw_outputs/crack_1981.rf.a17e2813bcbeb73fa11f0712344b0430.json,
crack_1987.rf.4d7c2a0d48e022de48d45c8ff71b2329.jpg,crack,no_damage,damage,not_damage,raw_outputs/crack_1987.rf.4d7c2a0d48e022de48d45c8ff71b2329.json,
crack_1988.rf.382a72906b2a534251c2cc58d6efb6e0.jpg,crack,no_damage,damage,not_damage,raw_outputs/crack_1988.rf.382a72906b2a534251c2cc58d6efb6e0.json,
crack_1997.rf.981faf65718e1ef12d47ec8a28992b5e.jpg,crack,no_damage,damage,not_damage,raw_outputs/crack_1997.rf.981faf65718e1ef12d47ec8a28992b5e.json,
crack_2002.rf.c658ddb3c32b54f700a5c9db1686efca.jpg,crack,no_damage,damage,not_damage,raw_outputs/crack_2002.rf.c658ddb3c32b54f700a5c9db1686efca.json,
crack_2007.rf.4ba0e3221ac24f131841a32ab02057ff.jpg,crack,no_damage,damage,not_damage,raw_outputs/crack_2007.rf.4ba0e3221ac24f131841a32ab02057ff.json,
crack_2008.rf.3f5050ffb8a11f25bd9b92a9e6993d08.jpg,crack,no_damage,damage,not_damage,raw_outputs/crack_2008.rf.3f5050ffb8a11f25bd9b92a9e6993d08.json,
crack_2010.rf.279a9f8479576117115c0ead40f3a9ca.jpg,crack,no_damage,damage,not_damage,raw_outputs/crack_2010.rf.279a9f8479576117115c0ead40f3a9ca.json,
crack_2012.rf.6f6fe7fe1784032a150c2c4358a0e7dd.jpg,crack,no_damage,damage,not_damage,raw_outputs/crack_2012.rf.6f6fe7fe1784032a150c2c4358a0e7dd.json,
crack_2022.rf.f14a422bd48cdc22711b94b369e44be0.jpg,crack,no_damage,damage,not_damage,raw_outputs/crack_2022.rf.f14a422bd48cdc22711b94b369e44be0.json,
crack_2023.rf.c5fe4f246b45ebeb106b51568b1f90dc.jpg,crack,no_damage,damage,not_damage,raw_outputs/crack_2023.rf.c5fe4f246b45ebeb106b51568b1f90dc.json,
crack_2025.rf.97e4594f95914c7fa028db07e4bcb25e.jpg,crack,no_damage,damage,not_damage,raw_outputs/crack_2025.rf.97e4594f95914c7fa028db07e4bcb25e.json,
crack_2029.rf.e1c22e59ac13c8b0c0c6b2f3f02875f2.jpg,crack,no_damage,damage,not_damage,raw_outputs/crack_2029.rf.e1c22e59ac13c8b0c0c6b2f3f02875f2.json,
crack_2030.rf.c24a0ed21728a4e7a6d866523d2151fb.jpg,crack,no_damage,damage,not_damage,raw_outputs/crack_2030.rf.c24a0ed21728a4e7a6d866523d2151fb.json,
crack_2038.rf.3523b0d321108679e8a4a9d1ec4f0d39.jpg,crack,no_damage,damage,not_damage,raw_outputs/crack_2038.rf.3523b0d321108679e8a4a9d1ec4f0d39.json,
crack_2038.rf.58542d692ab251fe38f94c56df76a06c.jpg,crack,no_damage,damage,not_damage,raw_outputs/crack_2038.rf.58542d692ab251fe38f94c56df76a06c.json,
crack_2039.rf.66aaee1896e2420c7c9e57419365b137.jpg,crack,no_damage,damage,not_damage,raw_outputs/crack_2039.rf.66aaee1896e2420c7c9e57419365b137.json,
crack_2040.rf.d10ea68f663f198606ec2a816fb7c35b.jpg,crack,no_damage,damage,not_damage,raw_outputs/crack_2040.rf.d10ea68f663f198606ec2a816fb7c35b.json,
crack_2041.rf.f64ef32346ad6d3a5dd23dd51258dd36.jpg,crack,no_damage,damage,not_damage,raw_outputs/crack_2041.rf.f64ef32346ad6d3a5dd23dd51258dd36.json,
crack_2042.rf.b20dde2272db5229f902ddb13fb5477a.jpg,crack,no_damage,damage,not_damage,raw_outputs/crack_2042.rf.b20dde2272db5229f902ddb13fb5477a.json,
crack_2044.rf.f792b25803ad14ee82e088d2622e1c43.jpg,crack,no_damage,damage,not_damage,raw_outputs/crack_2044.rf.f792b25803ad14ee82e088d2622e1c43.json,
crack_2045.rf.0d2dcc42047fa95c2a1c3edc8e7976f8.jpg,crack,no_damage,damage,not_damage,raw_outputs/crack_2045.rf.0d2dcc42047fa95c2a1c3edc8e7976f8.json,
crack_2045.rf.bfff3562e22cf36bcc0523562da2ba68.jpg,crack,no_damage,damage,not_damage,raw_outputs/crack_2045.rf.bfff3562e22cf36bcc0523562da2ba68.json,
crack_2047.rf.2d1895b03bbd020d97f5bd886957ff6d.jpg,crack,no_damage,damage,not_damage,raw_outputs/crack_2047.rf.2d1895b03bbd020d97f5bd886957ff6d.json,
crack_2051.rf.8d7ffdabb162895bffeb24dda76b9e09.jpg,crack,no_damage,damage,not_damage,raw_outputs/crack_2051.rf.8d7ffdabb162895bffeb24dda76b9e09.json,
crack_2053.rf.13afd531e41c9e840c38afa112977f4a.jpg,crack,no_damage,damage,not_damage,raw_outputs/crack_2053.rf.13afd531e41c9e840c38afa112977f4a.json,
crack_2054.rf.db87a41ebb253a141fe710f21857ca7b.jpg,crack,no_damage,damage,not_damage,raw_outputs/crack_2054.rf.db87a41ebb253a141fe710f21857ca7b.json,
crack_2055.rf.4010bf4e2ad338d7d35175c6a0e3c510.jpg,crack,no_damage,damage,not_damage,raw_outputs/crack_2055.rf.4010bf4e2ad338d7d35175c6a0e3c510.json,
crack_2056.rf.2ea91058153d7285382357e3b557e226.jpg,crack,no_damage,damage,not_damage,raw_outputs/crack_2056.rf.2ea91058153d7285382357e3b557e226.json,
crack_2059.rf.7865033483a943c49b28a8973726bb47.jpg,crack,no_damage,damage,not_damage,raw_outputs/crack_2059.rf.7865033483a943c49b28a8973726bb47.json,
crack_2060.rf.7a3dcf347625089027bb763e7f9fe6f5.jpg,crack,no_damage,damage,not_damage,raw_outputs/crack_2060.rf.7a3dcf347625089027bb763e7f9fe6f5.json,
crack_2062.rf.0cab155a2f1c991b29b625ec11429eac.jpg,crack,no_damage,damage,not_damage,raw_outputs/crack_2062.rf.0cab155a2f1c991b29b625ec11429eac.json,
crack_2067.rf.23ed68b28ea7c5e4cbfb234ffa9702ea.jpg,crack,no_damage,damage,not_damage,raw_outputs/crack_2067.rf.23ed68b28ea7c5e4cbfb234ffa9702ea.json,
crack_2069.rf.d86ed985e8ca1de1c1b910a4ed0ca07d.jpg,crack,no_damage,damage,not_damage,raw_outputs/crack_2069.rf.d86ed985e8ca1de1c1b910a4ed0ca07d.json,
crack_2069.rf.e1945af1cfea3f364e90734ae8343ac4.jpg,crack,no_damage,damage,not_damage,raw_outputs/crack_2069.rf.e1945af1cfea3f364e90734ae8343ac4.json,
crack_2070.rf.f39e5185a9dbba2961bf7eee26950b55.jpg,crack,no_damage,damage,not_damage,raw_outputs/crack_2070.rf.f39e5185a9dbba2961bf7eee26950b55.json,
crack_2074.rf.e67a26363f5f338f8a3c5b8d00cf59ee.jpg,crack,no_damage,damage,not_damage,raw_outputs/crack_2074.rf.e67a26363f5f338f8a3c5b8d00cf59ee.json,
crack_2075.rf.1a3400d1c5fbf2221e53a1cef8008810.jpg,crack,no_damage,damage,not_damage,raw_outputs/crack_2075.rf.1a3400d1c5fbf2221e53a1cef8008810.json,
crack_2078.rf.c3b3b0674149fa90ed870d8cbda4bb86.jpg,crack,no_damage,damage,not_damage,raw_outputs/crack_2078.rf.c3b3b0674149fa90ed870d8cbda4bb86.json,
crack_2080.rf.8822b17d3148d47f4292d1e1e3536100.jpg,crack,no_damage,damage,not_damage,raw_outputs/crack_2080.rf.8822b17d3148d47f4292d1e1e3536100.json,
crack_2081.rf.23b685a849f30ad36cebbd22d828a280.jpg,crack,no_damage,damage,not_damage,raw_outputs/crack_2081.rf.23b685a849f30ad36cebbd22d828a280.json,
crack_2082.rf.9c72a5dd0a1690f1932e25438e9db8dd.jpg,crack,no_damage,damage,not_damage,raw_outputs/crack_2082.rf.9c72a5dd0a1690f1932e25438e9db8dd.json,
crack_2083.rf.6b7e58b4c6d972f9a4d25ee00fcef6b9.jpg,crack,no_damage,damage,not_damage,raw_outputs/crack_2083.rf.6b7e58b4c6d972f9a4d25ee00fcef6b9.json,
crack_2085.rf.39a7a231d119792e9560f3f92e0a663d.jpg,crack,no_damage,damage,not_damage,raw_outputs/crack_2085.rf.39a7a231d119792e9560f3f92e0a663d.json,
crack_2087.rf.25fd417471531db1ae09650b6774833f.jpg,crack,no_damage,damage,not_damage,raw_outputs/crack_2087.rf.25fd417471531db1ae09650b6774833f.json,
crack_2090.rf.5213a6747a8a1faeef112a3a5c0f0803.jpg,crack,no_damage,damage,not_damage,raw_outputs/crack_2090.rf.5213a6747a8a1faeef112a3a5c0f0803.json,
crack_2092.rf.a3aeee3b2b2ee62103252fd75874cca2.jpg,crack,no_damage,damage,not_damage,raw_outputs/crack_2092.rf.a3aeee3b2b2ee62103252fd75874cca2.json,
crack_2093.rf.d70da6d3b9744e9689b414db78446bfe.jpg,crack,no_damage,damage,not_damage,raw_outputs/crack_2093.rf.d70da6d3b9744e9689b414db78446bfe.json,
crack_2093.rf.de7f1f22c20093b496efc20821af90cc.jpg,crack,no_damage,damage,not_damage,raw_outputs/crack_2093.rf.de7f1f22c20093b496efc20821af90cc.json,
crack_2095.rf.cde86b671c4776c239e45d71ceae9adb.jpg,crack,no_damage,damage,not_damage,raw_outputs/crack_2095.rf.cde86b671c4776c239e45d71ceae9adb.json,
crack_2096.rf.d1e8a44aa9b55a94b153999d53026e90.jpg,crack,no_damage,damage,not_damage,raw_outputs/crack_2096.rf.d1e8a44aa9b55a94b153999d53026e90.json,
crack_2098.rf.5e2a6abf6c23f98445e2e2cb1ea4794b.jpg,crack,no_damage,damage,not_damage,raw_outputs/crack_2098.rf.5e2a6abf6c23f98445e2e2cb1ea4794b.json,
crack_2098.rf.ca145a05fb0e02eb3948a6eb38e3fe94.jpg,crack,no_damage,damage,not_damage,raw_outputs/crack_2098.rf.ca145a05fb0e02eb3948a6eb38e3fe94.json,
crack_2100.rf.6e463ea9f748811001c3a96131ea89ef.jpg,crack,no_damage,damage,not_damage,raw_outputs/crack_2100.rf.6e463ea9f748811001c3a96131ea89ef.json,
crack_2101.rf.841b89e057e0a075f070200fc926bbaa.jpg,crack,no_damage,damage,not_damage,raw_outputs/crack_2101.rf.841b89e057e0a075f070200fc926bbaa.json,
crack_2101.rf.97b2848daf8d7238cd357b0194116472.jpg,crack,no_damage,damage,not_damage,raw_outputs/crack_2101.rf.97b2848daf8d7238cd357b0194116472.json,
crack_2103.rf.8eb77ab1f014b3139bbf805194ab6009.jpg,crack,no_damage,damage,not_damage,raw_outputs/crack_2103.rf.8eb77ab1f014b3139bbf805194ab6009.json,
crack_2103.rf.d33326cda63641805470e42e3af800d5.jpg,crack,no_damage,damage,not_damage,raw_outputs/crack_2103.rf.d33326cda63641805470e42e3af800d5.json,
crack_2117.rf.2894f25a5a0400524c63ddbdcc061465.jpg,crack,no_damage,damage,not_damage,raw_outputs/crack_2117.rf.2894f25a5a0400524c63ddbdcc061465.json,
crack_2118.rf.ccbf32416276d10aff2bb52aa0be7368.jpg,crack,no_damage,damage,not_damage,raw_outputs/crack_2118.rf.ccbf32416276d10aff2bb52aa0be7368.json,
crack_2121.rf.7d6f7d51f66b35bbf6ee8c7f6aae4af4.jpg,crack,no_damage,damage,not_damage,raw_outputs/crack_2121.rf.7d6f7d51f66b35bbf6ee8c7f6aae4af4.json,
crack_2122.rf.4ed10b8ba9d48f3c0abfac28e1ff22c7.jpg,crack,no_damage,damage,not_damage,raw_outputs/crack_2122.rf.4ed10b8ba9d48f3c0abfac28e1ff22c7.json,
crack_2123.rf.b122f4af47e5b8f64eaf90d56a6596e4.jpg,crack,no_damage,damage,not_damage,raw_outputs/crack_2123.rf.b122f4af47e5b8f64eaf90d56a6596e4.json,
crack_2124.rf.ab4825bfa37f599bc6f9b1baa7f48d8a.jpg,crack,no_damage,damage,not_damage,raw_outputs/crack_2124.rf.ab4825bfa37f599bc6f9b1baa7f48d8a.json,
crack_2124.rf.b0fabf37ea8b3d6beb0dc77c426a67f9.jpg,crack,no_damage,damage,not_damage,raw_outputs/crack_2124.rf.b0fabf37ea8b3d6beb0dc77c426a67f9.json,
crack_2125.rf.0badb0baf85005b27088c52849cc24c0.jpg,crack,no_damage,damage,not_damage,raw_outputs/crack_2125.rf.0badb0baf85005b27088c52849cc24c0.json,
crack_2125.rf.257bb85be6426c71f1dd06b171fafa58.jpg,crack,no_damage,damage,not_damage,raw_outputs/crack_2125.rf.257bb85be6426c71f1dd06b171fafa58.json,
crack_2125.rf.28cf8063db598fad6516ea4499ad1f33.jpg,crack,no_damage,damage,not_damage,raw_outputs/crack_2125.rf.28cf8063db598fad6516ea4499ad1f33.json,
crack_2128.rf.26acb85449687202b8eb1cafef6d278f.jpg,crack,no_damage,damage,not_damage,raw_outputs/crack_2128.rf.26acb85449687202b8eb1cafef6d278f.json,
crack_2128.rf.c941254498fa64e6b82f84027509384a.jpg,crack,no_damage,damage,not_damage,raw_outputs/crack_2128.rf.c941254498fa64e6b82f84027509384a.json,
crack_2129.rf.af11d26f0f480345436992844f3dc1c8.jpg,crack,no_damage,damage,not_damage,raw_outputs/crack_2129.rf.af11d26f0f480345436992844f3dc1c8.json,
crack_2132.rf.e98405371ee8d5d372e709542ee279df.jpg,crack,no_damage,damage,not_damage,raw_outputs/crack_2132.rf.e98405371ee8d5d372e709542ee279df.json,
crack_2135.rf.d5817f1034e70c083060ecd1ba145004.jpg,crack,no_damage,damage,not_damage,raw_outputs/crack_2135.rf.d5817f1034e70c083060ecd1ba145004.json,
crack_2140.rf.54d2855d59c85fe5869a897fa437be7c.jpg,crack,no_damage,damage,not_damage,raw_outputs/crack_2140.rf.54d2855d59c85fe5869a897fa437be7c.json,
crack_2143.rf.f1af8f59aee50e6d4206ea06ec589998.jpg,crack,no_damage,damage,not_damage,raw_outputs/crack_2143.rf.f1af8f59aee50e6d4206ea06ec589998.json,
crack_2146.rf.3442ced3e56df6642bd33d9fdc95ba2e.jpg,crack,no_damage,damage,not_damage,raw_outputs/crack_2146.rf.3442ced3e56df6642bd33d9fdc95ba2e.json,
crack_2146.rf.d17956798b448031db760e133b311475.jpg,crack,no_damage,damage,not_damage,raw_outputs/crack_2146.rf.d17956798b448031db760e133b311475.json,
crack_2147.rf.68491b477ce9af3d84c550103dd511e3.jpg,crack,no_damage,damage,not_damage,raw_outputs/crack_2147.rf.68491b477ce9af3d84c550103dd511e3.json,
crack_2153.rf.4c6ff9068aeefeb16a1844ac565d31e2.jpg,crack,no_damage,damage,not_damage,raw_outputs/crack_2153.rf.4c6ff9068aeefeb16a1844ac565d31e2.json,
crack_2157.rf.8c87111a0ce208b560c168defec5efd4.jpg,crack,no_damage,damage,not_damage,raw_outputs/crack_2157.rf.8c87111a0ce208b560c168defec5efd4.json,
crack_2158.rf.2bde7347af7252246549a8b63e8b6954.jpg,crack,no_damage,damage,not_damage,raw_outputs/crack_2158.rf.2bde7347af7252246549a8b63e8b6954.json,
crack_2166.rf.f58d30b9567e662aa1dbade49b12a7ac.jpg,crack,no_damage,damage,not_damage,raw_outputs/crack_2166.rf.f58d30b9567e662aa1dbade49b12a7ac.json,
crack_2171.rf.5c72557e524937bac6d749ef4511f4af.jpg,crack,no_damage,damage,not_damage,raw_outputs/crack_2171.rf.5c72557e524937bac6d749ef4511f4af.json,
crack_2173.rf.7b522069a0a6e0ca79674429a6d2eb7f.jpg,crack,no_damage,damage,not_damage,raw_outputs/crack_2173.rf.7b522069a0a6e0ca79674429a6d2eb7f.json,
crack_2178.rf.374815c641bb47e2b7fce53c1b36bcbd.jpg,crack,no_damage,damage,not_damage,raw_outputs/crack_2178.rf.374815c641bb47e2b7fce53c1b36bcbd.json,
crack_2180.rf.0addbb15ae226859b5c3f371a9e36442.jpg,crack,no_damage,damage,not_damage,raw_outputs/crack_2180.rf.0addbb15ae226859b5c3f371a9e36442.json,
crack_2183.rf.02af9ea0673a4b8b1cdf69eda8b15beb.jpg,crack,no_damage,damage,not_damage,raw_outputs/crack_2183.rf.02af9ea0673a4b8b1cdf69eda8b15beb.json,
crack_2183.rf.bf814074f441a7dc144c07e483cc8ff9.jpg,crack,no_damage,damage,not_damage,raw_outputs/crack_2183.rf.bf814074f441a7dc144c07e483cc8ff9.json,
crack_2188.rf.dea64e1585abfe0bafce9d69f034b839.jpg,crack,no_damage,damage,not_damage,raw_outputs/crack_2188.rf.dea64e1585abfe0bafce9d69f034b839.json,
crack_2193.rf.310d20338404717f7d0376b429467f19.jpg,crack,no_damage,damage,not_damage,raw_outputs/crack_2193.rf.310d20338404717f7d0376b429467f19.json,
crack_2196.rf.c3bcddc48dee4d32776ef8ef5b171fab.jpg,crack,no_damage,damage,not_damage,raw_outputs/crack_2196.rf.c3bcddc48dee4d32776ef8ef5b171fab.json,
crack_2198.rf.5f6f595ceb29e192f7ab6742b73cacab.jpg,crack,no_damage,damage,not_damage,raw_outputs/crack_2198.rf.5f6f595ceb29e192f7ab6742b73cacab.json,
crack_2202.rf.e7d87903264d57eb109372b5c86574a7.jpg,crack,no_damage,damage,not_damage,raw_outputs/crack_2202.rf.e7d87903264d57eb109372b5c86574a7.json,
crack_2206.rf.22bf5c00004313e8a71a518b5e7b5dcb.jpg,crack,no_damage,damage,not_damage,raw_outputs/crack_2206.rf.22bf5c00004313e8a71a518b5e7b5dcb.json,
crack_2206.rf.d90b8e28aac782a67bda033304e3db30.jpg,crack,no_damage,damage,not_damage,raw_outputs/crack_2206.rf.d90b8e28aac782a67bda033304e3db30.json,
crack_2207.rf.a10f5892da9be2796449c976fff6ad2c.jpg,crack,no_damage,damage,not_damage,raw_outputs/crack_2207.rf.a10f5892da9be2796449c976fff6ad2c.json,
crack_2208.rf.e8b30bb4224231776d52b28fb7052b38.jpg,crack,no_damage,damage,not_damage,raw_outputs/crack_2208.rf.e8b30bb4224231776d52b28fb7052b38.json,
crack_2209.rf.c6e4de7e4d9a9758b02244b0f18f407d.jpg,crack,no_damage,damage,not_damage,raw_outputs/crack_2209.rf.c6e4de7e4d9a9758b02244b0f18f407d.json,
crack_2226.rf.18a80f1f098f9e842fc01d509ceab7c3.jpg,crack,no_damage,damage,not_damage,raw_outputs/crack_2226.rf.18a80f1f098f9e842fc01d509ceab7c3.json,
crack_2226.rf.ae6ece18168ce33d9d5707f6024b68f3.jpg,crack,no_damage,damage,not_damage,raw_outputs/crack_2226.rf.ae6ece18168ce33d9d5707f6024b68f3.json,
crack_2241.rf.260625586bd8b7b999fadd3629bef94b.jpg,crack,no_damage,damage,not_damage,raw_outputs/crack_2241.rf.260625586bd8b7b999fadd3629bef94b.json,
crack_2244.rf.e5270b51e6e7ea41debaf81f16273d7e.jpg,crack,no_damage,damage,not_damage,raw_outputs/crack_2244.rf.e5270b51e6e7ea41debaf81f16273d7e.json,
crack_2246.rf.a864aeac4b30e9b72764fcba1802fd20.jpg,crack,no_damage,damage,not_damage,raw_outputs/crack_2246.rf.a864aeac4b30e9b72764fcba1802fd20.json,
crack_2250.rf.78b35ece973b1c308fe798892222a30d.jpg,crack,no_damage,damage,not_damage,raw_outputs/crack_2250.rf.78b35ece973b1c308fe798892222a30d.json,
crack_2253.rf.a8995a42f2aa1bccd9af6e573d4d6fa6.jpg,crack,no_damage,damage,not_damage,raw_outputs/crack_2253.rf.a8995a42f2aa1bccd9af6e573d4d6fa6.json,
crack_2255.rf.779a09beb2f7a0ce54ab7f6a20c1dcf2.jpg,crack,no_damage,damage,not_damage,raw_outputs/crack_2255.rf.779a09beb2f7a0ce54ab7f6a20c1dcf2.json,
crack_2257.rf.b33fb327000c372594d8b7b417f180db.jpg,crack,no_damage,damage,not_damage,raw_outputs/crack_2257.rf.b33fb327000c372594d8b7b417f180db.json,
crack_2261.rf.9e0eb17f69d0bed93c082845db232da3.jpg,crack,no_damage,damage,not_damage,raw_outputs/crack_2261.rf.9e0eb17f69d0bed93c082845db232da3.json,
crack_2262.rf.f960bf965fe466f45b82f384eab2e589.jpg,crack,no_damage,damage,not_damage,raw_outputs/crack_2262.rf.f960bf965fe466f45b82f384eab2e589.json,
crack_2269.rf.f51615bd93acf4a3f313825699eae72c.jpg,crack,no_damage,damage,not_damage,raw_outputs/crack_2269.rf.f51615bd93acf4a3f313825699eae72c.json,
crack_2272.rf.254a991ef7fd98ec6a6308ebbbc51485.jpg,crack,no_damage,damage,not_damage,raw_outputs/crack_2272.rf.254a991ef7fd98ec6a6308ebbbc51485.json,
crack_2278.rf.ba3e37333907da0a21d2d7bd8b3b4a65.jpg,crack,no_damage,damage,not_damage,raw_outputs/crack_2278.rf.ba3e37333907da0a21d2d7bd8b3b4a65.json,
crack_2280.rf.63d0f59086e73f74ceaa2013b0c30fa3.jpg,crack,no_damage,damage,not_damage,raw_outputs/crack_2280.rf.63d0f59086e73f74ceaa2013b0c30fa3.json,
crack_2282.rf.02bddcb4589bbed12da652f66f575a63.jpg,crack,no_damage,damage,not_damage,raw_outputs/crack_2282.rf.02bddcb4589bbed12da652f66f575a63.json,
crack_2285.rf.a15723901599d71c91e1cda57ba34623.jpg,crack,no_damage,damage,not_damage,raw_outputs/crack_2285.rf.a15723901599d71c91e1cda57ba34623.json,
crack_2287.rf.79e1dbbc228fd916eef2588de17d8bd9.jpg,crack,no_damage,damage,not_damage,raw_outputs/crack_2287.rf.79e1dbbc228fd916eef2588de17d8bd9.json,
crack_2292.rf.64207f248eb4a0a14023fb4966745651.jpg,crack,no_damage,damage,not_damage,raw_outputs/crack_2292.rf.64207f248eb4a0a14023fb4966745651.json,
crack_2292.rf.bf6c5f27e96e4e4604ba063a8187be85.jpg,crack,no_damage,damage,not_damage,raw_outputs/crack_2292.rf.bf6c5f27e96e4e4604ba063a8187be85.json,
crack_2295.rf.5272910d0b92397709a4f767a19b09a3.jpg,crack,no_damage,damage,not_damage,raw_outputs/crack_2295.rf.5272910d0b92397709a4f767a19b09a3.json,
crack_2297.rf.65936b0627fa44637334a22f25809bc3.jpg,crack,no_damage,damage,not_damage,raw_outputs/crack_2297.rf.65936b0627fa44637334a22f25809bc3.json,
crack_2297.rf.f90845c82667e86bf7116939f1801f5e.jpg,crack,no_damage,damage,not_damage,raw_outputs/crack_2297.rf.f90845c82667e86bf7116939f1801f5e.json,
crack_2304.rf.76627f116c6db44948edfe343dabfd48.jpg,crack,no_damage,damage,not_damage,raw_outputs/crack_2304.rf.76627f116c6db44948edfe343dabfd48.json,
crack_2304.rf.7c591f567b42d43daea5d70699f319d6.jpg,crack,no_damage,damage,not_damage,raw_outputs/crack_2304.rf.7c591f567b42d43daea5d70699f319d6.json,
crack_2305.rf.e314e4072f4e9560d3fc3309ba620ac1.jpg,crack,no_damage,damage,not_damage,raw_outputs/crack_2305.rf.e314e4072f4e9560d3fc3309ba620ac1.json,
crack_2311.rf.aa193448c36da91ee7fa705eb4acef61.jpg,crack,no_damage,damage,not_damage,raw_outputs/crack_2311.rf.aa193448c36da91ee7fa705eb4acef61.json,
crack_2312.rf.2cc7238d1daca816cd19e5ff5ea00338.jpg,crack,no_damage,damage,not_damage,raw_outputs/crack_2312.rf.2cc7238d1daca816cd19e5ff5ea00338.json,
crack_2320.rf.151787e78c78fd6e001e1387a95c2dfb.jpg,crack,no_damage,damage,not_damage,raw_outputs/crack_2320.rf.151787e78c78fd6e001e1387a95c2dfb.json,
crack_2320.rf.de3e0b599fbe76e40cba335bca69a3bf.jpg,crack,no_damage,damage,not_damage,raw_outputs/crack_2320.rf.de3e0b599fbe76e40cba335bca69a3bf.json,
crack_2321.rf.f87a4e788972a946cd4a309df849f184.jpg,crack,no_damage,damage,not_damage,raw_outputs/crack_2321.rf.f87a4e788972a946cd4a309df849f184.json,
crack_2322.rf.31dc73dfcd176c28e92a57f95b95bcef.jpg,crack,no_damage,damage,not_damage,raw_outputs/crack_2322.rf.31dc73dfcd176c28e92a57f95b95bcef.json,
crack_2325.rf.8b6a25436ef0de642f721d816fdaab5f.jpg,crack,no_damage,damage,not_damage,raw_outputs/crack_2325.rf.8b6a25436ef0de642f721d816fdaab5f.json,
crack_2326.rf.c6284617f46320600ad818782a990cb2.jpg,crack,no_damage,damage,not_damage,raw_outputs/crack_2326.rf.c6284617f46320600ad818782a990cb2.json,
crack_2330.rf.7d7ba16d3b57ce9464280903ee92f6f2.jpg,crack,no_damage,damage,not_damage,raw_outputs/crack_2330.rf.7d7ba16d3b57ce9464280903ee92f6f2.json,
crack_2338.rf.f74ca05f00f4ee84f0921620b17108f5.jpg,crack,no_damage,damage,not_damage,raw_outputs/crack_2338.rf.f74ca05f00f4ee84f0921620b17108f5.json,
crack_2347.rf.4d455d6b3f92aac4c89c1be8c815a4b8.jpg,crack,no_damage,damage,not_damage,raw_outputs/crack_2347.rf.4d455d6b3f92aac4c89c1be8c815a4b8.json,
crack_2347.rf.52948772e140f9e63d1fbe807a368e98.jpg,crack,no_damage,damage,not_damage,raw_outputs/crack_2347.rf.52948772e140f9e63d1fbe807a368e98.json,
crack_2354.rf.18298b016c1c990e7a3ac1909acd2158.jpg,crack,no_damage,damage,not_damage,raw_outputs/crack_2354.rf.18298b016c1c990e7a3ac1909acd2158.json,
crack_2354.rf.792704d515f85387395c3df14dc64858.jpg,crack,no_damage,damage,not_damage,raw_outputs/crack_2354.rf.792704d515f85387395c3df14dc64858.json,
crack_2356.rf.c26b2bb9abc54b4ff00513f68fe118ba.jpg,crack,no_damage,damage,not_damage,raw_outputs/crack_2356.rf.c26b2bb9abc54b4ff00513f68fe118ba.json,
crack_2357.rf.7b14a8459c388dad70ec2c9ef58d74f6.jpg,crack,no_damage,damage,not_damage,raw_outputs/crack_2357.rf.7b14a8459c388dad70ec2c9ef58d74f6.json,
crack_2359.rf.2c4da3bc2b5c839c117985c1fb1abfca.jpg,crack,no_damage,damage,not_damage,raw_outputs/crack_2359.rf.2c4da3bc2b5c839c117985c1fb1abfca.json,
crack_2361.rf.6d9cc545c2d6fc52c7ceb70bbb72d1b9.jpg,crack,no_damage,damage,not_damage,raw_outputs/crack_2361.rf.6d9cc545c2d6fc52c7ceb70bbb72d1b9.json,
crack_2366.rf.32ad348be3495c9db5663d37c5d7b884.jpg,crack,no_damage,damage,not_damage,raw_outputs/crack_2366.rf.32ad348be3495c9db5663d37c5d7b884.json,
crack_2367.rf.2a3113742a6d2d30b70c699d8d14abfb.jpg,crack,no_damage,damage,not_damage,raw_outputs/crack_2367.rf.2a3113742a6d2d30b70c699d8d14abfb.json,
crack_2373.rf.e46190ac62dfc1db6f49d8a51cb3c7f7.jpg,crack,no_damage,damage,not_damage,raw_outputs/crack_2373.rf.e46190ac62dfc1db6f49d8a51cb3c7f7.json,
crack_2374.rf.be18e13d6c19789f147d3bc46d4af26c.jpg,crack,no_damage,damage,not_damage,raw_outputs/crack_2374.rf.be18e13d6c19789f147d3bc46d4af26c.json,
crack_2376.rf.0a4fb20bd3f7e4b24cd366e7fd115549.jpg,crack,no_damage,damage,not_damage,raw_outputs/crack_2376.rf.0a4fb20bd3f7e4b24cd366e7fd115549.json,
crack_2387.rf.0859b9431796914f07132c26b8560c73.jpg,crack,no_damage,damage,not_damage,raw_outputs/crack_2387.rf.0859b9431796914f07132c26b8560c73.json,
crack_2387.rf.cafe2e8026dc398280d38d9428e552ed.jpg,crack,no_damage,damage,not_damage,raw_outputs/crack_2387.rf.cafe2e8026dc398280d38d9428e552ed.json,
crack_2391.rf.dc2706ed6c706c1ff91540fdeeb9eb99.jpg,crack,no_damage,damage,not_damage,raw_outputs/crack_2391.rf.dc2706ed6c706c1ff91540fdeeb9eb99.json,
crack_2391.rf.ea135135afbdd23ddcb4d22890210a23.jpg,crack,no_damage,damage,not_damage,raw_outputs/crack_2391.rf.ea135135afbdd23ddcb4d22890210a23.json,
crack_2392.rf.33dbd287b1b1ff37046e4d00b37d0b2d.jpg,crack,no_damage,damage,not_damage,raw_outputs/crack_2392.rf.33dbd287b1b1ff37046e4d00b37d0b2d.json,
crack_2392.rf.712064bfad2f75f724219c6560e0ccee.jpg,crack,no_damage,damage,not_damage,raw_outputs/crack_2392.rf.712064bfad2f75f724219c6560e0ccee.json,
crack_2393.rf.04dc3673007ea9df78261e4096f59693.jpg,crack,no_damage,damage,not_damage,raw_outputs/crack_2393.rf.04dc3673007ea9df78261e4096f59693.json,
crack_2393.rf.0e5c9a203b3741d3a7033c16ca808e4d.jpg,crack,no_damage,damage,not_damage,raw_outputs/crack_2393.rf.0e5c9a203b3741d3a7033c16ca808e4d.json,
crack_2399.rf.eabf0484eb8647780f8aaab9aef6ba95.jpg,crack,no_damage,damage,not_damage,raw_outputs/crack_2399.rf.eabf0484eb8647780f8aaab9aef6ba95.json,
crack_2402.rf.349e9b82640f32dab09bc23eb7f7c707.jpg,crack,no_damage,damage,not_damage,raw_outputs/crack_2402.rf.349e9b82640f32dab09bc23eb7f7c707.json,
crack_2405.rf.31f2668822d3721e005e98e836bf4a72.jpg,crack,no_damage,damage,not_damage,raw_outputs/crack_2405.rf.31f2668822d3721e005e98e836bf4a72.json,
crack_2406.rf.db0bb44a08dfb6c1f3a23840f72c52dc.jpg,crack,no_damage,damage,not_damage,raw_outputs/crack_2406.rf.db0bb44a08dfb6c1f3a23840f72c52dc.json,
crack_2414.rf.2dd8c3971d8d19777da0e3f4b25ebdde.jpg,crack,no_damage,damage,not_damage,raw_outputs/crack_2414.rf.2dd8c3971d8d19777da0e3f4b25ebdde.json,
crack_2420.rf.580a0742033a0f2eb044a10cae873b96.jpg,crack,no_damage,damage,not_damage,raw_outputs/crack_2420.rf.580a0742033a0f2eb044a10cae873b96.json,
crack_2425.rf.d8922b311826ef78126af704b7129c93.jpg,crack,no_damage,damage,not_damage,raw_outputs/crack_2425.rf.d8922b311826ef78126af704b7129c93.json,
crack_2427.rf.a6cf6b92e1c1afc11cdf49ddd130a43b.jpg,crack,no_damage,damage,not_damage,raw_outputs/crack_2427.rf.a6cf6b92e1c1afc11cdf49ddd130a43b.json,
crack_2436.rf.3e5d673abc158760b14e05386a575861.jpg,crack,no_damage,damage,not_damage,raw_outputs/crack_2436.rf.3e5d673abc158760b14e05386a575861.json,
crack_2437.rf.0d98e6b224e34447aafdf882383ea14a.jpg,crack,no_damage,damage,not_damage,raw_outputs/crack_2437.rf.0d98e6b224e34447aafdf882383ea14a.json,
crack_2441.rf.64100db82f3d2e724cf6e151d8e3fc1e.jpg,crack,no_damage,damage,not_damage,raw_outputs/crack_2441.rf.64100db82f3d2e724cf6e151d8e3fc1e.json,
crack_2445.rf.c05de866e52d672e04b6c767426b1638.jpg,crack,no_damage,damage,not_damage,raw_outputs/crack_2445.rf.c05de866e52d672e04b6c767426b1638.json,
crack_2445.rf.d5a231a0338c5d33bf7857ea5c830da7.jpg,crack,no_damage,damage,not_damage,raw_outputs/crack_2445.rf.d5a231a0338c5d33bf7857ea5c830da7.json,
crack_2447.rf.0f30ff54458c4615e29e918e82833384.jpg,crack,no_damage,damage,not_damage,raw_outputs/crack_2447.rf.0f30ff54458c4615e29e918e82833384.json,
crack_2450.rf.5056bd7eba5e452aa53d878f0ff1cd4b.jpg,crack,no_damage,damage,not_damage,raw_outputs/crack_2450.rf.5056bd7eba5e452aa53d878f0ff1cd4b.json,
crack_2452.rf.e0e78d1e2a20302c6f2c2e9128ff732c.jpg,crack,no_damage,damage,not_damage,raw_outputs/crack_2452.rf.e0e78d1e2a20302c6f2c2e9128ff732c.json,
crack_2453.rf.6443a819c707c67def83eef8df80f9b2.jpg,crack,no_damage,damage,not_damage,raw_outputs/crack_2453.rf.6443a819c707c67def83eef8df80f9b2.json,
crack_2454.rf.98ca60a89bb835f7ef56315930fdef1d.jpg,crack,no_damage,damage,not_damage,raw_outputs/crack_2454.rf.98ca60a89bb835f7ef56315930fdef1d.json,
crack_2456.rf.042a4853e2a0b87bbf819cd63654b479.jpg,crack,no_damage,damage,not_damage,raw_outputs/crack_2456.rf.042a4853e2a0b87bbf819cd63654b479.json,
crack_2458.rf.e531721f13146ae80ef38134bed9ffe8.jpg,crack,no_damage,damage,not_damage,raw_outputs/crack_2458.rf.e531721f13146ae80ef38134bed9ffe8.json,
crack_2459.rf.8295f266d493e85d2c316c22c318103d.jpg,crack,no_damage,damage,not_damage,raw_outputs/crack_2459.rf.8295f266d493e85d2c316c22c318103d.json,
crack_2465.rf.72141dc740bd8119ee187ac741c3fc6c.jpg,crack,no_damage,damage,not_damage,raw_outputs/crack_2465.rf.72141dc740bd8119ee187ac741c3fc6c.json,
crack_2468.rf.0cc6bb3e18894c5496916a52d92d2d9d.jpg,crack,no_damage,damage,not_damage,raw_outputs/crack_2468.rf.0cc6bb3e18894c5496916a52d92d2d9d.json,
crack_2472.rf.1ccc4dc488dacab8ee2749034e900f9a.jpg,crack,no_damage,damage,not_damage,raw_outputs/crack_2472.rf.1ccc4dc488dacab8ee2749034e900f9a.json,
crack_2475.rf.3e21141baccafa2d982648123fa422e9.jpg,crack,no_damage,damage,not_damage,raw_outputs/crack_2475.rf.3e21141baccafa2d982648123fa422e9.json,
crack_2475.rf.7a57dc56a215e816c0d7c5dfc9776db8.jpg,crack,no_damage,damage,not_damage,raw_outputs/crack_2475.rf.7a57dc56a215e816c0d7c5dfc9776db8.json,
crack_2478.rf.cee9f48d9f825d954de2a52da8ebd439.jpg,crack,no_damage,damage,not_damage,raw_outputs/crack_2478.rf.cee9f48d9f825d954de2a52da8ebd439.json,
crack_2480.rf.5f2195334adf98a8c2328d86862d93d0.jpg,crack,no_damage,damage,not_damage,raw_outputs/crack_2480.rf.5f2195334adf98a8c2328d86862d93d0.json,
crack_2487.rf.3160efc933753cd74dcfc3ffcedc6e93.jpg,crack,no_damage,damage,not_damage,raw_outputs/crack_2487.rf.3160efc933753cd74dcfc3ffcedc6e93.json,
crack_2494.rf.c981942361137227acf1da19b2f12b44.jpg,crack,no_damage,damage,not_damage,raw_outputs/crack_2494.rf.c981942361137227acf1da19b2f12b44.json,
crack_2495.rf.020ba175fec3e3b431fab0ca4542286f.jpg,crack,no_damage,damage,not_damage,raw_outputs/crack_2495.rf.020ba175fec3e3b431fab0ca4542286f.json,
crack_2495.rf.4065baa6d06f9b27b61944d25480ed18.jpg,crack,no_damage,damage,not_damage,raw_outputs/crack_2495.rf.4065baa6d06f9b27b61944d25480ed18.json,
crack_2496.rf.3c4af0f29a713e7b8599c35b9c96c215.jpg,crack,no_damage,damage,not_damage,raw_outputs/crack_2496.rf.3c4af0f29a713e7b8599c35b9c96c215.json,
crack_2500.rf.0b59429553ca4ded521948563662b43c.jpg,crack,no_damage,damage,not_damage,raw_outputs/crack_2500.rf.0b59429553ca4ded521948563662b43c.json,
crack_2507.rf.97f0380b8a11bff4a9fde7f29ffbf136.jpg,crack,no_damage,damage,not_damage,raw_outputs/crack_2507.rf.97f0380b8a11bff4a9fde7f29ffbf136.json,
crack_2516.rf.d6b08b89afadf9408abed8a58ca7e32e.jpg,crack,no_damage,damage,not_damage,raw_outputs/crack_2516.rf.d6b08b89afadf9408abed8a58ca7e32e.json,
crack_2518.rf.8a72cca3e5ca0d355c6a66b46de19516.jpg,crack,no_damage,damage,not_damage,raw_outputs/crack_2518.rf.8a72cca3e5ca0d355c6a66b46de19516.json,
crack_2521.rf.5c8eec712e5cece037bebe9acf24e35b.jpg,crack,no_damage,damage,not_damage,raw_outputs/crack_2521.rf.5c8eec712e5cece037bebe9acf24e35b.json,
crack_2525.rf.8041b6a0955d3ec03d68456002dc0c6c.jpg,crack,no_damage,damage,not_damage,raw_outputs/crack_2525.rf.8041b6a0955d3ec03d68456002dc0c6c.json,
crack_2525.rf.872ee63005c4ef26019057b5b542e2d2.jpg,crack,no_damage,damage,not_damage,raw_outputs/crack_2525.rf.872ee63005c4ef26019057b5b542e2d2.json,
crack_2527.rf.0989878f2ba621e293a902e207226d6b.jpg,crack,no_damage,damage,not_damage,raw_outputs/crack_2527.rf.0989878f2ba621e293a902e207226d6b.json,
crack_2529.rf.db0cb90cbefbdb23c8299029f7986268.jpg,crack,no_damage,damage,not_damage,raw_outputs/crack_2529.rf.db0cb90cbefbdb23c8299029f7986268.json,
crack_2529.rf.e6188f7cdfd68cb933aaf8a0a5375fd7.jpg,crack,no_damage,damage,not_damage,raw_outputs/crack_2529.rf.e6188f7cdfd68cb933aaf8a0a5375fd7.json,
crack_2533.rf.7ff82e3b0a7f431ec30e0a0889f0f925.jpg,crack,no_damage,damage,not_damage,raw_outputs/crack_2533.rf.7ff82e3b0a7f431ec30e0a0889f0f925.json,
crack_2540.rf.cdd101d457b1cbe859d287ffe2a03c14.jpg,crack,no_damage,damage,not_damage,raw_outputs/crack_2540.rf.cdd101d457b1cbe859d287ffe2a03c14.json,
crack_2546.rf.4f01a0564cf6b25474895a66313d198d.jpg,crack,no_damage,damage,not_damage,raw_outputs/crack_2546.rf.4f01a0564cf6b25474895a66313d198d.json,
crack_2557.rf.9e29140ecc1edd878b956ea9e81d575f.jpg,crack,no_damage,damage,not_damage,raw_outputs/crack_2557.rf.9e29140ecc1edd878b956ea9e81d575f.json,
crack_2565.rf.2173380f2db6ed904d4b0619df188e19.jpg,crack,no_damage,damage,not_damage,raw_outputs/crack_2565.rf.2173380f2db6ed904d4b0619df188e19.json,
crack_2566.rf.c14f8e57212fbb28745bf043bb701fb7.jpg,crack,no_damage,damage,not_damage,raw_outputs/crack_2566.rf.c14f8e57212fbb28745bf043bb701fb7.json,
crack_2567.rf.0cbc6f6a6b4501936999395b44a4d5a2.jpg,crack,no_damage,damage,not_damage,raw_outputs/crack_2567.rf.0cbc6f6a6b4501936999395b44a4d5a2.json,
crack_2568.rf.93d8cba59dd939920a200c415b610ec9.jpg,crack,no_damage,damage,not_damage,raw_outputs/crack_2568.rf.93d8cba59dd939920a200c415b610ec9.json,
crack_2569.rf.c6087b7ab765796b56a0f20638ccc573.jpg,crack,no_damage,damage,not_damage,raw_outputs/crack_2569.rf.c6087b7ab765796b56a0f20638ccc573.json,
crack_2571.rf.c75438f9101243c57b97df7b91963eec.jpg,crack,no_damage,damage,not_damage,raw_outputs/crack_2571.rf.c75438f9101243c57b97df7b91963eec.json,
crack_2573.rf.939b9eb75fa47cffc2e5e3ff533c2d8a.jpg,crack,no_damage,damage,not_damage,raw_outputs/crack_2573.rf.939b9eb75fa47cffc2e5e3ff533c2d8a.json,
crack_2577.rf.6d9d9af15dd4394a55f96fe78253c8a1.jpg,crack,no_damage,damage,not_damage,raw_outputs/crack_2577.rf.6d9d9af15dd4394a55f96fe78253c8a1.json,
crack_2578.rf.a1ec7b40fd97002224ba18b4e9211ed7.jpg,crack,no_damage,damage,not_damage,raw_outputs/crack_2578.rf.a1ec7b40fd97002224ba18b4e9211ed7.json,
crack_2580.rf.77d7330cc49ec9bf12ca5a1e4a1e4c70.jpg,crack,no_damage,damage,not_damage,raw_outputs/crack_2580.rf.77d7330cc49ec9bf12ca5a1e4a1e4c70.json,
crack_2582.rf.5b641aa78b524e459e09b82bc692c4d2.jpg,crack,no_damage,damage,not_damage,raw_outputs/crack_2582.rf.5b641aa78b524e459e09b82bc692c4d2.json,
crack_2582.rf.bfb7c530e5f5680e74b320637a3bf801.jpg,crack,no_damage,damage,not_damage,raw_outputs/crack_2582.rf.bfb7c530e5f5680e74b320637a3bf801.json,
crack_2582.rf.c451ec47316fa2f88313d5db6bd90564.jpg,crack,no_damage,damage,not_damage,raw_outputs/crack_2582.rf.c451ec47316fa2f88313d5db6bd90564.json,
crack_2585.rf.39aaa63a2a183e32631f0de582fada71.jpg,crack,no_damage,damage,not_damage,raw_outputs/crack_2585.rf.39aaa63a2a183e32631f0de582fada71.json,
crack_2587.rf.538c182917ddf721bbb12249defd3443.jpg,crack,no_damage,damage,not_damage,raw_outputs/crack_2587.rf.538c182917ddf721bbb12249defd3443.json,
crack_2588.rf.f4afec9e57a55506f82ac18326a5b960.jpg,crack,no_damage,damage,not_damage,raw_outputs/crack_2588.rf.f4afec9e57a55506f82ac18326a5b960.json,
crack_2591.rf.819d97e485149ff75bb40cfe1660bc33.jpg,crack,no_damage,damage,not_damage,raw_outputs/crack_2591.rf.819d97e485149ff75bb40cfe1660bc33.json,
crack_2591.rf.99d64cfc1f66ccb8bcb9e3f9926c515e.jpg,crack,no_damage,damage,not_damage,raw_outputs/crack_2591.rf.99d64cfc1f66ccb8bcb9e3f9926c515e.json,
crack_2591.rf.d46cbaa05ea4257a56fe209635891933.jpg,crack,no_damage,damage,not_damage,raw_outputs/crack_2591.rf.d46cbaa05ea4257a56fe209635891933.json,
crack_2598.rf.fb2d14eb9bfc4be095213faec31239da.jpg,crack,no_damage,damage,not_damage,raw_outputs/crack_2598.rf.fb2d14eb9bfc4be095213faec31239da.json,
crack_2599.rf.e5f904d51bdc412eff6500083ce00d90.jpg,crack,no_damage,damage,not_damage,raw_outputs/crack_2599.rf.e5f904d51bdc412eff6500083ce00d90.json,
crack_2601.rf.1f80c143bf20a575be4dca397e4f29ae.jpg,crack,no_damage,damage,not_damage,raw_outputs/crack_2601.rf.1f80c143bf20a575be4dca397e4f29ae.json,
crack_2602.rf.6658928fa036692fe360de65b2a996c7.jpg,crack,no_damage,damage,not_damage,raw_outputs/crack_2602.rf.6658928fa036692fe360de65b2a996c7.json,
crack_2602.rf.e5a868ceeb9e46404395b053cc80715a.jpg,crack,no_damage,damage,not_damage,raw_outputs/crack_2602.rf.e5a868ceeb9e46404395b053cc80715a.json,
crack_3004.rf.618771ee014da9ce71aba41593299ae9.jpg,crack,no_damage,damage,not_damage,raw_outputs/crack_3004.rf.618771ee014da9ce71aba41593299ae9.json,
crack_3005.rf.f514c52517f27165cc2faf4ad4116ec4.jpg,crack,no_damage,damage,not_damage,raw_outputs/crack_3005.rf.f514c52517f27165cc2faf4ad4116ec4.json,
crack_3006.rf.d963b547945f4bbab06cfe0ccfc0552f.jpg,crack,no_damage,damage,not_damage,raw_outputs/crack_3006.rf.d963b547945f4bbab06cfe0ccfc0552f.json,
crack_3008.rf.2081b4e2c4733d4c205e6d7f0f432d3c.jpg,crack,no_damage,damage,not_damage,raw_outputs/crack_3008.rf.2081b4e2c4733d4c205e6d7f0f432d3c.json,
crack_3010.rf.c6d23d41884037fe972dfec030c492d7.jpg,crack,no_damage,damage,not_damage,raw_outputs/crack_3010.rf.c6d23d41884037fe972dfec030c492d7.json,
crack_3017.rf.ceaed59e87bd2e91e1cd21e1eed328d3.jpg,crack,no_damage,damage,not_damage,raw_outputs/crack_3017.rf.ceaed59e87bd2e91e1cd21e1eed328d3.json,
crack_3019.rf.e853b8d502af917ed6417f18b930cc34.jpg,crack,no_damage,damage,not_damage,raw_outputs/crack_3019.rf.e853b8d502af917ed6417f18b930cc34.json,
crack_3020.rf.1fbecb20b96e38f157bd8f9cdb21ff81.jpg,crack,no_damage,damage,not_damage,raw_outputs/crack_3020.rf.1fbecb20b96e38f157bd8f9cdb21ff81.json,
crack_3020.rf.33a92c4a6b29e681bde28abf6e482f97.jpg,crack,no_damage,damage,not_damage,raw_outputs/crack_3020.rf.33a92c4a6b29e681bde28abf6e482f97.json,
crack_3022.rf.87e820ba57df051da39a87813858acaa.jpg,crack,no_damage,damage,not_damage,raw_outputs/crack_3022.rf.87e820ba57df051da39a87813858acaa.json,
crack_3026.rf.6d3276d9c7de82a1548d563ba90ed561.jpg,crack,no_damage,damage,not_damage,raw_outputs/crack_3026.rf.6d3276d9c7de82a1548d563ba90ed561.json,
crack_3029.rf.7587a10ff91b66a6a0402b5e838fb1ba.jpg,crack,no_damage,damage,not_damage,raw_outputs/crack_3029.rf.7587a10ff91b66a6a0402b5e838fb1ba.json,
crack_3033.rf.05fd4914979895edd1fcb7aa6f953cc1.jpg,crack,no_damage,damage,not_damage,raw_outputs/crack_3033.rf.05fd4914979895edd1fcb7aa6f953cc1.json,
crack_3034.rf.e128a4c4a287e305e561547ca4e141df.jpg,crack,no_damage,damage,not_damage,raw_outputs/crack_3034.rf.e128a4c4a287e305e561547ca4e141df.json,
crack_3042.rf.7894c3b05fde0f0c6788d1bb992a1017.jpg,crack,no_damage,damage,not_damage,raw_outputs/crack_3042.rf.7894c3b05fde0f0c6788d1bb992a1017.json,
crack_3044.rf.b313ce78f0f8fd1fe2112f715eafab7f.jpg,crack,no_damage,damage,not_damage,raw_outputs/crack_3044.rf.b313ce78f0f8fd1fe2112f715eafab7f.json,
crack_3046.rf.cd56f7991c9f18a2b91b6e564d243591.jpg,crack,no_damage,damage,not_damage,raw_outputs/crack_3046.rf.cd56f7991c9f18a2b91b6e564d243591.json,
crack_3046.rf.f48247bd13b504597a1e037a05d5a9a3.jpg,crack,no_damage,damage,not_damage,raw_outputs/crack_3046.rf.f48247bd13b504597a1e037a05d5a9a3.json,
crack_3054.rf.9d0c2da01246a5a9c6a134c7347404d9.jpg,crack,no_damage,damage,not_damage,raw_outputs/crack_3054.rf.9d0c2da01246a5a9c6a134c7347404d9.json,
crack_3056.rf.3f543db8f2b3c153cca79da5cc3d2fc0.jpg,crack,no_damage,damage,not_damage,raw_outputs/crack_3056.rf.3f543db8f2b3c153cca79da5cc3d2fc0.json,
crack_3056.rf.c07a6492cf2f80d139c0f8aca8706864.jpg,crack,no_damage,damage,not_damage,raw_outputs/crack_3056.rf.c07a6492cf2f80d139c0f8aca8706864.json,
crack_3057.rf.7ddc3a679bdc859fe521c3a37507f2c4.jpg,crack,no_damage,damage,not_damage,raw_outputs/crack_3057.rf.7ddc3a679bdc859fe521c3a37507f2c4.json,
crack_3064.rf.3a453190833e9f2bb7f2e45409a18a11.jpg,crack,no_damage,damage,not_damage,raw_outputs/crack_3064.rf.3a453190833e9f2bb7f2e45409a18a11.json,
crack_3064.rf.9178a90619f1b5e31b57a53e16c61c72.jpg,crack,no_damage,damage,not_damage,raw_outputs/crack_3064.rf.9178a90619f1b5e31b57a53e16c61c72.json,
crack_3065.rf.685a16f9f7200128ab595b0bcf20a94e.jpg,crack,no_damage,damage,not_damage,raw_outputs/crack_3065.rf.685a16f9f7200128ab595b0bcf20a94e.json,
crack_3069.rf.2325ae3930cc4da4c6796d0941c35545.jpg,crack,no_damage,damage,not_damage,raw_outputs/crack_3069.rf.2325ae3930cc4da4c6796d0941c35545.json,
crack_3077.rf.3cc4879845fd30567aa2e2cb70eb2478.jpg,crack,no_damage,damage,not_damage,raw_outputs/crack_3077.rf.3cc4879845fd30567aa2e2cb70eb2478.json,
crack_3078.rf.70a281221c83ae3e03097311f8573433.jpg,crack,no_damage,damage,not_damage,raw_outputs/crack_3078.rf.70a281221c83ae3e03097311f8573433.json,
crack_3079.rf.c005abadbdb1411844fedc6ed81976d4.jpg,crack,no_damage,damage,not_damage,raw_outputs/crack_3079.rf.c005abadbdb1411844fedc6ed81976d4.json,
crack_3079.rf.dcbce5b0d1316f96bab50135d320d548.jpg,crack,no_damage,damage,not_damage,raw_outputs/crack_3079.rf.dcbce5b0d1316f96bab50135d320d548.json,
crack_3084.rf.039f9f989d49b738c209b83dc6bd3742.jpg,crack,no_damage,damage,not_damage,raw_outputs/crack_3084.rf.039f9f989d49b738c209b83dc6bd3742.json,
crack_3088.rf.29b2384619a21078bee553f3f1b4c46a.jpg,crack,no_damage,damage,not_damage,raw_outputs/crack_3088.rf.29b2384619a21078bee553f3f1b4c46a.json,
crack_3090.rf.849e3e0b9f21abe56cb1ed0fe3cd53d4.jpg,crack,no_damage,damage,not_damage,raw_outputs/crack_3090.rf.849e3e0b9f21abe56cb1ed0fe3cd53d4.json,
crack_3092.rf.6bac0272c4a989d96602e9e2d8705ee4.jpg,crack,no_damage,damage,not_damage,raw_outputs/crack_3092.rf.6bac0272c4a989d96602e9e2d8705ee4.json,
crack_3095.rf.3491ca05c43e1abfb6bf32bf71a67ef3.jpg,crack,no_damage,damage,not_damage,raw_outputs/crack_3095.rf.3491ca05c43e1abfb6bf32bf71a67ef3.json,
crack_3098.rf.be4251a3ae53b9cf38f71da619bc0280.jpg,crack,no_damage,damage,not_damage,raw_outputs/crack_3098.rf.be4251a3ae53b9cf38f71da619bc0280.json,
crack_3098.rf.d6b958b87f6478e240171e3de92faad6.jpg,crack,no_damage,damage,not_damage,raw_outputs/crack_3098.rf.d6b958b87f6478e240171e3de92faad6.json,
crack_3102.rf.d32ef23e46622807695a2e9840cd4395.jpg,crack,no_damage,damage,not_damage,raw_outputs/crack_3102.rf.d32ef23e46622807695a2e9840cd4395.json,
crack_3112.rf.c6b4d174fa2748db8397d7086427a85e.jpg,crack,no_damage,damage,not_damage,raw_outputs/crack_3112.rf.c6b4d174fa2748db8397d7086427a85e.json,
crack_3113.rf.af68a89a9a42315effa226c4ec3c5d8a.jpg,crack,no_damage,damage,not_damage,raw_outputs/crack_3113.rf.af68a89a9a42315effa226c4ec3c5d8a.json,
crack_3115.rf.ed29da42fdc4cc83d97ab122239588be.jpg,crack,no_damage,damage,not_damage,raw_outputs/crack_3115.rf.ed29da42fdc4cc83d97ab122239588be.json,
crack_3116.rf.e7ddecfa533590aeab2a6676190f8cd7.jpg,crack,no_damage,damage,not_damage,raw_outputs/crack_3116.rf.e7ddecfa533590aeab2a6676190f8cd7.json,
crack_3123.rf.5cdcae8da28544e80de73793ca3199b8.jpg,crack,no_damage,damage,not_damage,raw_outputs/crack_3123.rf.5cdcae8da28544e80de73793ca3199b8.json,
crack_3126.rf.b3b42036ce20ce67445b8c3dc82d20fe.jpg,crack,no_damage,damage,not_damage,raw_outputs/crack_3126.rf.b3b42036ce20ce67445b8c3dc82d20fe.json,
crack_3127.rf.b720145d7c1bc838006addc9b3515f08.jpg,crack,no_damage,damage,not_damage,raw_outputs/crack_3127.rf.b720145d7c1bc838006addc9b3515f08.json,
crack_3131.rf.564399526ea4780f988b8dfe6cbb52d6.jpg,crack,no_damage,damage,not_damage,raw_outputs/crack_3131.rf.564399526ea4780f988b8dfe6cbb52d6.json,
crack_3136.rf.5d68847e0312702da8960c261c6cf5aa.jpg,crack,no_damage,damage,not_damage,raw_outputs/crack_3136.rf.5d68847e0312702da8960c261c6cf5aa.json,
crack_3136.rf.930e0739f86e0d25bfbdf3822dedebb5.jpg,crack,no_damage,damage,not_damage,raw_outputs/crack_3136.rf.930e0739f86e0d25bfbdf3822dedebb5.json,
crack_3137.rf.a83bb9c7dcb0b1dab1a5bf818c423185.jpg,crack,no_damage,damage,not_damage,raw_outputs/crack_3137.rf.a83bb9c7dcb0b1dab1a5bf818c423185.json,
crack_3138.rf.e956e6840bb43c6f8df6b63f8e615fa3.jpg,crack,no_damage,damage,not_damage,raw_outputs/crack_3138.rf.e956e6840bb43c6f8df6b63f8e615fa3.json,
crack_3140.rf.d4ea5cfe55a692bd69b42fc14fe68a09.jpg,crack,no_damage,damage,not_damage,raw_outputs/crack_3140.rf.d4ea5cfe55a692bd69b42fc14fe68a09.json,
crack_3144.rf.37fe6777272459c6a6fce3dd98339afa.jpg,crack,no_damage,damage,not_damage,raw_outputs/crack_3144.rf.37fe6777272459c6a6fce3dd98339afa.json,
crack_3144.rf.f5962db58c344fa4420f0566a34358d0.jpg,crack,no_damage,damage,not_damage,raw_outputs/crack_3144.rf.f5962db58c344fa4420f0566a34358d0.json,
crack_3145.rf.61527f75dbe7b8fa8684d12d72b2dc31.jpg,crack,no_damage,damage,not_damage,raw_outputs/crack_3145.rf.61527f75dbe7b8fa8684d12d72b2dc31.json,
crack_3146.rf.d507eca2a41f634143b2d41f839a7c5e.jpg,crack,no_damage,damage,not_damage,raw_outputs/crack_3146.rf.d507eca2a41f634143b2d41f839a7c5e.json,
crack_3149.rf.b1c09cb8d6a6500a67cb83764e8f5955.jpg,crack,no_damage,damage,not_damage,raw_outputs/crack_3149.rf.b1c09cb8d6a6500a67cb83764e8f5955.json,
crack_3154.rf.96c992d5b0c2d0fc334a116d0ecf9330.jpg,crack,no_damage,damage,not_damage,raw_outputs/crack_3154.rf.96c992d5b0c2d0fc334a116d0ecf9330.json,
crack_3155.rf.ae14ca9729647b0d7220e4730bd87183.jpg,crack,no_damage,damage,not_damage,raw_outputs/crack_3155.rf.ae14ca9729647b0d7220e4730bd87183.json,
crack_3158.rf.1e6e4e7c8b38248dd7dfb37ee453d52d.jpg,crack,no_damage,damage,not_damage,raw_outputs/crack_3158.rf.1e6e4e7c8b38248dd7dfb37ee453d52d.json,
crack_3161.rf.92cc892349d353c4665d6dc15e409031.jpg,crack,no_damage,damage,not_damage,raw_outputs/crack_3161.rf.92cc892349d353c4665d6dc15e409031.json,
crack_3166.rf.06cf04c4e493ced58487cc5d54324224.jpg,crack,no_damage,damage,not_damage,raw_outputs/crack_3166.rf.06cf04c4e493ced58487cc5d54324224.json,
crack_3167.rf.62d1e1f72f30f281d55dca251313cd0b.jpg,crack,no_damage,damage,not_damage,raw_outputs/crack_3167.rf.62d1e1f72f30f281d55dca251313cd0b.json,
crack_3168.rf.b09895fcbc2edf661f1a43862726d494.jpg,crack,no_damage,damage,not_damage,raw_outputs/crack_3168.rf.b09895fcbc2edf661f1a43862726d494.json,
crack_3170.rf.7ee22dfcd0e83dc0056f8988aadf4d63.jpg,crack,no_damage,damage,not_damage,raw_outputs/crack_3170.rf.7ee22dfcd0e83dc0056f8988aadf4d63.json,
crack_3175.rf.63ee56f529ea56475699940d4da94e23.jpg,crack,no_damage,damage,not_damage,raw_outputs/crack_3175.rf.63ee56f529ea56475699940d4da94e23.json,
crack_3177.rf.47c75142e574b47aed7b7f2e5cbcc70f.jpg,crack,no_damage,damage,not_damage,raw_outputs/crack_3177.rf.47c75142e574b47aed7b7f2e5cbcc70f.json,
crack_3178.rf.570f5006473ec7602794844f9dddb004.jpg,crack,no_damage,damage,not_damage,raw_outputs/crack_3178.rf.570f5006473ec7602794844f9dddb004.json,
crack_3180.rf.5ab96fedb3b28bfd86d7745143c0fc37.jpg,crack,no_damage,damage,not_damage,raw_outputs/crack_3180.rf.5ab96fedb3b28bfd86d7745143c0fc37.json,
crack_3182.rf.1947d24e6088345949330cb055df467a.jpg,crack,no_damage,damage,not_damage,raw_outputs/crack_3182.rf.1947d24e6088345949330cb055df467a.json,
crack_3184.rf.20710ac7f1441cdf585df6c8c1e2c991.jpg,crack,no_damage,damage,not_damage,raw_outputs/crack_3184.rf.20710ac7f1441cdf585df6c8c1e2c991.json,
crack_3189.rf.a6fee4195f5f42d51d735762f884e5e3.jpg,crack,no_damage,damage,not_damage,raw_outputs/crack_3189.rf.a6fee4195f5f42d51d735762f884e5e3.json,
crack_3190.rf.c868dc12b06d40769330665d81c11e03.jpg,crack,no_damage,damage,not_damage,raw_outputs/crack_3190.rf.c868dc12b06d40769330665d81c11e03.json,
crack_3193.rf.d31c6fcbec6e6695915ab603973a47a5.jpg,crack,no_damage,damage,not_damage,raw_outputs/crack_3193.rf.d31c6fcbec6e6695915ab603973a47a5.json,
crack_3194.rf.4296e7a0ba520c79943a70e23c9410b0.jpg,crack,no_damage,damage,not_damage,raw_outputs/crack_3194.rf.4296e7a0ba520c79943a70e23c9410b0.json,
crack_3194.rf.75b52c271c332f28cb245264d4922ae2.jpg,crack,no_damage,damage,not_damage,raw_outputs/crack_3194.rf.75b52c271c332f28cb245264d4922ae2.json,
crack_3197.rf.592d46979eb90dbd4340ceaab707b70c.jpg,crack,no_damage,damage,not_damage,raw_outputs/crack_3197.rf.592d46979eb90dbd4340ceaab707b70c.json,
crack_3199.rf.9e983231839b35979d50b8b7feb3b8f8.jpg,crack,no_damage,damage,not_damage,raw_outputs/crack_3199.rf.9e983231839b35979d50b8b7feb3b8f8.json,
crack_3203.rf.d8ae30f3193be24698eb4277dac89f92.jpg,crack,no_damage,damage,not_damage,raw_outputs/crack_3203.rf.d8ae30f3193be24698eb4277dac89f92.json,
crack_3205.rf.faf81eb0ba8aa6ee49f3f2792b44d0df.jpg,crack,no_damage,damage,not_damage,raw_outputs/crack_3205.rf.faf81eb0ba8aa6ee49f3f2792b44d0df.json,
crack_3211.rf.429c72c1c9f0472f041b8c29287e11a0.jpg,crack,no_damage,damage,not_damage,raw_outputs/crack_3211.rf.429c72c1c9f0472f041b8c29287e11a0.json,
crack_3212.rf.64eb1f2f0278bdf8d03c7ef48fa5a02d.jpg,crack,no_damage,damage,not_damage,raw_outputs/crack_3212.rf.64eb1f2f0278bdf8d03c7ef48fa5a02d.json,
crack_3213.rf.fb6aee95fedc1d739c8ad33e54519f25.jpg,crack,no_damage,damage,not_damage,raw_outputs/crack_3213.rf.fb6aee95fedc1d739c8ad33e54519f25.json,
crack_3214.rf.815ee84b0d516c1a1cbacc1f4d067da0.jpg,crack,no_damage,damage,not_damage,raw_outputs/crack_3214.rf.815ee84b0d516c1a1cbacc1f4d067da0.json,
crack_3216.rf.fb7247747d49c9bc5941af328202ae2e.jpg,crack,no_damage,damage,not_damage,raw_outputs/crack_3216.rf.fb7247747d49c9bc5941af328202ae2e.json,
crack_3218.rf.97e705b3fc669f9977fae6b66b335f90.jpg,crack,no_damage,damage,not_damage,raw_outputs/crack_3218.rf.97e705b3fc669f9977fae6b66b335f90.json,
crack_3223.rf.bf9e3fae90afab632844ad1f0fbe0654.jpg,crack,no_damage,damage,not_damage,raw_outputs/crack_3223.rf.bf9e3fae90afab632844ad1f0fbe0654.json,
crack_3225.rf.00490d0babc76539398c471f17b0d6e7.jpg,crack,no_damage,damage,not_damage,raw_outputs/crack_3225.rf.00490d0babc76539398c471f17b0d6e7.json,
crack_3230.rf.cdf99c85e1872477118a3b6537bbdff8.jpg,crack,no_damage,damage,not_damage,raw_outputs/crack_3230.rf.cdf99c85e1872477118a3b6537bbdff8.json,
crack_3233.rf.67e89dabba43298ad25476fc12598292.jpg,crack,no_damage,damage,not_damage,raw_outputs/crack_3233.rf.67e89dabba43298ad25476fc12598292.json,
crack_3242.rf.b60aa5634f3e2fab88199fa413a83070.jpg,crack,no_damage,damage,not_damage,raw_outputs/crack_3242.rf.b60aa5634f3e2fab88199fa413a83070.json,
crack_3244.rf.a2cc1bd7334d0b5905e7fc422bf87ab9.jpg,crack,no_damage,damage,not_damage,raw_outputs/crack_3244.rf.a2cc1bd7334d0b5905e7fc422bf87ab9.json,
crack_3249.rf.324876242a5e50163b227b7adc142e1c.jpg,crack,no_damage,damage,not_damage,raw_outputs/crack_3249.rf.324876242a5e50163b227b7adc142e1c.json,
crack_3250.rf.9b30eb344f6ec7129a1114d5769471a7.jpg,crack,no_damage,damage,not_damage,raw_outputs/crack_3250.rf.9b30eb344f6ec7129a1114d5769471a7.json,
crack_3252.rf.f567f7147dd3b871a2cde047ee6c8a6c.jpg,crack,no_damage,damage,not_damage,raw_outputs/crack_3252.rf.f567f7147dd3b871a2cde047ee6c8a6c.json,
crack_3254.rf.0c67430164e8beedc790d9c59ee5ba5f.jpg,crack,no_damage,damage,not_damage,raw_outputs/crack_3254.rf.0c67430164e8beedc790d9c59ee5ba5f.json,
crack_3255.rf.c005c0f0849ff26c1d99bc4cbe16890e.jpg,crack,no_damage,damage,not_damage,raw_outputs/crack_3255.rf.c005c0f0849ff26c1d99bc4cbe16890e.json,
crack_3260.rf.60883bfde1bb13e352f4dab217cc6422.jpg,crack,no_damage,damage,not_damage,raw_outputs/crack_3260.rf.60883bfde1bb13e352f4dab217cc6422.json,
crack_3270.rf.2ff7165d8fb7de05c4a6c207aa5f00e3.jpg,crack,no_damage,damage,not_damage,raw_outputs/crack_3270.rf.2ff7165d8fb7de05c4a6c207aa5f00e3.json,
crack_3274.rf.1e3421afe89d604acd37e9ad304408eb.jpg,crack,no_damage,damage,not_damage,raw_outputs/crack_3274.rf.1e3421afe89d604acd37e9ad304408eb.json,
crack_3274.rf.45b4d6fc3a0597f4fa8737bec7036469.jpg,crack,no_damage,damage,not_damage,raw_outputs/crack_3274.rf.45b4d6fc3a0597f4fa8737bec7036469.json,
crack_3277.rf.56a0095a4544f8989d07401f5e7be249.jpg,crack,no_damage,damage,not_damage,raw_outputs/crack_3277.rf.56a0095a4544f8989d07401f5e7be249.json,
crack_3277.rf.7629f7ed3f94d37b4e4e9b7d675f142e.jpg,crack,no_damage,damage,not_damage,raw_outputs/crack_3277.rf.7629f7ed3f94d37b4e4e9b7d675f142e.json,
crack_3278.rf.3b0b632deeb7422dfa9a317c3f3c8a71.jpg,crack,no_damage,damage,not_damage,raw_outputs/crack_3278.rf.3b0b632deeb7422dfa9a317c3f3c8a71.json,
crack_3279.rf.faebb66c6f985c751a18ba7a6adad4a3.jpg,crack,no_damage,damage,not_damage,raw_outputs/crack_3279.rf.faebb66c6f985c751a18ba7a6adad4a3.json,
crack_3281.rf.6a02a9ea5b36aec2b1049b08ee985745.jpg,crack,no_damage,damage,not_damage,raw_outputs/crack_3281.rf.6a02a9ea5b36aec2b1049b08ee985745.json,
crack_3283.rf.040671b24ddf31ed474801f11f86a56f.jpg,crack,no_damage,damage,not_damage,raw_outputs/crack_3283.rf.040671b24ddf31ed474801f11f86a56f.json,
crack_3284.rf.5a91a041e33bb7718806da4df45b310e.jpg,crack,no_damage,damage,not_damage,raw_outputs/crack_3284.rf.5a91a041e33bb7718806da4df45b310e.json,
crack_3292.rf.0a17cf1c11418e8e8b462995c4a3696f.jpg,crack,no_damage,damage,not_damage,raw_outputs/crack_3292.rf.0a17cf1c11418e8e8b462995c4a3696f.json,
crack_3293.rf.a3340b8f0e8ee540b78ebad7e843667b.jpg,crack,no_damage,damage,not_damage,raw_outputs/crack_3293.rf.a3340b8f0e8ee540b78ebad7e843667b.json,
crack_3294.rf.07a195620694b7843797ef3cbf214e44.jpg,crack,no_damage,damage,not_damage,raw_outputs/crack_3294.rf.07a195620694b7843797ef3cbf214e44.json,
crack_3294.rf.82a9a0233960614b2efb1f88cc59cae5.jpg,crack,no_damage,damage,not_damage,raw_outputs/crack_3294.rf.82a9a0233960614b2efb1f88cc59cae5.json,
crack_3296.rf.4fefa78154704dbb8635ff17294047ca.jpg,crack,no_damage,damage,not_damage,raw_outputs/crack_3296.rf.4fefa78154704dbb8635ff17294047ca.json,
crack_3298.rf.5a8c4d3ddd8f8ef21b34b4113a058985.jpg,crack,no_damage,damage,not_damage,raw_outputs/crack_3298.rf.5a8c4d3ddd8f8ef21b34b4113a058985.json,
crack_3302.rf.b83415e71cdd1932c693362604606993.jpg,crack,no_damage,damage,not_damage,raw_outputs/crack_3302.rf.b83415e71cdd1932c693362604606993.json,
crack_3305.rf.156771a6b0a28d8f815bc32fbf88cf71.jpg,crack,no_damage,damage,not_damage,raw_outputs/crack_3305.rf.156771a6b0a28d8f815bc32fbf88cf71.json,
crack_3306.rf.b72adcdf677fa01eeccf1247826ff0d8.jpg,crack,no_damage,damage,not_damage,raw_outputs/crack_3306.rf.b72adcdf677fa01eeccf1247826ff0d8.json,
crack_3312.rf.f69c241f5e789b9aa83a51d12307e249.jpg,crack,no_damage,damage,not_damage,raw_outputs/crack_3312.rf.f69c241f5e789b9aa83a51d12307e249.json,
crack_3314.rf.6eee00912a1818a9122c541763196cae.jpg,crack,no_damage,damage,not_damage,raw_outputs/crack_3314.rf.6eee00912a1818a9122c541763196cae.json,
crack_3314.rf.7614685704982aa9ea8ca1ab85312dd5.jpg,crack,no_damage,damage,not_damage,raw_outputs/crack_3314.rf.7614685704982aa9ea8ca1ab85312dd5.json,
crack_3315.rf.59522a88470cbe02a0c937d31c3194ad.jpg,crack,no_damage,damage,not_damage,raw_outputs/crack_3315.rf.59522a88470cbe02a0c937d31c3194ad.json,
crack_3319.rf.459fa7e9e202ae2e8e248e413098e82e.jpg,crack,no_damage,damage,not_damage,raw_outputs/crack_3319.rf.459fa7e9e202ae2e8e248e413098e82e.json,
crack_3321.rf.752df59fd15c324ff324541f8757232c.jpg,crack,no_damage,damage,not_damage,raw_outputs/crack_3321.rf.752df59fd15c324ff324541f8757232c.json,
crack_3323.rf.48dcc27d0df325e303967f08c3b0776f.jpg,crack,no_damage,damage,not_damage,raw_outputs/crack_3323.rf.48dcc27d0df325e303967f08c3b0776f.json,
crack_3325.rf.37dcfccee89e27eacb1980ba82894ee0.jpg,crack,no_damage,damage,not_damage,raw_outputs/crack_3325.rf.37dcfccee89e27eacb1980ba82894ee0.json,
crack_3327.rf.e01d35cdd3cfd2dd31b6b828db7c9629.jpg,crack,no_damage,damage,not_damage,raw_outputs/crack_3327.rf.e01d35cdd3cfd2dd31b6b828db7c9629.json,
crack_3330.rf.573acf4839bc5b816aff8353e6c4dfd2.jpg,crack,no_damage,damage,not_damage,raw_outputs/crack_3330.rf.573acf4839bc5b816aff8353e6c4dfd2.json,
crack_3333.rf.7e84f287d46d51a62e50dd9b0af0f746.jpg,crack,no_damage,damage,not_damage,raw_outputs/crack_3333.rf.7e84f287d46d51a62e50dd9b0af0f746.json,
crack_3335.rf.a376007f95e6549cd605b978ac65300d.jpg,crack,no_damage,damage,not_damage,raw_outputs/crack_3335.rf.a376007f95e6549cd605b978ac65300d.json,
crack_3336.rf.459d8eb5dee70f1180ac81686ea221bd.jpg,crack,no_damage,damage,not_damage,raw_outputs/crack_3336.rf.459d8eb5dee70f1180ac81686ea221bd.json,
crack_3340.rf.957db74a585935e9e66da3b375d54416.jpg,crack,no_damage,damage,not_damage,raw_outputs/crack_3340.rf.957db74a585935e9e66da3b375d54416.json,
crack_3342.rf.c020aa35b94da4f557b9144ae627267f.jpg,crack,no_damage,damage,not_damage,raw_outputs/crack_3342.rf.c020aa35b94da4f557b9144ae627267f.json,
crack_3344.rf.b16ad969af622a05e32164d8d23acdb1.jpg,crack,no_damage,damage,not_damage,raw_outputs/crack_3344.rf.b16ad969af622a05e32164d8d23acdb1.json,
crack_3345.rf.257a7c170e1ea92069a1fc9141ec5dfe.jpg,crack,no_damage,damage,not_damage,raw_outputs/crack_3345.rf.257a7c170e1ea92069a1fc9141ec5dfe.json,
crack_3346.rf.ee5d8223ab6d491a51ecac5ebccfe778.jpg,crack,no_damage,damage,not_damage,raw_outputs/crack_3346.rf.ee5d8223ab6d491a51ecac5ebccfe778.json,
crack_3350.rf.7e2f98aa7b0a648b35a8f34dd0a0ac45.jpg,crack,no_damage,damage,not_damage,raw_outputs/crack_3350.rf.7e2f98aa7b0a648b35a8f34dd0a0ac45.json,
crack_3355.rf.475c1360132e16db605e25d605a1efe6.jpg,crack,no_damage,damage,not_damage,raw_outputs/crack_3355.rf.475c1360132e16db605e25d605a1efe6.json,
crack_3355.rf.8e9d1a62d8d443d591754024fb10ce96.jpg,crack,no_damage,damage,not_damage,raw_outputs/crack_3355.rf.8e9d1a62d8d443d591754024fb10ce96.json,
crack_3359.rf.3192a626350dc55deb4b0392bc1cabbd.jpg,crack,no_damage,damage,not_damage,raw_outputs/crack_3359.rf.3192a626350dc55deb4b0392bc1cabbd.json,
crack_3361.rf.63102f9f0e2c1b1dbc79efdec8942120.jpg,crack,no_damage,damage,not_damage,raw_outputs/crack_3361.rf.63102f9f0e2c1b1dbc79efdec8942120.json,
crack_3365.rf.d9b7f8ce7b54e210a392485c72fd8da8.jpg,crack,no_damage,damage,not_damage,raw_outputs/crack_3365.rf.d9b7f8ce7b54e210a392485c72fd8da8.json,
crack_3370.rf.2df5e997b86b71537a231f5f788d2324.jpg,crack,no_damage,damage,not_damage,raw_outputs/crack_3370.rf.2df5e997b86b71537a231f5f788d2324.json,
crack_3372.rf.62ce3e887c25f9e9b88746ebbb4bbe94.jpg,crack,no_damage,damage,not_damage,raw_outputs/crack_3372.rf.62ce3e887c25f9e9b88746ebbb4bbe94.json,
crack_3375.rf.e92252b1e889e8b396f2cea7ed1e4c9f.jpg,crack,no_damage,damage,not_damage,raw_outputs/crack_3375.rf.e92252b1e889e8b396f2cea7ed1e4c9f.json,
crack_3377.rf.541e833389ad71236403728cd2ffc9d8.jpg,crack,no_damage,damage,not_damage,raw_outputs/crack_3377.rf.541e833389ad71236403728cd2ffc9d8.json,
crack_3378.rf.63295544eb502ea5e6c1733a379b08a4.jpg,crack,no_damage,damage,not_damage,raw_outputs/crack_3378.rf.63295544eb502ea5e6c1733a379b08a4.json,
crack_3379.rf.6f5fc98983dc08fb76686f6feb885005.jpg,crack,no_damage,damage,not_damage,raw_outputs/crack_3379.rf.6f5fc98983dc08fb76686f6feb885005.json,
crack_3380.rf.7b3bc3a0276d27d453a8660416f91e38.jpg,crack,no_damage,damage,not_damage,raw_outputs/crack_3380.rf.7b3bc3a0276d27d453a8660416f91e38.json,
crack_3383.rf.2d7e3bc5cb9d1e7ac53852c0e08cbbbc.jpg,crack,no_damage,damage,not_damage,raw_outputs/crack_3383.rf.2d7e3bc5cb9d1e7ac53852c0e08cbbbc.json,
crack_3390.rf.7cf90745b57f796c588b5d02ddb2df50.jpg,crack,no_damage,damage,not_damage,raw_outputs/crack_3390.rf.7cf90745b57f796c588b5d02ddb2df50.json,
crack_3396.rf.77984be5da52e2fc689b9443aec3c89d.jpg,crack,no_damage,damage,not_damage,raw_outputs/crack_3396.rf.77984be5da52e2fc689b9443aec3c89d.json,
crack_3401.rf.dd641528ae0bbf77f897bef8f6b796cd.jpg,crack,no_damage,damage,not_damage,raw_outputs/crack_3401.rf.dd641528ae0bbf77f897bef8f6b796cd.json,
crack_3402.rf.e7c92c04309e29907c99d086897aec52.jpg,crack,no_damage,damage,not_damage,raw_outputs/crack_3402.rf.e7c92c04309e29907c99d086897aec52.json,
crack_3404.rf.aeb897038892cb56e6ebac7e26abe60e.jpg,crack,no_damage,damage,not_damage,raw_outputs/crack_3404.rf.aeb897038892cb56e6ebac7e26abe60e.json,
crack_3408.rf.d8cfd0a53ab49cbdcebf7f305b457be8.jpg,crack,no_damage,damage,not_damage,raw_outputs/crack_3408.rf.d8cfd0a53ab49cbdcebf7f305b457be8.json,
crack_3409.rf.dcbc44c933fd60d55bf9aa41fc84821d.jpg,crack,no_damage,damage,not_damage,raw_outputs/crack_3409.rf.dcbc44c933fd60d55bf9aa41fc84821d.json,
crack_3411.rf.994a245493d49b47f02941b3263006ff.jpg,crack,no_damage,damage,not_damage,raw_outputs/crack_3411.rf.994a245493d49b47f02941b3263006ff.json,
crack_3411.rf.9f9fb8ad4c1fcc674b3d979f7efcec8b.jpg,crack,no_damage,damage,not_damage,raw_outputs/crack_3411.rf.9f9fb8ad4c1fcc674b3d979f7efcec8b.json,
crack_3412.rf.7b9db2a01acf7e900aba41903991fdda.jpg,crack,no_damage,damage,not_damage,raw_outputs/crack_3412.rf.7b9db2a01acf7e900aba41903991fdda.json,
crack_3412.rf.a29b16de79e9147a196566304b6964f9.jpg,crack,no_damage,damage,not_damage,raw_outputs/crack_3412.rf.a29b16de79e9147a196566304b6964f9.json,
crack_3414.rf.ef81b2d4b71cd6e66d8b358c885ba46e.jpg,crack,no_damage,damage,not_damage,raw_outputs/crack_3414.rf.ef81b2d4b71cd6e66d8b358c885ba46e.json,
crack_3416.rf.9c063425cd677a7597299725aea5560a.jpg,crack,no_damage,damage,not_damage,raw_outputs/crack_3416.rf.9c063425cd677a7597299725aea5560a.json,
crack_3425.rf.2b5955994f16370ba33b47482c567673.jpg,crack,no_damage,damage,not_damage,raw_outputs/crack_3425.rf.2b5955994f16370ba33b47482c567673.json,
crack_3425.rf.e1b2d95120dc1e903a91e618dde2469b.jpg,crack,no_damage,damage,not_damage,raw_outputs/crack_3425.rf.e1b2d95120dc1e903a91e618dde2469b.json,
crack_3426.rf.9bd5b25903ac681231f3bcb0a86e4e1c.jpg,crack,no_damage,damage,not_damage,raw_outputs/crack_3426.rf.9bd5b25903ac681231f3bcb0a86e4e1c.json,
crack_3431.rf.2bcc8b51b962eb0e3e304fe3a9163a26.jpg,crack,no_damage,damage,not_damage,raw_outputs/crack_3431.rf.2bcc8b51b962eb0e3e304fe3a9163a26.json,
crack_3433.rf.15f231369bee99e693adcc1b45995a87.jpg,crack,no_damage,damage,not_damage,raw_outputs/crack_3433.rf.15f231369bee99e693adcc1b45995a87.json,
crack_3445.rf.54b633cab76534d6ab191bf4f23caedd.jpg,crack,no_damage,damage,not_damage,raw_outputs/crack_3445.rf.54b633cab76534d6ab191bf4f23caedd.json,
crack_3449.rf.f3f5997eb1e38ccd389a75f205c06948.jpg,crack,no_damage,damage,not_damage,raw_outputs/crack_3449.rf.f3f5997eb1e38ccd389a75f205c06948.json,
crack_3453.rf.d643e7e91f1fa0320b4ffa7d5bba5485.jpg,crack,no_damage,damage,not_damage,raw_outputs/crack_3453.rf.d643e7e91f1fa0320b4ffa7d5bba5485.json,
crack_3453.rf.e58c022b01d05b460012aaa15f2d570b.jpg,crack,no_damage,damage,not_damage,raw_outputs/crack_3453.rf.e58c022b01d05b460012aaa15f2d570b.json,
crack_3454.rf.cb5e2d24539daf928b3cd2e0f4fa14fd.jpg,crack,no_damage,damage,not_damage,raw_outputs/crack_3454.rf.cb5e2d24539daf928b3cd2e0f4fa14fd.json,
crack_3457.rf.988310f3e54b2500218a8d78a506813b.jpg,crack,no_damage,damage,not_damage,raw_outputs/crack_3457.rf.988310f3e54b2500218a8d78a506813b.json,
crack_3464.rf.a04b78a5dd99d5b3e26fd81c4be7f67f.jpg,crack,no_damage,damage,not_damage,raw_outputs/crack_3464.rf.a04b78a5dd99d5b3e26fd81c4be7f67f.json,
crack_3467.rf.669612c5ed87c330457f0baf5dddbcc8.jpg,crack,no_damage,damage,not_damage,raw_outputs/crack_3467.rf.669612c5ed87c330457f0baf5dddbcc8.json,
crack_3472.rf.80142d57adbd751f42e0d0918aefd9e5.jpg,crack,no_damage,damage,not_damage,raw_outputs/crack_3472.rf.80142d57adbd751f42e0d0918aefd9e5.json,
crack_3474.rf.c8ccc57cf7b759e520fdb33b9e7e56ab.jpg,crack,no_damage,damage,not_damage,raw_outputs/crack_3474.rf.c8ccc57cf7b759e520fdb33b9e7e56ab.json,
crack_3476.rf.ce0fa0ec67a9f7bfa4a194dbdd704650.jpg,crack,no_damage,damage,not_damage,raw_outputs/crack_3476.rf.ce0fa0ec67a9f7bfa4a194dbdd704650.json,
crack_3480.rf.edec639ef49d875a72e9ef1e79c2614f.jpg,crack,no_damage,damage,not_damage,raw_outputs/crack_3480.rf.edec639ef49d875a72e9ef1e79c2614f.json,
crack_3483.rf.1d2a9b62acec62e3003011f41594414b.jpg,crack,no_damage,damage,not_damage,raw_outputs/crack_3483.rf.1d2a9b62acec62e3003011f41594414b.json,
crack_3483.rf.69ecba4c35d0766020d8fa33f5d86fd0.jpg,crack,no_damage,damage,not_damage,raw_outputs/crack_3483.rf.69ecba4c35d0766020d8fa33f5d86fd0.json,
crack_3486.rf.caf4df398831cd649dc0f478e2de3273.jpg,crack,no_damage,damage,not_damage,raw_outputs/crack_3486.rf.caf4df398831cd649dc0f478e2de3273.json,
crack_3487.rf.d080ec6dd777a10470dbafc1d65d1464.jpg,crack,no_damage,damage,not_damage,raw_outputs/crack_3487.rf.d080ec6dd777a10470dbafc1d65d1464.json,
crack_3492.rf.ef3fd7a70cc3b6b493d2504889e7d572.jpg,crack,no_damage,damage,not_damage,raw_outputs/crack_3492.rf.ef3fd7a70cc3b6b493d2504889e7d572.json,
crack_3494.rf.7adf04cd709fb8a0a895d76b4c60047a.jpg,crack,no_damage,damage,not_damage,raw_outputs/crack_3494.rf.7adf04cd709fb8a0a895d76b4c60047a.json,
crack_3495.rf.0de7398b372abbe38e0f0d59b6505299.jpg,crack,no_damage,damage,not_damage,raw_outputs/crack_3495.rf.0de7398b372abbe38e0f0d59b6505299.json,
crack_3495.rf.7cc05903c47100bcbe91e6c0659b0fa9.jpg,crack,no_damage,damage,not_damage,raw_outputs/crack_3495.rf.7cc05903c47100bcbe91e6c0659b0fa9.json,
crack_3496.rf.7617f8adc24e1afd13ead96bb09c80ca.jpg,crack,no_damage,damage,not_damage,raw_outputs/crack_3496.rf.7617f8adc24e1afd13ead96bb09c80ca.json,
crack_3496.rf.785282ad718fd801595a7be1d61cf628.jpg,crack,no_damage,damage,not_damage,raw_outputs/crack_3496.rf.785282ad718fd801595a7be1d61cf628.json,
crack_3500.rf.340fa00ecb85127cf9e973aad384842e.jpg,crack,no_damage,damage,not_damage,raw_outputs/crack_3500.rf.340fa00ecb85127cf9e973aad384842e.json,
crack_3501.rf.6a2e40f940631f7b1aac68fe26c5bc5f.jpg,crack,no_damage,damage,not_damage,raw_outputs/crack_3501.rf.6a2e40f940631f7b1aac68fe26c5bc5f.json,
crack_3505.rf.48a58ec9ee1bfc680bfb2fdf2d1b9cab.jpg,crack,no_damage,damage,not_damage,raw_outputs/crack_3505.rf.48a58ec9ee1bfc680bfb2fdf2d1b9cab.json,
crack_3509.rf.884118e4e44e525ac982a819ca17dd89.jpg,crack,no_damage,damage,not_damage,raw_outputs/crack_3509.rf.884118e4e44e525ac982a819ca17dd89.json,
crack_3511.rf.3487d9379757114db96cdfcba413b655.jpg,crack,no_damage,damage,not_damage,raw_outputs/crack_3511.rf.3487d9379757114db96cdfcba413b655.json,
crack_3515.rf.5cc4fdd6fd5f39cb434742907a287983.jpg,crack,no_damage,damage,not_damage,raw_outputs/crack_3515.rf.5cc4fdd6fd5f39cb434742907a287983.json,
crack_3517.rf.c0d0cbaeab8670e633c79461a64cb20f.jpg,crack,no_damage,damage,not_damage,raw_outputs/crack_3517.rf.c0d0cbaeab8670e633c79461a64cb20f.json,
crack_3519.rf.ec9c059ea848af9567a6fbbe70cfbd1d.jpg,crack,no_damage,damage,not_damage,raw_outputs/crack_3519.rf.ec9c059ea848af9567a6fbbe70cfbd1d.json,
crack_3520.rf.2fd9cfaca291d701f5892f594aa0de40.jpg,crack,no_damage,damage,not_damage,raw_outputs/crack_3520.rf.2fd9cfaca291d701f5892f594aa0de40.json,
crack_3522.rf.93823f42b77004cd7f7e296eb036e608.jpg,crack,no_damage,damage,not_damage,raw_outputs/crack_3522.rf.93823f42b77004cd7f7e296eb036e608.json,
crack_3522.rf.d7a1a80dc07833e42c6e241246c0f5ed.jpg,crack,no_damage,damage,not_damage,raw_outputs/crack_3522.rf.d7a1a80dc07833e42c6e241246c0f5ed.json,
crack_3523.rf.714d2181f44e5e22917968e05733b4f9.jpg,crack,no_damage,damage,not_damage,raw_outputs/crack_3523.rf.714d2181f44e5e22917968e05733b4f9.json,
crack_3523.rf.b43595c9136a3b226c7389a03738a152.jpg,crack,no_damage,damage,not_damage,raw_outputs/crack_3523.rf.b43595c9136a3b226c7389a03738a152.json,
crack_3528.rf.ff9de6836b0bac327326835ddd33e88c.jpg,crack,no_damage,damage,not_damage,raw_outputs/crack_3528.rf.ff9de6836b0bac327326835ddd33e88c.json,
crack_3533.rf.32b969a135ae4bce8a2bbc859cfbaa9f.jpg,crack,no_damage,damage,not_damage,raw_outputs/crack_3533.rf.32b969a135ae4bce8a2bbc859cfbaa9f.json,
crack_3534.rf.5e6ff53b2fdb807fe9b8f3c614e18919.jpg,crack,no_damage,damage,not_damage,raw_outputs/crack_3534.rf.5e6ff53b2fdb807fe9b8f3c614e18919.json,
crack_3534.rf.940bd99d0b38dee428eda8e2c0c5c8ab.jpg,crack,no_damage,damage,not_damage,raw_outputs/crack_3534.rf.940bd99d0b38dee428eda8e2c0c5c8ab.json,
crack_3545.rf.c82d95eefb668d0f461f9fbf357f49c0.jpg,crack,no_damage,damage,not_damage,raw_outputs/crack_3545.rf.c82d95eefb668d0f461f9fbf357f49c0.json,
crack_3545.rf.ce1e47418df21421c85176989dcab680.jpg,crack,no_damage,damage,not_damage,raw_outputs/crack_3545.rf.ce1e47418df21421c85176989dcab680.json,
crack_3550.rf.2e584efa43e2fbd65c4538ee52e2c516.jpg,crack,no_damage,damage,not_damage,raw_outputs/crack_3550.rf.2e584efa43e2fbd65c4538ee52e2c516.json,
crack_3553.rf.ae81ff86bc004522da102908c29cae85.jpg,crack,no_damage,damage,not_damage,raw_outputs/crack_3553.rf.ae81ff86bc004522da102908c29cae85.json,
crack_3558.rf.4c873a12968c4c4b5864afd192720f45.jpg,crack,no_damage,damage,not_damage,raw_outputs/crack_3558.rf.4c873a12968c4c4b5864afd192720f45.json,
crack_3558.rf.982e1c8e3aebd6046ff4d91b4216bf23.jpg,crack,no_damage,damage,not_damage,raw_outputs/crack_3558.rf.982e1c8e3aebd6046ff4d91b4216bf23.json,
crack_3566.rf.77a5a81405181400d431c40415a61d25.jpg,crack,no_damage,damage,not_damage,raw_outputs/crack_3566.rf.77a5a81405181400d431c40415a61d25.json,
crack_3567.rf.f1a7fe4e6a5a995bc4e950d8932f7a47.jpg,crack,no_damage,damage,not_damage,raw_outputs/crack_3567.rf.f1a7fe4e6a5a995bc4e950d8932f7a47.json,
crack_3569.rf.5127ebf475047584c00e5cec5a295a3c.jpg,crack,no_damage,damage,not_damage,raw_outputs/crack_3569.rf.5127ebf475047584c00e5cec5a295a3c.json,
crack_3575.rf.b9185404e1ecab3dce1d5d12cb801e6c.jpg,crack,no_damage,damage,not_damage,raw_outputs/crack_3575.rf.b9185404e1ecab3dce1d5d12cb801e6c.json,
crack_3576.rf.e59920443e90ea59e12e05eb0d7e8e16.jpg,crack,no_damage,damage,not_damage,raw_outputs/crack_3576.rf.e59920443e90ea59e12e05eb0d7e8e16.json,
crack_3577.rf.36a4d261c669ea7a52a2d5caf97f3ed1.jpg,crack,no_damage,damage,not_damage,raw_outputs/crack_3577.rf.36a4d261c669ea7a52a2d5caf97f3ed1.json,
crack_3578.rf.fe6a8d1803bb0cf3b2cc80a62809a55d.jpg,crack,no_damage,damage,not_damage,raw_outputs/crack_3578.rf.fe6a8d1803bb0cf3b2cc80a62809a55d.json,
crack_3580.rf.3909a8f37fce10f3543f7f7094b79939.jpg,crack,no_damage,damage,not_damage,raw_outputs/crack_3580.rf.3909a8f37fce10f3543f7f7094b79939.json,
crack_3585.rf.5107a8b7e39500dfff3baf03204aa619.jpg,crack,no_damage,damage,not_damage,raw_outputs/crack_3585.rf.5107a8b7e39500dfff3baf03204aa619.json,
crack_3586.rf.07c0796a2f9d07bcabed643196ebd3c7.jpg,crack,no_damage,damage,not_damage,raw_outputs/crack_3586.rf.07c0796a2f9d07bcabed643196ebd3c7.json,
crack_3588.rf.c6d621e5aa3cd0a8187e5c44c89dc87d.jpg,crack,no_damage,damage,not_damage,raw_outputs/crack_3588.rf.c6d621e5aa3cd0a8187e5c44c89dc87d.json,
crack_3591.rf.256a3290978249a13d7e4a6a33151bb2.jpg,crack,no_damage,damage,not_damage,raw_outputs/crack_3591.rf.256a3290978249a13d7e4a6a33151bb2.json,
crack_3592.rf.1755fffcb85518e49eb0efc75a22d879.jpg,crack,no_damage,damage,not_damage,raw_outputs/crack_3592.rf.1755fffcb85518e49eb0efc75a22d879.json,
crack_3592.rf.ca902456e9cd03835e65467959e8f686.jpg,crack,no_damage,damage,not_damage,raw_outputs/crack_3592.rf.ca902456e9cd03835e65467959e8f686.json,
crack_3596.rf.58f051b5d98df8d684c0ac133f6b38d7.jpg,crack,no_damage,damage,not_damage,raw_outputs/crack_3596.rf.58f051b5d98df8d684c0ac133f6b38d7.json,
crack_3802.rf.197804a1e3e9606c9f406c2666c4144e.jpg,crack,no_damage,damage,not_damage,raw_outputs/crack_3802.rf.197804a1e3e9606c9f406c2666c4144e.json,
crack_3802.rf.80a04a1822958bd654f0c80224a3595c.jpg,crack,no_damage,damage,not_damage,raw_outputs/crack_3802.rf.80a04a1822958bd654f0c80224a3595c.json,
crack_3803.rf.1d8054e4e827cbb1fa0fc03a3341ee33.jpg,crack,no_damage,damage,not_damage,raw_outputs/crack_3803.rf.1d8054e4e827cbb1fa0fc03a3341ee33.json,
crack_3807.rf.b3379326cf9ec3dc5227869ed02618a9.jpg,crack,no_damage,damage,not_damage,raw_outputs/crack_3807.rf.b3379326cf9ec3dc5227869ed02618a9.json,
crack_3814.rf.34ba2be6003245feaa9a82d1b9376ed7.jpg,crack,no_damage,damage,not_damage,raw_outputs/crack_3814.rf.34ba2be6003245feaa9a82d1b9376ed7.json,
crack_3815.rf.c2a736af53ad40764227fd2780f2220d.jpg,crack,no_damage,damage,not_damage,raw_outputs/crack_3815.rf.c2a736af53ad40764227fd2780f2220d.json,
crack_3819.rf.c79cf679d2530e69a2899fe636c400d9.jpg,crack,no_damage,damage,not_damage,raw_outputs/crack_3819.rf.c79cf679d2530e69a2899fe636c400d9.json,
crack_3823.rf.957875e70be98090cd7b4821887912ed.jpg,crack,no_damage,damage,not_damage,raw_outputs/crack_3823.rf.957875e70be98090cd7b4821887912ed.json,
crack_3824.rf.3c6f188258616b299da6e8a3d003f5b7.jpg,crack,no_damage,damage,not_damage,raw_outputs/crack_3824.rf.3c6f188258616b299da6e8a3d003f5b7.json,
crack_3829.rf.890d402d1a92a21ac5e715bd9b4250ff.jpg,crack,no_damage,damage,not_damage,raw_outputs/crack_3829.rf.890d402d1a92a21ac5e715bd9b4250ff.json,
crack_3834.rf.ebd39354721449c39dc57b229ce8cf96.jpg,crack,no_damage,damage,not_damage,raw_outputs/crack_3834.rf.ebd39354721449c39dc57b229ce8cf96.json,
crack_3845.rf.4ffa1ad7fa18dcd7cc9fb049f07b0873.jpg,crack,no_damage,damage,not_damage,raw_outputs/crack_3845.rf.4ffa1ad7fa18dcd7cc9fb049f07b0873.json,
crack_3849.rf.d07091e23f04b722ae2822b3375b862c.jpg,crack,no_damage,damage,not_damage,raw_outputs/crack_3849.rf.d07091e23f04b722ae2822b3375b862c.json,
crack_3860.rf.af260736f1666f52986fdd201205d3c0.jpg,crack,no_damage,damage,not_damage,raw_outputs/crack_3860.rf.af260736f1666f52986fdd201205d3c0.json,
crack_3888.rf.e06c2009505ca1a8b6f2fe012e7a2591.jpg,crack,no_damage,damage,not_damage,raw_outputs/crack_3888.rf.e06c2009505ca1a8b6f2fe012e7a2591.json,
crack_3893.rf.4ed5e2f7feba32df2a3233b02129e496.jpg,crack,no_damage,damage,not_damage,raw_outputs/crack_3893.rf.4ed5e2f7feba32df2a3233b02129e496.json,
crack_3894.rf.d8e427badfc9f1e09a14759d6c4dd1f3.jpg,crack,no_damage,damage,not_damage,raw_outputs/crack_3894.rf.d8e427badfc9f1e09a14759d6c4dd1f3.json,
crack_3897.rf.94c81f86436f41e7bba4b2e66934a470.jpg,crack,no_damage,damage,not_damage,raw_outputs/crack_3897.rf.94c81f86436f41e7bba4b2e66934a470.json,
crack_3899.rf.2f096d5e56946e139b838aa0e121ed76.jpg,crack,no_damage,damage,not_damage,raw_outputs/crack_3899.rf.2f096d5e56946e139b838aa0e121ed76.json,
crack_3899.rf.4ed8a43cee727f6c780398f6f4101dc0.jpg,crack,no_damage,damage,not_damage,raw_outputs/crack_3899.rf.4ed8a43cee727f6c780398f6f4101dc0.json,
crack_3902.rf.6744b965e33ba342401d34a203584def.jpg,crack,no_damage,damage,not_damage,raw_outputs/crack_3902.rf.6744b965e33ba342401d34a203584def.json,
crack_3904.rf.35df3550b1f3661a4a6c43adf797a1dc.jpg,crack,no_damage,damage,not_damage,raw_outputs/crack_3904.rf.35df3550b1f3661a4a6c43adf797a1dc.json,
crack_3907.rf.967dfa9e38c62d1f34edc1f1d8927773.jpg,crack,no_damage,damage,not_damage,raw_outputs/crack_3907.rf.967dfa9e38c62d1f34edc1f1d8927773.json,
crack_3907.rf.e329022f6e01fd1c1476f7efc17e028d.jpg,crack,no_damage,damage,not_damage,raw_outputs/crack_3907.rf.e329022f6e01fd1c1476f7efc17e028d.json,
crack_3908.rf.04cfc9a751802cfa766669eb6c29d4a1.jpg,crack,no_damage,damage,not_damage,raw_outputs/crack_3908.rf.04cfc9a751802cfa766669eb6c29d4a1.json,
crack_3915.rf.8884b25199977c5ac2d1983aaaf45008.jpg,crack,no_damage,damage,not_damage,raw_outputs/crack_3915.rf.8884b25199977c5ac2d1983aaaf45008.json,
crack_776.rf.d05cf5f23d8fc139168bff5635d4aa69.jpg,crack,no_damage,damage,not_damage,raw_outputs/crack_776.rf.d05cf5f23d8fc139168bff5635d4aa69.json,
crack_776.rf.ed98cde6b2a7041477e7705290e761cd.jpg,crack,no_damage,damage,not_damage,raw_outputs/crack_776.rf.ed98cde6b2a7041477e7705290e761cd.json,
crack_785.rf.7acaed00d57f80a375671b6d1c1c984b.jpg,crack,no_damage,damage,not_damage,raw_outputs/crack_785.rf.7acaed00d57f80a375671b6d1c1c984b.json,
house_Collapses_Minor_12_jpeg.rf.d1462cb4072cce11f837efa5a7579a3e.jpg,damage,no_damage,damage,not_damage,raw_outputs/house_Collapses_Minor_12_jpeg.rf.d1462cb4072cce11f837efa5a7579a3e.json,
house_Collapses_Minor_18_png.rf.da0f70e78599e713b4de4d1613d4ffb9.jpg,damage,no_damage,damage,not_damage,raw_outputs/house_Collapses_Minor_18_png.rf.da0f70e78599e713b4de4d1613d4ffb9.json,
house_Collapses_Minor_22_png.rf.48e25c72c99ad41b8aa44459b5e81022.jpg,damage,no_damage,damage,not_damage,raw_outputs/house_Collapses_Minor_22_png.rf.48e25c72c99ad41b8aa44459b5e81022.json,
house_Collapses_Minor_23_png.rf.86dabc1500d3fbcf3f6dc894368a9d15.jpg,damage,no_damage,damage,not_damage,raw_outputs/house_Collapses_Minor_23_png.rf.86dabc1500d3fbcf3f6dc894368a9d15.json,
house_Collapses_Minor_6_jpeg.rf.57895189c8668b26e89fcb3457c4f074.jpg,damage,no_damage,damage,not_damage,raw_outputs/house_Collapses_Minor_6_jpeg.rf.57895189c8668b26e89fcb3457c4f074.json,
house_Collapses_Minor_9_jpeg.rf.a90b4559eaf4bbddd1736aacdc4244d0.jpg,damage,no_damage,damage,not_damage,raw_outputs/house_Collapses_Minor_9_jpeg.rf.a90b4559eaf4bbddd1736aacdc4244d0.json,
house_Collapses_Moderate_12_png.rf.6446631e14691e70c8efb9dd4e09051a.jpg,damage,no_damage,damage,not_damage,raw_outputs/house_Collapses_Moderate_12_png.rf.6446631e14691e70c8efb9dd4e09051a.json,
house_Collapses_Moderate_18_png.rf.ad5fc57b385512b7391157deecd1e2d4.jpg,damage,no_damage,damage,not_damage,raw_outputs/house_Collapses_Moderate_18_png.rf.ad5fc57b385512b7391157deecd1e2d4.json,
house_Collapses_Moderate_19_png.rf.28cf18d5ce53482817f9f5460a54f5a8.jpg,damage,no_damage,damage,not_damage,raw_outputs/house_Collapses_Moderate_19_png.rf.28cf18d5ce53482817f9f5460a54f5a8.json,
house_Collapses_Moderate_26_png.rf.aad59019ba56615515916d6de723becc.jpg,damage,no_damage,damage,not_damage,raw_outputs/house_Collapses_Moderate_26_png.rf.aad59019ba56615515916d6de723becc.json,
house_Collapses_Severe_10_png.rf.b477c9c87fccb4b08dec257942c04062.jpg,damage,no_damage,damage,not_damage,raw_outputs/house_Collapses_Severe_10_png.rf.b477c9c87fccb4b08dec257942c04062.json,
house_Collapses_Severe_28_jpg.rf.0a45f6faf0f1ef041f2c53b86ac86126.jpg,damage,no_damage,damage,not_damage,raw_outputs/house_Collapses_Severe_28_jpg.rf.0a45f6faf0f1ef041f2c53b86ac86126.json,
house_Collapses_Severe_34_jpg.rf.21bb72f004b1164c1ef35dcf128a07cf.jpg,damage,no_damage,damage,not_damage,raw_outputs/house_Collapses_Severe_34_jpg.rf.21bb72f004b1164c1ef35dcf128a07cf.json,
house_Collapses_Severe_48_jpg.rf.954ec4dd8bfd0a62ff6545d13df7be32.jpg,damage,no_damage,damage,not_damage,raw_outputs/house_Collapses_Severe_48_jpg.rf.954ec4dd8bfd0a62ff6545d13df7be32.json,
house_Collapses_Severe_49_jpg.rf.5bfdfcfa884bd0eafc88008323fa18b1.jpg,damage,no_damage,damage,not_damage,raw_outputs/house_Collapses_Severe_49_jpg.rf.5bfdfcfa884bd0eafc88008323fa18b1.json,
house_Collapses_Severe_54_jpg.rf.edb20d17020fe1a53218b64f74f99b2b.jpg,damage,no_damage,damage,not_damage,raw_outputs/house_Collapses_Severe_54_jpg.rf.edb20d17020fe1a53218b64f74f99b2b.json,
house_Cracks_Minor_107_jpg.rf.3289925c8200833c8acfd19cb99b1784.jpg,damage,no_damage,damage,not_damage,raw_outputs/house_Cracks_Minor_107_jpg.rf.3289925c8200833c8acfd19cb99b1784.json,
house_Cracks_Minor_15_jpg.rf.4d93b138e649a15c45773b102f6665be.jpg,damage,no_damage,damage,not_damage,raw_outputs/house_Cracks_Minor_15_jpg.rf.4d93b138e649a15c45773b102f6665be.json,
house_Cracks_Minor_17_jpg.rf.9541f5416d72a01dcc8a1bb8a44b1eb1.jpg,damage,no_damage,damage,not_damage,raw_outputs/house_Cracks_Minor_17_jpg.rf.9541f5416d72a01dcc8a1bb8a44b1eb1.json,
house_Cracks_Minor_18_jpg.rf.58d6f636021dcb56ef3e7dab0353b673.jpg,damage,no_damage,damage,not_damage,raw_outputs/house_Cracks_Minor_18_jpg.rf.58d6f636021dcb56ef3e7dab0353b673.json,
house_Cracks_Minor_32_jpg.rf.14c2e2ecb69c1ec65cdcf155bdfe97c5.jpg,damage,no_damage,damage,not_damage,raw_outputs/house_Cracks_Minor_32_jpg.rf.14c2e2ecb69c1ec65cdcf155bdfe97c5.json,
house_Cracks_Minor_43_jpg.rf.4587314445107b6bb042666980170917.jpg,damage,no_damage,damage,not_damage,raw_outputs/house_Cracks_Minor_43_jpg.rf.4587314445107b6bb042666980170917.json,
house_Cracks_Minor_47_jpg.rf.fa51a510d73d106dc682f19e31d93887.jpg,damage,no_damage,damage,not_damage,raw_outputs/house_Cracks_Minor_47_jpg.rf.fa51a510d73d106dc682f19e31d93887.json,
house_Cracks_Minor_48_jpg.rf.137b74a843f5465f549dfca38902d45f.jpg,damage,no_damage,damage,not_damage,raw_outputs/house_Cracks_Minor_48_jpg.rf.137b74a843f5465f549dfca38902d45f.json,
house_Cracks_Minor_55_jpg.rf.58756dc37e742b14c5a03b15ec7f7380.jpg,damage,no_damage,damage,not_damage,raw_outputs/house_Cracks_Minor_55_jpg.rf.58756dc37e742b14c5a03b15ec7f7380.json,
house_Cracks_Minor_60_jpg.rf.e97d1e163fd7731b912d1505559c314a.jpg,damage,no_damage,damage,not_damage,raw_outputs/house_Cracks_Minor_60_jpg.rf.e97d1e163fd7731b912d1505559c314a.json,
house_Cracks_Minor_63_jpg.rf.3a27b0fb4b4e7fe9903b846ec894e77c.jpg,damage,no_damage,damage,not_damage,raw_outputs/house_Cracks_Minor_63_jpg.rf.3a27b0fb4b4e7fe9903b846ec894e77c.json,
house_Cracks_Minor_6_jpg.rf.4a9ea13cd2cf8891b399fb3e666e4255.jpg,damage,no_damage,damage,not_damage,raw_outputs/house_Cracks_Minor_6_jpg.rf.4a9ea13cd2cf8891b399fb3e666e4255.json,
house_Cracks_Minor_74_jpg.rf.cbfaf55646190871f4637957b4600580.jpg,damage,no_damage,damage,not_damage,raw_outputs/house_Cracks_Minor_74_jpg.rf.cbfaf55646190871f4637957b4600580.json,
house_Cracks_Minor_86_jpg.rf.d1cd59df48ca1ad48c6f19637046e94a.jpg,damage,no_damage,damage,not_damage,raw_outputs/house_Cracks_Minor_86_jpg.rf.d1cd59df48ca1ad48c6f19637046e94a.json,
house_Cracks_Minor_88_jpg.rf.9a5a4461de4c815868d5c10a32e3997a.jpg,damage,no_damage,damage,not_damage,raw_outputs/house_Cracks_Minor_88_jpg.rf.9a5a4461de4c815868d5c10a32e3997a.json,
house_Cracks_Minor_89_jpg.rf.2090747bacfb34d11c121cc2c3214910.jpg,damage,no_damage,damage,not_damage,raw_outputs/house_Cracks_Minor_89_jpg.rf.2090747bacfb34d11c121cc2c3214910.json,
house_Cracks_Moderate_100_jpg.rf.7d37f52eef38707e669b0269dd222ebc.jpg,damage,no_damage,damage,not_damage,raw_outputs/house_Cracks_Moderate_100_jpg.rf.7d37f52eef38707e669b0269dd222ebc.json,
house_Cracks_Moderate_108_jpg.rf.30cd547c1972491fc1afe6ba1da2c5fe.jpg,damage,no_damage,damage,not_damage,raw_outputs/house_Cracks_Moderate_108_jpg.rf.30cd547c1972491fc1afe6ba1da2c5fe.json,
house_Cracks_Moderate_110_jpg.rf.283fc66adc91fcc354b4d4ea81bab35c.jpg,damage,no_damage,damage,not_damage,raw_outputs/house_Cracks_Moderate_110_jpg.rf.283fc66adc91fcc354b4d4ea81bab35c.json,
house_Cracks_Moderate_112_jpg.rf.493c600464c0dedd782bd2669ab661bd.jpg,damage,no_damage,damage,not_damage,raw_outputs/house_Cracks_Moderate_112_jpg.rf.493c600464c0dedd782bd2669ab661bd.json,
house_Cracks_Moderate_115_jpg.rf.c05e7ab336e117ad2b03db0a50b0ee53.jpg,damage,no_damage,damage,not_damage,raw_outputs/house_Cracks_Moderate_115_jpg.rf.c05e7ab336e117ad2b03db0a50b0ee53.json,
house_Cracks_Moderate_117_jpg.rf.5c9050257c65b543d790fd1a0f2a75ec.jpg,damage,no_damage,damage,not_damage,raw_outputs/house_Cracks_Moderate_117_jpg.rf.5c9050257c65b543d790fd1a0f2a75ec.json,
house_Cracks_Moderate_119_jpg.rf.924c865170207257d7877d70d7133a71.jpg,damage,no_damage,damage,not_damage,raw_outputs/house_Cracks_Moderate_119_jpg.rf.924c865170207257d7877d70d7133a71.json,
house_Cracks_Moderate_11_jpg.rf.8dabeaf65abcf7eb92b118ef204ed82e.jpg,damage,no_damage,damage,not_damage,raw_outputs/house_Cracks_Moderate_11_jpg.rf.8dabeaf65abcf7eb92b118ef204ed82e.json,
house_Cracks_Moderate_13_jpg.rf.bb76f6369bfaf074fab1296a6aaed92a.jpg,damage,no_damage,damage,not_damage,raw_outputs/house_Cracks_Moderate_13_jpg.rf.bb76f6369bfaf074fab1296a6aaed92a.json,
house_Cracks_Moderate_14_jpg.rf.ac3281e38327204519a4f0dc97bcebd4.jpg,damage,no_damage,damage,not_damage,raw_outputs/house_Cracks_Moderate_14_jpg.rf.ac3281e38327204519a4f0dc97bcebd4.json,
house_Cracks_Moderate_24_jpg.rf.c208ed33be29b00ff4c60306ae014484.jpg,damage,no_damage,damage,not_damage,raw_outputs/house_Cracks_Moderate_24_jpg.rf.c208ed33be29b00ff4c60306ae014484.json,
house_Cracks_Moderate_26_jpg.rf.ec8d0ef1ee2982053b5d305bd0149adf.jpg,damage,no_damage,damage,not_damage,raw_outputs/house_Cracks_Moderate_26_jpg.rf.ec8d0ef1ee2982053b5d305bd0149adf.json,
house_Cracks_Moderate_34_jpg.rf.8a666663a98ae8a1b8511a7179dec23b.jpg,damage,no_damage,damage,not_damage,raw_outputs/house_Cracks_Moderate_34_jpg.rf.8a666663a98ae8a1b8511a7179dec23b.json,
house_Cracks_Moderate_39_jpg.rf.75e40673306b30aa4eb2d06ec5437aac.jpg,damage,no_damage,damage,not_damage,raw_outputs/house_Cracks_Moderate_39_jpg.rf.75e40673306b30aa4eb2d06ec5437aac.json,
house_Cracks_Moderate_40_jpg.rf.cdeb42ef444cc147bd6ab4497f32b518.jpg,damage,no_damage,damage,not_damage,raw_outputs/house_Cracks_Moderate_40_jpg.rf.cdeb42ef444cc147bd6ab4497f32b518.json,
house_Cracks_Moderate_42_jpg.rf.cb336df2389bb12467ae04a9ee39b988.jpg,damage,no_damage,damage,not_damage,raw_outputs/house_Cracks_Moderate_42_jpg.rf.cb336df2389bb12467ae04a9ee39b988.json,
house_Cracks_Moderate_43_jpg.rf.2f0ccf4a7d0b1a99bab507468523d591.jpg,damage,no_damage,damage,not_damage,raw_outputs/house_Cracks_Moderate_43_jpg.rf.2f0ccf4a7d0b1a99bab507468523d591.json,
house_Cracks_Moderate_45_jpg.rf.d0a39fb21a1c549cba38119167ffd9c1.jpg,damage,no_damage,damage,not_damage,raw_outputs/house_Cracks_Moderate_45_jpg.rf.d0a39fb21a1c549cba38119167ffd9c1.json,
house_Cracks_Moderate_46_jpg.rf.053b874384006aabf408b8996e84bcae.jpg,damage,no_damage,damage,not_damage,raw_outputs/house_Cracks_Moderate_46_jpg.rf.053b874384006aabf408b8996e84bcae.json,
house_Cracks_Moderate_51_jpg.rf.63407843aac249c10727a906cd692339.jpg,damage,no_damage,damage,not_damage,raw_outputs/house_Cracks_Moderate_51_jpg.rf.63407843aac249c10727a906cd692339.json,
house_Cracks_Moderate_53_jpg.rf.1154bd70dd76c3cf1f3b06f04726b11d.jpg,damage,no_damage,damage,not_damage,raw_outputs/house_Cracks_Moderate_53_jpg.rf.1154bd70dd76c3cf1f3b06f04726b11d.json,
house_Cracks_Moderate_58_jpg.rf.b180bde0f5358133bcc1b30869885e4b.jpg,damage,no_damage,damage,not_damage,raw_outputs/house_Cracks_Moderate_58_jpg.rf.b180bde0f5358133bcc1b30869885e4b.json,
house_Cracks_Moderate_60_jpg.rf.3d1e01ebfbeee8db5ab5ede6af3b655f.jpg,damage,no_damage,damage,not_damage,raw_outputs/house_Cracks_Moderate_60_jpg.rf.3d1e01ebfbeee8db5ab5ede6af3b655f.json,
house_Cracks_Moderate_68_jpg.rf.a9d4cd12f98fe18d3607e428f70a7326.jpg,damage,no_damage,damage,not_damage,raw_outputs/house_Cracks_Moderate_68_jpg.rf.a9d4cd12f98fe18d3607e428f70a7326.json,
house_Cracks_Moderate_80_jpg.rf.ab0ce513af074dbf53ce246350b32edf.jpg,damage,no_damage,damage,not_damage,raw_outputs/house_Cracks_Moderate_80_jpg.rf.ab0ce513af074dbf53ce246350b32edf.json,
house_Cracks_Moderate_84_jpg.rf.4152bc851aade8ba7be211bd0d6698af.jpg,damage,no_damage,damage,not_damage,raw_outputs/house_Cracks_Moderate_84_jpg.rf.4152bc851aade8ba7be211bd0d6698af.json,
house_Cracks_Moderate_86_jpg.rf.8f93a768f8e2b8b14c7f62173f5330b8.jpg,damage,no_damage,damage,not_damage,raw_outputs/house_Cracks_Moderate_86_jpg.rf.8f93a768f8e2b8b14c7f62173f5330b8.json,
house_Cracks_Moderate_92_jpg.rf.e4ab7d5bc97318562fe35d4a8c596ff9.jpg,damage,no_damage,damage,not_damage,raw_outputs/house_Cracks_Moderate_92_jpg.rf.e4ab7d5bc97318562fe35d4a8c596ff9.json,
house_Cracks_Severe_106_jpg.rf.b35eb972c56358e44217ff9c22b14b8a.jpg,damage,no_damage,damage,not_damage,raw_outputs/house_Cracks_Severe_106_jpg.rf.b35eb972c56358e44217ff9c22b14b8a.json,
house_Cracks_Severe_111_jpg.rf.2444b8ca78c738c9b59e6a5c8ada5413.jpg,damage,no_damage,damage,not_damage,raw_outputs/house_Cracks_Severe_111_jpg.rf.2444b8ca78c738c9b59e6a5c8ada5413.json,
house_Cracks_Severe_126_jpg.rf.9e5eca6e3200b8024035438b1c3c0bfa.jpg,damage,no_damage,damage,not_damage,raw_outputs/house_Cracks_Severe_126_jpg.rf.9e5eca6e3200b8024035438b1c3c0bfa.json,
house_Cracks_Severe_131_jpg.rf.6a12dbc6e608030c6e914174f64ca1ed.jpg,damage,no_damage,damage,not_damage,raw_outputs/house_Cracks_Severe_131_jpg.rf.6a12dbc6e608030c6e914174f64ca1ed.json,
house_Cracks_Severe_132_jpg.rf.c1c6da66973bc300ff47b1b1d0ceb965.jpg,damage,no_damage,damage,not_damage,raw_outputs/house_Cracks_Severe_132_jpg.rf.c1c6da66973bc300ff47b1b1d0ceb965.json,
house_Cracks_Severe_135_jpg.rf.ab6c13fa6484247f3671964a92a942fd.jpg,damage,no_damage,damage,not_damage,raw_outputs/house_Cracks_Severe_135_jpg.rf.ab6c13fa6484247f3671964a92a942fd.json,
house_Cracks_Severe_136_jpg.rf.29b8d2e50e2128d79699433cad5569cc.jpg,damage,no_damage,damage,not_damage,raw_outputs/house_Cracks_Severe_136_jpg.rf.29b8d2e50e2128d79699433cad5569cc.json,
house_Cracks_Severe_139_jpg.rf.db559eb3f8218a96b3181719f479ea15.jpg,damage,no_damage,damage,not_damage,raw_outputs/house_Cracks_Severe_139_jpg.rf.db559eb3f8218a96b3181719f479ea15.json,
house_Cracks_Severe_148_jpg.rf.3f272461154c9e705a17304af3dcb19f.jpg,damage,no_damage,damage,not_damage,raw_outputs/house_Cracks_Severe_148_jpg.rf.3f272461154c9e705a17304af3dcb19f.json,
house_Cracks_Severe_149_jpg.rf.3867de9b5dd1463eb5a041a985b99fa1.jpg,damage,no_damage,damage,not_damage,raw_outputs/house_Cracks_Severe_149_jpg.rf.3867de9b5dd1463eb5a041a985b99fa1.json,
house_Cracks_Severe_152_jpg.rf.efed0b154f2b8aadce6e820c7b0f1d38.jpg,damage,no_damage,damage,not_damage,raw_outputs/house_Cracks_Severe_152_jpg.rf.efed0b154f2b8aadce6e820c7b0f1d38.json,
house_Cracks_Severe_154_jpg.rf.023fcfa58008cfe168145ee9837aa22c.jpg,damage,no_damage,damage,not_damage,raw_outputs/house_Cracks_Severe_154_jpg.rf.023fcfa58008cfe168145ee9837aa22c.json,
house_Cracks_Severe_15_jpg.rf.d5e01cd1e931e609dfd4e8a0ea73f009.jpg,damage,no_damage,damage,not_damage,raw_outputs/house_Cracks_Severe_15_jpg.rf.d5e01cd1e931e609dfd4e8a0ea73f009.json,
house_Cracks_Severe_163_jpg.rf.d99d374a77c7bcdf0181237873f59031.jpg,damage,no_damage,damage,not_damage,raw_outputs/house_Cracks_Severe_163_jpg.rf.d99d374a77c7bcdf0181237873f59031.json,
house_Cracks_Severe_168_jpg.rf.e0ab7c105b4b9aaba672badbe57bc35c.jpg,damage,no_damage,damage,not_damage,raw_outputs/house_Cracks_Severe_168_jpg.rf.e0ab7c105b4b9aaba672badbe57bc35c.json,
house_Cracks_Severe_169_jpg.rf.227cb40165ece3db5d639c438c4868b7.jpg,damage,no_damage,damage,not_damage,raw_outputs/house_Cracks_Severe_169_jpg.rf.227cb40165ece3db5d639c438c4868b7.json,
house_Cracks_Severe_170_jpg.rf.26ee64d98bd37259592c6fd2c59a501a.jpg,damage,no_damage,damage,not_damage,raw_outputs/house_Cracks_Severe_170_jpg.rf.26ee64d98bd37259592c6fd2c59a501a.json,
house_Cracks_Severe_173_jpg.rf.54fad148819cd92495cdcee061970500.jpg,damage,no_damage,damage,not_damage,raw_outputs/house_Cracks_Severe_173_jpg.rf.54fad148819cd92495cdcee061970500.json,
house_Cracks_Severe_183_jpg.rf.8ec2b3befec32385493144d690b1a330.jpg,damage,no_damage,damage,not_damage,raw_outputs/house_Cracks_Severe_183_jpg.rf.8ec2b3befec32385493144d690b1a330.json,
house_Cracks_Severe_18_jpg.rf.4c10658789eba71028bbfb06989f4560.jpg,damage,no_damage,damage,not_damage,raw_outputs/house_Cracks_Severe_18_jpg.rf.4c10658789eba71028bbfb06989f4560.json,
house_Cracks_Severe_21_jpg.rf.72d485f6b4f76a0783924e4b7b1b7f08.jpg,damage,no_damage,damage,not_damage,raw_outputs/house_Cracks_Severe_21_jpg.rf.72d485f6b4f76a0783924e4b7b1b7f08.json,
house_Cracks_Severe_26_jpg.rf.6d153639e9faa87f16bf160065f44a2d.jpg,damage,no_damage,damage,not_damage,raw_outputs/house_Cracks_Severe_26_jpg.rf.6d153639e9faa87f16bf160065f44a2d.json,
house_Cracks_Severe_28_jpg.rf.be40517908ac7c835a365191532ae904.jpg,damage,no_damage,damage,not_damage,raw_outputs/house_Cracks_Severe_28_jpg.rf.be40517908ac7c835a365191532ae904.json,
house_Cracks_Severe_34_jpg.rf.861d811f69f7840e22870d43d6521088.jpg,damage,no_damage,damage,not_damage,raw_outputs/house_Cracks_Severe_34_jpg.rf.861d811f69f7840e22870d43d6521088.json,
house_Cracks_Severe_36_jpg.rf.377cca8e8a6876a6efad22c1b81fdb07.jpg,damage,no_damage,damage,not_damage,raw_outputs/house_Cracks_Severe_36_jpg.rf.377cca8e8a6876a6efad22c1b81fdb07.json,
house_Cracks_Severe_46_jpg.rf.a4612fc82e4a0a07a87f0edcda319188.jpg,damage,no_damage,damage,not_damage,raw_outputs/house_Cracks_Severe_46_jpg.rf.a4612fc82e4a0a07a87f0edcda319188.json,
house_Cracks_Severe_49_jpg.rf.2057d91ebe3421235d984ffadbdd8e07.jpg,damage,no_damage,damage,not_damage,raw_outputs/house_Cracks_Severe_49_jpg.rf.2057d91ebe3421235d984ffadbdd8e07.json,
house_Cracks_Severe_66_jpg.rf.a5efe7495b61b10f4bd335caf079488f.jpg,damage,no_damage,damage,not_damage,raw_outputs/house_Cracks_Severe_66_jpg.rf.a5efe7495b61b10f4bd335caf079488f.json,
house_Cracks_Severe_6_jpg.rf.aed48e69683a3f813026d997df0ab5b8.jpg,damage,no_damage,damage,not_damage,raw_outputs/house_Cracks_Severe_6_jpg.rf.aed48e69683a3f813026d997df0ab5b8.json,
house_Cracks_Severe_84_jpg.rf.17bb848c5c9d863911aa90d367738ca6.jpg,damage,no_damage,damage,not_damage,raw_outputs/house_Cracks_Severe_84_jpg.rf.17bb848c5c9d863911aa90d367738ca6.json,
house_Cracks_Severe_88_jpg.rf.b80b433c195dc632d80feada5a23d52d.jpg,damage,no_damage,damage,not_damage,raw_outputs/house_Cracks_Severe_88_jpg.rf.b80b433c195dc632d80feada5a23d52d.json,
house_Cracks_Severe_94_jpg.rf.0845613553edc1a2879ff8b40789411e.jpg,damage,no_damage,damage,not_damage,raw_outputs/house_Cracks_Severe_94_jpg.rf.0845613553edc1a2879ff8b40789411e.json,
house_Cracks_Severe_97_jpg.rf.6ec21091a9390e0b75183a37e0f61ccc.jpg,damage,no_damage,damage,not_damage,raw_outputs/house_Cracks_Severe_97_jpg.rf.6ec21091a9390e0b75183a37e0f61ccc.json,
house_FireDamage_106_png.rf.a3039f02d5c404735f45c3bb7d1f22d6.jpg,damage,no_damage,damage,not_damage,raw_outputs/house_FireDamage_106_png.rf.a3039f02d5c404735f45c3bb7d1f22d6.json,
house_FireDamage_107_png.rf.48d66ba5a7841f58f96e660405a7cf78.jpg,damage,no_damage,damage,not_damage,raw_outputs/house_FireDamage_107_png.rf.48d66ba5a7841f58f96e660405a7cf78.json,
house_FireDamage_111_png.rf.d3c7c90cb35265426b68b0735aa57754.jpg,damage,no_damage,damage,not_damage,raw_outputs/house_FireDamage_111_png.rf.d3c7c90cb35265426b68b0735aa57754.json,
house_FireDamage_112_png.rf.2435783c01d31cd6357df067aab09703.jpg,damage,no_damage,damage,not_damage,raw_outputs/house_FireDamage_112_png.rf.2435783c01d31cd6357df067aab09703.json,
house_FireDamage_11_png.rf.9a4b4bd967d7d779497d8ffb2ddcd81f.jpg,damage,no_damage,damage,not_damage,raw_outputs/house_FireDamage_11_png.rf.9a4b4bd967d7d779497d8ffb2ddcd81f.json,
house_FireDamage_135_png.rf.b3e96b0ada2c0ec00a0eaa425f782c5d.jpg,damage,no_damage,damage,not_damage,raw_outputs/house_FireDamage_135_png.rf.b3e96b0ada2c0ec00a0eaa425f782c5d.json,
house_FireDamage_13_png.rf.da9ba18310fa940001cabfb814c7f6d5.jpg,damage,no_damage,damage,not_damage,raw_outputs/house_FireDamage_13_png.rf.da9ba18310fa940001cabfb814c7f6d5.json,
house_FireDamage_142_jpg.rf.494e92ca28f25d080672d35e1b36eacb.jpg,damage,no_damage,damage,not_damage,raw_outputs/house_FireDamage_142_jpg.rf.494e92ca28f25d080672d35e1b36eacb.json,
house_FireDamage_152_jpg.rf.98d1e2369ee5c02ea16b241cac6cae31.jpg,damage,no_damage,damage,not_damage,raw_outputs/house_FireDamage_152_jpg.rf.98d1e2369ee5c02ea16b241cac6cae31.json,
house_FireDamage_171_png.rf.d5a686ddb8a85e57137738efe7623f92.jpg,damage,no_damage,damage,not_damage,raw_outputs/house_FireDamage_171_png.rf.d5a686ddb8a85e57137738efe7623f92.json,
house_FireDamage_175_png.rf.9499bcb4715b833f2ef29cbf56ed717d.jpg,damage,no_damage,damage,not_damage,raw_outputs/house_FireDamage_175_png.rf.9499bcb4715b833f2ef29cbf56ed717d.json,
house_FireDamage_190_png.rf.7d363d088b24cf81c1f3c0d850f4eb4a.jpg,damage,no_damage,damage,not_damage,raw_outputs/house_FireDamage_190_png.rf.7d363d088b24cf81c1f3c0d850f4eb4a.json,
house_FireDamage_197_png.rf.f9f901701d9e07434940770becc13c5c.jpg,damage,no_damage,damage,not_damage,raw_outputs/house_FireDamage_197_png.rf.f9f901701d9e07434940770becc13c5c.json,
house_FireDamage_198_png.rf.75172898a10035d7d717ced23f90db83.jpg,damage,no_damage,damage,not_damage,raw_outputs/house_FireDamage_198_png.rf.75172898a10035d7d717ced23f90db83.json,
house_FireDamage_19_png.rf.db15149b844a0de0a6a3b0f6b8dad6ef.jpg,damage,no_damage,damage,not_damage,raw_outputs/house_FireDamage_19_png.rf.db15149b844a0de0a6a3b0f6b8dad6ef.json,
house_FireDamage_206_png.rf.fd409577790902fad3ec9b208e748b65.jpg,damage,no_damage,damage,not_damage,raw_outputs/house_FireDamage_206_png.rf.fd409577790902fad3ec9b208e748b65.json,
house_FireDamage_208_png.rf.9b8dd0256507b34805806ad7244a8241.jpg,damage,no_damage,damage,not_damage,raw_outputs/house_FireDamage_208_png.rf.9b8dd0256507b34805806ad7244a8241.json,
house_FireDamage_209_png.rf.8ef4483577e1c26397c695192752a90f.jpg,damage,no_damage,damage,not_damage,raw_outputs/house_FireDamage_209_png.rf.8ef4483577e1c26397c695192752a90f.json,
house_FireDamage_213_png.rf.998bdaea6afba6b95d07b6b5da9c1fb0.jpg,damage,no_damage,damage,not_damage,raw_outputs/house_FireDamage_213_png.rf.998bdaea6afba6b95d07b6b5da9c1fb0.json,
house_FireDamage_214_png.rf.22e1cb5b963c7b514472113fac14a210.jpg,damage,no_damage,damage,not_damage,raw_outputs/house_FireDamage_214_png.rf.22e1cb5b963c7b514472113fac14a210.json,
house_FireDamage_216_png.rf.554dffeadd19a77c5635ab0df1c55630.jpg,damage,no_damage,damage,not_damage,raw_outputs/house_FireDamage_216_png.rf.554dffeadd19a77c5635ab0df1c55630.json,
house_FireDamage_221_jpg.rf.1a7c9404465f9d9e09b79eb9fe88ab1a.jpg,damage,no_damage,damage,not_damage,raw_outputs/house_FireDamage_221_jpg.rf.1a7c9404465f9d9e09b79eb9fe88ab1a.json,
house_FireDamage_225_jpg.rf.1a473a65e606db6ab6357bcd9609226b.jpg,damage,no_damage,damage,not_damage,raw_outputs/house_FireDamage_225_jpg.rf.1a473a65e606db6ab6357bcd9609226b.json,
house_FireDamage_226_jpg.rf.e80c2fffb3cb4281ea37cb0b2134de08.jpg,damage,no_damage,damage,not_damage,raw_outputs/house_FireDamage_226_jpg.rf.e80c2fffb3cb4281ea37cb0b2134de08.json,
house_FireDamage_229_jpg.rf.5152fa0383ee3916f5060e9bb8e09c5b.jpg,damage,no_damage,damage,not_damage,raw_outputs/house_FireDamage_229_jpg.rf.5152fa0383ee3916f5060e9bb8e09c5b.json,
house_FireDamage_233_jpg.rf.ab66f2386f1a6c78737224883c9fc450.jpg,damage,no_damage,damage,not_damage,raw_outputs/house_FireDamage_233_jpg.rf.ab66f2386f1a6c78737224883c9fc450.json,
house_FireDamage_235_jpg.rf.f98c0bc8f1b582e9cfab481ceb1123b1.jpg,damage,no_damage,damage,not_damage,raw_outputs/house_FireDamage_235_jpg.rf.f98c0bc8f1b582e9cfab481ceb1123b1.json,
house_FireDamage_23_png.rf.e98ac73ec96a01a802f4c029547ad3a8.jpg,damage,no_damage,damage,not_damage,raw_outputs/house_FireDamage_23_png.rf.e98ac73ec96a01a802f4c029547ad3a8.json,
house_FireDamage_258_jpg.rf.f6c31d31621b8f0bb37e3401dbdf8e84.jpg,damage,no_damage,damage,not_damage,raw_outputs/house_FireDamage_258_jpg.rf.f6c31d31621b8f0bb37e3401dbdf8e84.json,
house_FireDamage_30_jpg.rf.be36dde1253d6cf434d48fea450f589f.jpg,damage,no_damage,damage,not_damage,raw_outputs/house_FireDamage_30_jpg.rf.be36dde1253d6cf434d48fea450f589f.json,
house_FireDamage_36_jpg.rf.4d076e73d7f231aeb02cd728ed83442d.jpg,damage,no_damage,damage,not_damage,raw_outputs/house_FireDamage_36_jpg.rf.4d076e73d7f231aeb02cd728ed83442d.json,
house_FireDamage_39_png.rf.eff4a05313f3368b5b8d61f2ca873c68.jpg,damage,no_damage,damage,not_damage,raw_outputs/house_FireDamage_39_png.rf.eff4a05313f3368b5b8d61f2ca873c68.json,
house_FireDamage_54_png.rf.f6a8a0112a6c24d23d14db6627d8e5e7.jpg,damage,no_damage,damage,not_damage,raw_outputs/house_FireDamage_54_png.rf.f6a8a0112a6c24d23d14db6627d8e5e7.json,
house_FireDamage_63_jpg.rf.45648951747c5db30a2219bdb149e35d.jpg,damage,no_damage,damage,not_damage,raw_outputs/house_FireDamage_63_jpg.rf.45648951747c5db30a2219bdb149e35d.json,
house_FireDamage_78_jpg.rf.cef46ebe097bef064567e83592f25b3d.jpg,damage,no_damage,damage,not_damage,raw_outputs/house_FireDamage_78_jpg.rf.cef46ebe097bef064567e83592f25b3d.json,
house_FireDamage_7_png.rf.8b7a33d303138432cf8833ce77739b19.jpg,damage,no_damage,damage,not_damage,raw_outputs/house_FireDamage_7_png.rf.8b7a33d303138432cf8833ce77739b19.json,
house_FireDamage_84_png.rf.f9ed5b7b89e3402f8db60ce0d9c093bd.jpg,damage,no_damage,damage,not_damage,raw_outputs/house_FireDamage_84_png.rf.f9ed5b7b89e3402f8db60ce0d9c093bd.json,
house_FireDamage_87_png.rf.c56c7e03558a29b5123abef53dea59e9.jpg,damage,no_damage,damage,not_damage,raw_outputs/house_FireDamage_87_png.rf.c56c7e03558a29b5123abef53dea59e9.json,
house_Mold_Minor_111_jpg.rf.4f50a21e9aaaaba0841204f3f1ca25bb.jpg,damage,no_damage,damage,not_damage,raw_outputs/house_Mold_Minor_111_jpg.rf.4f50a21e9aaaaba0841204f3f1ca25bb.json,
house_Mold_Minor_11_jpg.rf.5226fb14d724fc7e6020df769deacb59.jpg,damage,no_damage,damage,not_damage,raw_outputs/house_Mold_Minor_11_jpg.rf.5226fb14d724fc7e6020df769deacb59.json,
house_Mold_Minor_129_jpg.rf.4d75914be585ae36db1a8e1ab54e5a28.jpg,damage,no_damage,damage,not_damage,raw_outputs/house_Mold_Minor_129_jpg.rf.4d75914be585ae36db1a8e1ab54e5a28.json,
house_Mold_Minor_131_jpg.rf.61dea84da143caf6f1db43df148e3325.jpg,damage,no_damage,damage,not_damage,raw_outputs/house_Mold_Minor_131_jpg.rf.61dea84da143caf6f1db43df148e3325.json,
house_Mold_Minor_151_jpg.rf.e5479930edf55266d4ef92a81855da6b.jpg,damage,no_damage,damage,not_damage,raw_outputs/house_Mold_Minor_151_jpg.rf.e5479930edf55266d4ef92a81855da6b.json,
house_Mold_Minor_153_jpg.rf.9415217eecc53d78f428e48881aea11f.jpg,damage,no_damage,damage,not_damage,raw_outputs/house_Mold_Minor_153_jpg.rf.9415217eecc53d78f428e48881aea11f.json,
house_Mold_Minor_155_jpg.rf.a4cdd884301113d438299d31adb9c4bf.jpg,damage,no_damage,damage,not_damage,raw_outputs/house_Mold_Minor_155_jpg.rf.a4cdd884301113d438299d31adb9c4bf.json,
house_Mold_Minor_157_jpg.rf.99356321b2b9f2a1edd329faba2f689a.jpg,damage,no_damage,damage,not_damage,raw_outputs/house_Mold_Minor_157_jpg.rf.99356321b2b9f2a1edd329faba2f689a.json,
house_Mold_Minor_15_jpg.rf.4a6d054271a82209521cad4f8f6e8e12.jpg,damage,no_damage,damage,not_damage,raw_outputs/house_Mold_Minor_15_jpg.rf.4a6d054271a82209521cad4f8f6e8e12.json,
house_Mold_Minor_162_jpg.rf.ff62613b3db279419395ce7aa260bbe2.jpg,damage,no_damage,damage,not_damage,raw_outputs/house_Mold_Minor_162_jpg.rf.ff62613b3db279419395ce7aa260bbe2.json,
house_Mold_Minor_165_jpg.rf.aa2a591809d305d2600bbd672aecbd20.jpg,damage,no_damage,damage,not_damage,raw_outputs/house_Mold_Minor_165_jpg.rf.aa2a591809d305d2600bbd672aecbd20.json,
house_Mold_Minor_167_jpg.rf.b1c109b680864f9e8f15b6da4d63be7c.jpg,damage,no_damage,damage,not_damage,raw_outputs/house_Mold_Minor_167_jpg.rf.b1c109b680864f9e8f15b6da4d63be7c.json,
house_Mold_Minor_169_jpg.rf.54ce9885f322981ee07de1a99f4fbd39.jpg,damage,no_damage,damage,not_damage,raw_outputs/house_Mold_Minor_169_jpg.rf.54ce9885f322981ee07de1a99f4fbd39.json,
house_Mold_Minor_172_jpg.rf.3e18e629193e2dfcc71c1db33016886b.jpg,damage,no_damage,damage,not_damage,raw_outputs/house_Mold_Minor_172_jpg.rf.3e18e629193e2dfcc71c1db33016886b.json,
house_Mold_Minor_181_jpg.rf.3833a2125625c6f1a2f0b957ec27f521.jpg,damage,no_damage,damage,not_damage,raw_outputs/house_Mold_Minor_181_jpg.rf.3833a2125625c6f1a2f0b957ec27f521.json,
house_Mold_Minor_185_jpg.rf.56edd87e26a2b707c560f20f3ffacbc6.jpg,damage,no_damage,damage,not_damage,raw_outputs/house_Mold_Minor_185_jpg.rf.56edd87e26a2b707c560f20f3ffacbc6.json,
house_Mold_Minor_188_jpg.rf.b5bd0ad8f32e8b54361d2e65606ed124.jpg,damage,no_damage,damage,not_damage,raw_outputs/house_Mold_Minor_188_jpg.rf.b5bd0ad8f32e8b54361d2e65606ed124.json,
house_Mold_Minor_189_jpg.rf.e4691aa4198b6c6564043b6c1728d182.jpg,damage,no_damage,damage,not_damage,raw_outputs/house_Mold_Minor_189_jpg.rf.e4691aa4198b6c6564043b6c1728d182.json,
house_Mold_Minor_191_jpg.rf.4f48252d969581f7e645188acfeeef35.jpg,damage,no_damage,damage,not_damage,raw_outputs/house_Mold_Minor_191_jpg.rf.4f48252d969581f7e645188acfeeef35.json,
house_Mold_Minor_19_jpg.rf.1591a26c886f103f32493e2f1856dd65.jpg,damage,no_damage,damage,not_damage,raw_outputs/house_Mold_Minor_19_jpg.rf.1591a26c886f103f32493e2f1856dd65.json,
house_Mold_Minor_201_jpg.rf.b984cd8732ae355d2e89d9d08f1da9fc.jpg,damage,no_damage,damage,not_damage,raw_outputs/house_Mold_Minor_201_jpg.rf.b984cd8732ae355d2e89d9d08f1da9fc.json,
house_Mold_Minor_207_jpg.rf.cca00cf6cb7044ac90beecb95d97f8f1.jpg,damage,no_damage,damage,not_damage,raw_outputs/house_Mold_Minor_207_jpg.rf.cca00cf6cb7044ac90beecb95d97f8f1.json,
house_Mold_Minor_25_jpg.rf.b5f1ce1e9d446a0b2a7e61b1603f6578.jpg,damage,no_damage,damage,not_damage,raw_outputs/house_Mold_Minor_25_jpg.rf.b5f1ce1e9d446a0b2a7e61b1603f6578.json,
house_Mold_Minor_29_jpg.rf.594a84d5b5c338e28e6cbb7faf4e6da1.jpg,damage,no_damage,damage,not_damage,raw_outputs/house_Mold_Minor_29_jpg.rf.594a84d5b5c338e28e6cbb7faf4e6da1.json,
house_Mold_Minor_2_jpg.rf.4e953074369d7a4c8cfce68bf2c0b4fc.jpg,damage,no_damage,damage,not_damage,raw_outputs/house_Mold_Minor_2_jpg.rf.4e953074369d7a4c8cfce68bf2c0b4fc.json,
house_Mold_Minor_33_jpg.rf.ec61c1e098b5c8c04f3f0211469d31bc.jpg,damage,no_damage,damage,not_damage,raw_outputs/house_Mold_Minor_33_jpg.rf.ec61c1e098b5c8c04f3f0211469d31bc.json,
house_Mold_Minor_42_jpg.rf.e572f179411bd45b86cd2e15f2bb4f56.jpg,damage,no_damage,damage,not_damage,raw_outputs/house_Mold_Minor_42_jpg.rf.e572f179411bd45b86cd2e15f2bb4f56.json,
house_Mold_Minor_43_jpg.rf.c2d4198cfedb9470e05e95b4be57ced1.jpg,damage,no_damage,damage,not_damage,raw_outputs/house_Mold_Minor_43_jpg.rf.c2d4198cfedb9470e05e95b4be57ced1.json,
house_Mold_Minor_52_jpg.rf.ef3e5457c89798642c81b0ed11f3f706.jpg,damage,no_damage,damage,not_damage,raw_outputs/house_Mold_Minor_52_jpg.rf.ef3e5457c89798642c81b0ed11f3f706.json,
house_Mold_Minor_57_jpg.rf.ad9f70220d7bd3dcef0c68b8bb9b1b89.jpg,damage,no_damage,damage,not_damage,raw_outputs/house_Mold_Minor_57_jpg.rf.ad9f70220d7bd3dcef0c68b8bb9b1b89.json,
house_Mold_Minor_58_jpg.rf.bdea6b7446bae7b8f8cf3c471e1aa9f1.jpg,damage,no_damage,damage,not_damage,raw_outputs/house_Mold_Minor_58_jpg.rf.bdea6b7446bae7b8f8cf3c471e1aa9f1.json,
house_Mold_Minor_62_jpg.rf.52e9ac96b5fd4b8aa3b412c3cb40389e.jpg,damage,no_damage,damage,not_damage,raw_outputs/house_Mold_Minor_62_jpg.rf.52e9ac96b5fd4b8aa3b412c3cb40389e.json,
house_Mold_Minor_65_jpg.rf.48fbf7ac2bc40c8bfce13643547d8161.jpg,damage,no_damage,damage,not_damage,raw_outputs/house_Mold_Minor_65_jpg.rf.48fbf7ac2bc40c8bfce13643547d8161.json,
house_Mold_Minor_68_jpg.rf.f8ebdc2cfe2e0d9c7c0834e23c4dde25.jpg,damage,no_damage,damage,not_damage,raw_outputs/house_Mold_Minor_68_jpg.rf.f8ebdc2cfe2e0d9c7c0834e23c4dde25.json,
house_Mold_Minor_73_jpg.rf.966bca7e44f71937403ae6f831964703.jpg,damage,no_damage,damage,not_damage,raw_outputs/house_Mold_Minor_73_jpg.rf.966bca7e44f71937403ae6f831964703.json,
house_Mold_Minor_81_jpg.rf.0ae60f2b175e8e3f405d99a8e668fce3.jpg,damage,no_damage,damage,not_damage,raw_outputs/house_Mold_Minor_81_jpg.rf.0ae60f2b175e8e3f405d99a8e668fce3.json,
house_Mold_Minor_86_jpg.rf.a128d8ff8e2ec156f8f7ab01bf9d92ab.jpg,damage,no_damage,damage,not_damage,raw_outputs/house_Mold_Minor_86_jpg.rf.a128d8ff8e2ec156f8f7ab01bf9d92ab.json,
house_Mold_Minor_88_jpg.rf.216528507bae2b3f22bf15c24359b087.jpg,damage,no_damage,damage,not_damage,raw_outputs/house_Mold_Minor_88_jpg.rf.216528507bae2b3f22bf15c24359b087.json,
house_Mold_Minor_89_jpg.rf.735daeb121ea1d8e17153ab04e5cb6bb.jpg,damage,no_damage,damage,not_damage,raw_outputs/house_Mold_Minor_89_jpg.rf.735daeb121ea1d8e17153ab04e5cb6bb.json,
house_Mold_Minor_93_jpg.rf.e5e1b9441cfda8697b3911c0724fd1d2.jpg,damage,no_damage,damage,not_damage,raw_outputs/house_Mold_Minor_93_jpg.rf.e5e1b9441cfda8697b3911c0724fd1d2.json,
house_Mold_Minor_95_jpg.rf.6a44b1b2a27095b1394d91e80cd3ead3.jpg,damage,no_damage,damage,not_damage,raw_outputs/house_Mold_Minor_95_jpg.rf.6a44b1b2a27095b1394d91e80cd3ead3.json,
house_Mold_Minor_9_jpg.rf.54c8cc80236b2afc2a14b07489ea5428.jpg,damage,no_damage,damage,not_damage,raw_outputs/house_Mold_Minor_9_jpg.rf.54c8cc80236b2afc2a14b07489ea5428.json,
house_Mold_Moderate_100_jpg.rf.1f47388d79b9eb1cbfd209eef97b699e.jpg,damage,no_damage,damage,not_damage,raw_outputs/house_Mold_Moderate_100_jpg.rf.1f47388d79b9eb1cbfd209eef97b699e.json,
house_Mold_Moderate_102_jpg.rf.b39993dd159ab5a252cada047ae1c79a.jpg,damage,no_damage,damage,not_damage,raw_outputs/house_Mold_Moderate_102_jpg.rf.b39993dd159ab5a252cada047ae1c79a.json,
house_Mold_Moderate_106_jpg.rf.b548839814d99658727e115eb2c2eb8e.jpg,damage,no_damage,damage,not_damage,raw_outputs/house_Mold_Moderate_106_jpg.rf.b548839814d99658727e115eb2c2eb8e.json,
house_Mold_Moderate_107_jpg.rf.79a8ec4c622620982ef83e8f8a6435b8.jpg,damage,no_damage,damage,not_damage,raw_outputs/house_Mold_Moderate_107_jpg.rf.79a8ec4c622620982ef83e8f8a6435b8.json,
house_Mold_Moderate_111_jpg.rf.3b85a9750f63ab263e2037672bc5f0df.jpg,damage,no_damage,damage,not_damage,raw_outputs/house_Mold_Moderate_111_jpg.rf.3b85a9750f63ab263e2037672bc5f0df.json,
house_Mold_Moderate_112_jpg.rf.450a1df7c844c4be9836a622c6fbabf3.jpg,damage,no_damage,damage,not_damage,raw_outputs/house_Mold_Moderate_112_jpg.rf.450a1df7c844c4be9836a622c6fbabf3.json,
house_Mold_Moderate_148_jpg.rf.14cbe5aa650e2a6edc287a250b5574b2.jpg,damage,no_damage,damage,not_damage,raw_outputs/house_Mold_Moderate_148_jpg.rf.14cbe5aa650e2a6edc287a250b5574b2.json,
house_Mold_Moderate_151_jpg.rf.c409c1d8f2badbe93165a08c98b3aacb.jpg,damage,no_damage,damage,not_damage,raw_outputs/house_Mold_Moderate_151_jpg.rf.c409c1d8f2badbe93165a08c98b3aacb.json,
house_Mold_Moderate_155_jpg.rf.be8a04edd31e3c66e34b07a21743dcf4.jpg,damage,no_damage,damage,not_damage,raw_outputs/house_Mold_Moderate_155_jpg.rf.be8a04edd31e3c66e34b07a21743dcf4.json,
house_Mold_Moderate_157_jpg.rf.3768204334c38192e74a14158fc8957b.jpg,damage,no_damage,damage,not_damage,raw_outputs/house_Mold_Moderate_157_jpg.rf.3768204334c38192e74a14158fc8957b.json,
house_Mold_Moderate_15_jpg.rf.148c07130011ccb0a4c7372c0267b089.jpg,damage,no_damage,damage,not_damage,raw_outputs/house_Mold_Moderate_15_jpg.rf.148c07130011ccb0a4c7372c0267b089.json,
house_Mold_Moderate_161_jpg.rf.2b674570fe8123d72d74809d0e8f9bdb.jpg,damage,no_damage,damage,not_damage,raw_outputs/house_Mold_Moderate_161_jpg.rf.2b674570fe8123d72d74809d0e8f9bdb.json,
house_Mold_Moderate_162_jpg.rf.553872bf4b8b9a9f1b9dcc0ef98b9605.jpg,damage,no_damage,damage,not_damage,raw_outputs/house_Mold_Moderate_162_jpg.rf.553872bf4b8b9a9f1b9dcc0ef98b9605.json,
house_Mold_Moderate_163_jpg.rf.458d529952e0c36f31531a246181346d.jpg,damage,no_damage,damage,not_damage,raw_outputs/house_Mold_Moderate_163_jpg.rf.458d529952e0c36f31531a246181346d.json,
house_Mold_Moderate_164_jpg.rf.f03fa81393fad1659be1b2631520786c.jpg,damage,no_damage,damage,not_damage,raw_outputs/house_Mold_Moderate_164_jpg.rf.f03fa81393fad1659be1b2631520786c.json,
house_Mold_Moderate_165_jpg.rf.ea6300161d2c99122885a7a082f73673.jpg,damage,no_damage,damage,not_damage,raw_outputs/house_Mold_Moderate_165_jpg.rf.ea6300161d2c99122885a7a082f73673.json,
house_Mold_Moderate_16_jpg.rf.d8b04d5c1f0d19b255c1f0cd666082b8.jpg,damage,no_damage,damage,not_damage,raw_outputs/house_Mold_Moderate_16_jpg.rf.d8b04d5c1f0d19b255c1f0cd666082b8.json,
house_Mold_Moderate_170_jpg.rf.242a60fcef0039a2a087bc453e08f639.jpg,damage,no_damage,damage,not_damage,raw_outputs/house_Mold_Moderate_170_jpg.rf.242a60fcef0039a2a087bc453e08f639.json,
house_Mold_Moderate_173_jpg.rf.7ef4b42988fbee27f9a1a3db6f44ca9b.jpg,damage,no_damage,damage,not_damage,raw_outputs/house_Mold_Moderate_173_jpg.rf.7ef4b42988fbee27f9a1a3db6f44ca9b.json,
house_Mold_Moderate_181_jpg.rf.6e0574377256cacd54be2661baf5bd8d.jpg,damage,no_damage,damage,not_damage,raw_outputs/house_Mold_Moderate_181_jpg.rf.6e0574377256cacd54be2661baf5bd8d.json,
house_Mold_Moderate_190_jpg.rf.430a84e8dbb5cd3b6fb88e501a287809.jpg,damage,no_damage,damage,not_damage,raw_outputs/house_Mold_Moderate_190_jpg.rf.430a84e8dbb5cd3b6fb88e501a287809.json,
house_Mold_Moderate_1_jpg.rf.6ce0b5e9a617628693f435e0c3f5b93e.jpg,damage,no_damage,damage,not_damage,raw_outputs/house_Mold_Moderate_1_jpg.rf.6ce0b5e9a617628693f435e0c3f5b93e.json,
house_Mold_Moderate_206_jpg.rf.744f7a545f8fb7bf888931b0a76893a6.jpg,damage,no_damage,damage,not_damage,raw_outputs/house_Mold_Moderate_206_jpg.rf.744f7a545f8fb7bf888931b0a76893a6.json,
house_Mold_Moderate_210_jpg.rf.ad086b6306da19ea1857848640643167.jpg,damage,no_damage,damage,not_damage,raw_outputs/house_Mold_Moderate_210_jpg.rf.ad086b6306da19ea1857848640643167.json,
house_Mold_Moderate_211_jpg.rf.e4b8a5c3d4889b9472e5e29536fde879.jpg,damage,no_damage,damage,not_damage,raw_outputs/house_Mold_Moderate_211_jpg.rf.e4b8a5c3d4889b9472e5e29536fde879.json,
house_Mold_Moderate_212_jpg.rf.39a57b30d9784097bfdf4683bbfddd4a.jpg,damage,no_damage,damage,not_damage,raw_outputs/house_Mold_Moderate_212_jpg.rf.39a57b30d9784097bfdf4683bbfddd4a.json,
house_Mold_Moderate_225_jpg.rf.7789299ada3c209a13b5f0b7fffa8c0a.jpg,damage,no_damage,damage,not_damage,raw_outputs/house_Mold_Moderate_225_jpg.rf.7789299ada3c209a13b5f0b7fffa8c0a.json,
house_Mold_Moderate_23_jpg.rf.717353d18f03a6ceaec5f15c50b06a62.jpg,damage,no_damage,damage,not_damage,raw_outputs/house_Mold_Moderate_23_jpg.rf.717353d18f03a6ceaec5f15c50b06a62.json,
house_Mold_Moderate_24_jpg.rf.4f696944656f8343c52af81c31eea02b.jpg,damage,no_damage,damage,not_damage,raw_outputs/house_Mold_Moderate_24_jpg.rf.4f696944656f8343c52af81c31eea02b.json,
house_Mold_Moderate_3_jpg.rf.65eb3ef5cd2b8dfa6ddf3324bf791ec5.jpg,damage,no_damage,damage,not_damage,raw_outputs/house_Mold_Moderate_3_jpg.rf.65eb3ef5cd2b8dfa6ddf3324bf791ec5.json,
house_Mold_Moderate_54_jpg.rf.ffdd393558b2429e93132e9d482a4707.jpg,damage,no_damage,damage,not_damage,raw_outputs/house_Mold_Moderate_54_jpg.rf.ffdd393558b2429e93132e9d482a4707.json,
house_Mold_Moderate_56_jpg.rf.461a2b63eb6f6ecd83844aeaf8608921.jpg,damage,no_damage,damage,not_damage,raw_outputs/house_Mold_Moderate_56_jpg.rf.461a2b63eb6f6ecd83844aeaf8608921.json,
house_Mold_Moderate_68_jpg.rf.7cf2556661fe848c8a905dd6af7841c5.jpg,damage,no_damage,damage,not_damage,raw_outputs/house_Mold_Moderate_68_jpg.rf.7cf2556661fe848c8a905dd6af7841c5.json,
house_Mold_Moderate_74_jpg.rf.0cfcce794672ddc7c663909d37e0f3ea.jpg,damage,no_damage,damage,not_damage,raw_outputs/house_Mold_Moderate_74_jpg.rf.0cfcce794672ddc7c663909d37e0f3ea.json,
house_Mold_Moderate_78_jpg.rf.01df0fdb68c16d54ce0b3373d53a1423.jpg,damage,no_damage,damage,not_damage,raw_outputs/house_Mold_Moderate_78_jpg.rf.01df0fdb68c16d54ce0b3373d53a1423.json,
house_Mold_Moderate_7_jpg.rf.b996e34950d42760a353451e9355d229.jpg,damage,no_damage,damage,not_damage,raw_outputs/house_Mold_Moderate_7_jpg.rf.b996e34950d42760a353451e9355d229.json,
house_Mold_Moderate_8_jpg.rf.7a6d96b2b067fe61f7604bddabd07fa8.jpg,damage,no_damage,damage,not_damage,raw_outputs/house_Mold_Moderate_8_jpg.rf.7a6d96b2b067fe61f7604bddabd07fa8.json,
house_Mold_Severe_108_jpg.rf.a8bb22f96c256410f0cab9fe15d64f6d.jpg,damage,no_damage,damage,not_damage,raw_outputs/house_Mold_Severe_108_jpg.rf.a8bb22f96c256410f0cab9fe15d64f6d.json,
house_Mold_Severe_110_jpg.rf.23d55754392faae0f72e1d32b7c42e8b.jpg,damage,no_damage,damage,not_damage,raw_outputs/house_Mold_Severe_110_jpg.rf.23d55754392faae0f72e1d32b7c42e8b.json,
house_Mold_Severe_124_jpg.rf.7d27ab5e0cf510486f974af538c58a5c.jpg,damage,no_damage,damage,not_damage,raw_outputs/house_Mold_Severe_124_jpg.rf.7d27ab5e0cf510486f974af538c58a5c.json,
house_Mold_Severe_131_jpg.rf.300c0816316e846b35bf1c18b4383cdc.jpg,damage,no_damage,damage,not_damage,raw_outputs/house_Mold_Severe_131_jpg.rf.300c0816316e846b35bf1c18b4383cdc.json,
house_Mold_Severe_134_jpg.rf.b4d97e7f03fef83a65e31a764234f99c.jpg,damage,no_damage,damage,not_damage,raw_outputs/house_Mold_Severe_134_jpg.rf.b4d97e7f03fef83a65e31a764234f99c.json,
house_Mold_Severe_136_jpg.rf.d0e2ac950b9d10ba0967f515c16f7aa0.jpg,damage,no_damage,damage,not_damage,raw_outputs/house_Mold_Severe_136_jpg.rf.d0e2ac950b9d10ba0967f515c16f7aa0.json,
house_Mold_Severe_13_jpg.rf.eb1a1f7b069da4d3035b2ae4ec0cba93.jpg,damage,no_damage,damage,not_damage,raw_outputs/house_Mold_Severe_13_jpg.rf.eb1a1f7b069da4d3035b2ae4ec0cba93.json,
house_Mold_Severe_142_jpg.rf.794146c2a346ac477e00e0b4a2158da3.jpg,damage,no_damage,damage,not_damage,raw_outputs/house_Mold_Severe_142_jpg.rf.794146c2a346ac477e00e0b4a2158da3.json,
house_Mold_Severe_172_jpg.rf.acea7e2cfe4da96c41297892fa9e33cb.jpg,damage,no_damage,damage,not_damage,raw_outputs/house_Mold_Severe_172_jpg.rf.acea7e2cfe4da96c41297892fa9e33cb.json,
house_Mold_Severe_173_jpg.rf.f202e06ab8c0f05b0e09b2536e248a49.jpg,damage,no_damage,damage,not_damage,raw_outputs/house_Mold_Severe_173_jpg.rf.f202e06ab8c0f05b0e09b2536e248a49.json,
house_Mold_Severe_196_jpg.rf.0f82f39c52741d242cba1bf589388e7e.jpg,damage,no_damage,damage,not_damage,raw_outputs/house_Mold_Severe_196_jpg.rf.0f82f39c52741d242cba1bf589388e7e.json,
house_Mold_Severe_202_jpg.rf.410541b63a5ac9ad2464c2432b0762a3.jpg,damage,no_damage,damage,not_damage,raw_outputs/house_Mold_Severe_202_jpg.rf.410541b63a5ac9ad2464c2432b0762a3.json,
house_Mold_Severe_25_jpg.rf.ac0864fdbd6624323383d46a63e1780c.jpg,damage,no_damage,damage,not_damage,raw_outputs/house_Mold_Severe_25_jpg.rf.ac0864fdbd6624323383d46a63e1780c.json,
house_Mold_Severe_36_jpg.rf.3fbac9e8af2c86856d742fd6f3d689be.jpg,damage,no_damage,damage,not_damage,raw_outputs/house_Mold_Severe_36_jpg.rf.3fbac9e8af2c86856d742fd6f3d689be.json,
house_Mold_Severe_41_jpg.rf.bda1e8f7848d3b40ac5cd6a6193a4cd3.jpg,damage,no_damage,damage,not_damage,raw_outputs/house_Mold_Severe_41_jpg.rf.bda1e8f7848d3b40ac5cd6a6193a4cd3.json,
house_Mold_Severe_46_jpg.rf.132ade2adf26d6b8f0f1b782cc53e1fa.jpg,damage,no_damage,damage,not_damage,raw_outputs/house_Mold_Severe_46_jpg.rf.132ade2adf26d6b8f0f1b782cc53e1fa.json,
house_Mold_Severe_4_jpg.rf.fdeb766cabedfabd328c34c49ed076e6.jpg,damage,no_damage,damage,not_damage,raw_outputs/house_Mold_Severe_4_jpg.rf.fdeb766cabedfabd328c34c49ed076e6.json,
house_Mold_Severe_5_jpg.rf.d1d4ee3641e563beae26162323e27a12.jpg,damage,no_damage,damage,not_damage,raw_outputs/house_Mold_Severe_5_jpg.rf.d1d4ee3641e563beae26162323e27a12.json,
house_Mold_Severe_63_jpg.rf.bf969c7ef4d86c83d79b7fe580d675d6.jpg,damage,no_damage,damage,not_damage,raw_outputs/house_Mold_Severe_63_jpg.rf.bf969c7ef4d86c83d79b7fe580d675d6.json,
house_Mold_Severe_82_jpg.rf.cbca06f4eec15830f094f8a93d761b0e.jpg,damage,no_damage,damage,not_damage,raw_outputs/house_Mold_Severe_82_jpg.rf.cbca06f4eec15830f094f8a93d761b0e.json,
house_Mold_Severe_9_jpg.rf.bad0144c4ba9d04920610ca01ef45533.jpg,damage,no_damage,damage,not_damage,raw_outputs/house_Mold_Severe_9_jpg.rf.bad0144c4ba9d04920610ca01ef45533.json,
house_NaturalDamage_102_jpeg.rf.c0f7719e79ea8fe150b416752639a20c.jpg,damage,no_damage,damage,not_damage,raw_outputs/house_NaturalDamage_102_jpeg.rf.c0f7719e79ea8fe150b416752639a20c.json,
house_NaturalDamage_106_jpeg.rf.d72934d7f530380c1b1a3c2a87f07bd4.jpg,damage,no_damage,damage,not_damage,raw_outputs/house_NaturalDamage_106_jpeg.rf.d72934d7f530380c1b1a3c2a87f07bd4.json,
house_NaturalDamage_115_jpeg.rf.8f90261b6d4706b3846c8dea5f27d02d.jpg,damage,no_damage,damage,not_damage,raw_outputs/house_NaturalDamage_115_jpeg.rf.8f90261b6d4706b3846c8dea5f27d02d.json,
house_NaturalDamage_11_jpeg.rf.698602d36ebfaf722784e8148296f565.jpg,damage,no_damage,damage,not_damage,raw_outputs/house_NaturalDamage_11_jpeg.rf.698602d36ebfaf722784e8148296f565.json,
house_NaturalDamage_12_jpeg.rf.ae9cf2b517ab477d76916a8e84b59ff1.jpg,damage,no_damage,damage,not_damage,raw_outputs/house_NaturalDamage_12_jpeg.rf.ae9cf2b517ab477d76916a8e84b59ff1.json,
house_NaturalDamage_130_jpeg.rf.11c9781fb38c5359cbf1aa8f88af805b.jpg,damage,no_damage,damage,not_damage,raw_outputs/house_NaturalDamage_130_jpeg.rf.11c9781fb38c5359cbf1aa8f88af805b.json,
house_NaturalDamage_134_jpeg.rf.9e03b9745569e3bf6a2b9871a8ff1439.jpg,damage,no_damage,damage,not_damage,raw_outputs/house_NaturalDamage_134_jpeg.rf.9e03b9745569e3bf6a2b9871a8ff1439.json,
house_NaturalDamage_140_jpeg.rf.ec75065ce46ca2fa8256b8676d33ac4f.jpg,damage,no_damage,damage,not_damage,raw_outputs/house_NaturalDamage_140_jpeg.rf.ec75065ce46ca2fa8256b8676d33ac4f.json,
house_NaturalDamage_141_jpeg.rf.1fd25c8c1bafe305a99886f05a25b725.jpg,damage,no_damage,damage,not_damage,raw_outputs/house_NaturalDamage_141_jpeg.rf.1fd25c8c1bafe305a99886f05a25b725.json,
house_NaturalDamage_158_jpg.rf.5ead4891311ff971e282d2ccb9bfa5d2.jpg,damage,no_damage,damage,not_damage,raw_outputs/house_NaturalDamage_158_jpg.rf.5ead4891311ff971e282d2ccb9bfa5d2.json,
house_NaturalDamage_159_jpg.rf.7c5ab208714f36b3e087a7f8fdec0eba.jpg,damage,no_damage,damage,not_damage,raw_outputs/house_NaturalDamage_159_jpg.rf.7c5ab208714f36b3e087a7f8fdec0eba.json,
house_NaturalDamage_161_jpg.rf.793cc87d0c42a2bc182ea09c02d8ffda.jpg,damage,no_damage,damage,not_damage,raw_outputs/house_NaturalDamage_161_jpg.rf.793cc87d0c42a2bc182ea09c02d8ffda.json,
house_NaturalDamage_173_jpg.rf.0ec34a6dfc5afe894a145e1c8f25d836.jpg,damage,no_damage,damage,not_damage,raw_outputs/house_NaturalDamage_173_jpg.rf.0ec34a6dfc5afe894a145e1c8f25d836.json,
house_NaturalDamage_175_jpg.rf.c894dd10cd4c16d2db2b53fb51e2cd86.jpg,damage,no_damage,damage,not_damage,raw_outputs/house_NaturalDamage_175_jpg.rf.c894dd10cd4c16d2db2b53fb51e2cd86.json,
house_NaturalDamage_192_png.rf.3af6bc3e730e676dd6e29195a09f5132.jpg,damage,no_damage,damage,not_damage,raw_outputs/house_NaturalDamage_192_png.rf.3af6bc3e730e676dd6e29195a09f5132.json,
house_NaturalDamage_194_png.rf.14e29bc1401ae1c7a48c1e661db4a84f.jpg,damage,no_damage,damage,not_damage,raw_outputs/house_NaturalDamage_194_png.rf.14e29bc1401ae1c7a48c1e661db4a84f.json,
house_NaturalDamage_196_png.rf.c5531a287b593d13c62bcfcf5e91731e.jpg,damage,no_damage,damage,not_damage,raw_outputs/house_NaturalDamage_196_png.rf.c5531a287b593d13c62bcfcf5e91731e.json,
house_NaturalDamage_198_png.rf.21bbf750f4d31d43874fbcf4edce5f6a.jpg,damage,no_damage,damage,not_damage,raw_outputs/house_NaturalDamage_198_png.rf.21bbf750f4d31d43874fbcf4edce5f6a.json,
house_NaturalDamage_203_png.rf.4fae262adfafe286bece727a4c2149b7.jpg,damage,no_damage,damage,not_damage,raw_outputs/house_NaturalDamage_203_png.rf.4fae262adfafe286bece727a4c2149b7.json,
house_NaturalDamage_206_png.rf.a3924b5f5b398f85ea11bf91cbd8535e.jpg,damage,no_damage,damage,not_damage,raw_outputs/house_NaturalDamage_206_png.rf.a3924b5f5b398f85ea11bf91cbd8535e.json,
house_NaturalDamage_215_png.rf.c2d630bfaee01f20c513287b79b39a79.jpg,damage,no_damage,damage,not_damage,raw_outputs/house_NaturalDamage_215_png.rf.c2d630bfaee01f20c513287b79b39a79.json,
house_NaturalDamage_237_png.rf.082fed6a110a7998685d5a7a579610d6.jpg,damage,no_damage,damage,not_damage,raw_outputs/house_NaturalDamage_237_png.rf.082fed6a110a7998685d5a7a579610d6.json,
house_NaturalDamage_256_jpg.rf.8e5e7c74d78990d79b921bb6b694e882.jpg,damage,no_damage,damage,not_damage,raw_outputs/house_NaturalDamage_256_jpg.rf.8e5e7c74d78990d79b921bb6b694e882.json,
house_NaturalDamage_257_jpg.rf.31811e169dd703fbf2764573f5fb9220.jpg,damage,no_damage,damage,not_damage,raw_outputs/house_NaturalDamage_257_jpg.rf.31811e169dd703fbf2764573f5fb9220.json,
house_NaturalDamage_269_jpg.rf.4a3a209a8ade85537d8b19d0ebd32fad.jpg,damage,no_damage,damage,not_damage,raw_outputs/house_NaturalDamage_269_jpg.rf.4a3a209a8ade85537d8b19d0ebd32fad.json,
house_NaturalDamage_26_png.rf.0b82e5dd37078655a57e39feff859aa4.jpg,damage,no_damage,damage,not_damage,raw_outputs/house_NaturalDamage_26_png.rf.0b82e5dd37078655a57e39feff859aa4.json,
house_NaturalDamage_276_jpg.rf.39782fc3f4aae1a238119059a8bb281d.jpg,damage,no_damage,damage,not_damage,raw_outputs/house_NaturalDamage_276_jpg.rf.39782fc3f4aae1a238119059a8bb281d.json,
house_NaturalDamage_277_jpg.rf.6d9ef3b46b9037b7fe91fa688eed299f.jpg,damage,no_damage,damage,not_damage,raw_outputs/house_NaturalDamage_277_jpg.rf.6d9ef3b46b9037b7fe91fa688eed299f.json,
house_NaturalDamage_282_jpg.rf.c9811f8577f5842f1d3d69386198600e.jpg,damage,no_damage,damage,not_damage,raw_outputs/house_NaturalDamage_282_jpg.rf.c9811f8577f5842f1d3d69386198600e.json,
house_NaturalDamage_286_jpg.rf.7b89856b1da92906188e44d25af96fd9.jpg,damage,no_damage,damage,not_damage,raw_outputs/house_NaturalDamage_286_jpg.rf.7b89856b1da92906188e44d25af96fd9.json,
house_NaturalDamage_296_jpg.rf.9089108293da05c88f48be10eb70b394.jpg,damage,no_damage,damage,not_damage,raw_outputs/house_NaturalDamage_296_jpg.rf.9089108293da05c88f48be10eb70b394.json,
house_NaturalDamage_299_jpg.rf.d094db5dbfe4ca33325ad2c93141ecb3.jpg,damage,no_damage,damage,not_damage,raw_outputs/house_NaturalDamage_299_jpg.rf.d094db5dbfe4ca33325ad2c93141ecb3.json,
house_NaturalDamage_312_jpg.rf.811e9d68bd38c21ffeb427264402954d.jpg,damage,no_damage,damage,not_damage,raw_outputs/house_NaturalDamage_312_jpg.rf.811e9d68bd38c21ffeb427264402954d.json,
house_NaturalDamage_315_jpg.rf.7a8df8428d8d270d350f35f168181616.jpg,damage,no_damage,damage,not_damage,raw_outputs/house_NaturalDamage_315_jpg.rf.7a8df8428d8d270d350f35f168181616.json,
house_NaturalDamage_317_jpg.rf.c37b2668c60abbe0f93dfbf9cde38578.jpg,damage,no_damage,damage,not_damage,raw_outputs/house_NaturalDamage_317_jpg.rf.c37b2668c60abbe0f93dfbf9cde38578.json,
house_NaturalDamage_343_jpg.rf.25a775236ae5bb2c5c2d6b9a25114d82.jpg,damage,no_damage,damage,not_damage,raw_outputs/house_NaturalDamage_343_jpg.rf.25a775236ae5bb2c5c2d6b9a25114d82.json,
house_NaturalDamage_344_jpg.rf.bc5b6baafa3b783b470642b8e293c0fb.jpg,damage,no_damage,damage,not_damage,raw_outputs/house_NaturalDamage_344_jpg.rf.bc5b6baafa3b783b470642b8e293c0fb.json,
house_NaturalDamage_353_jpg.rf.318095d9b2001f41433e3b85bfff6b5d.jpg,damage,no_damage,damage,not_damage,raw_outputs/house_NaturalDamage_353_jpg.rf.318095d9b2001f41433e3b85bfff6b5d.json,
house_NaturalDamage_354_jpg.rf.9ccc87b428927174ea19323e3832c0db.jpg,damage,no_damage,damage,not_damage,raw_outputs/house_NaturalDamage_354_jpg.rf.9ccc87b428927174ea19323e3832c0db.json,
house_NaturalDamage_356_jpg.rf.e3cd6ece49fe91f7ca45e6570dbd07b3.jpg,damage,no_damage,damage,not_damage,raw_outputs/house_NaturalDamage_356_jpg.rf.e3cd6ece49fe91f7ca45e6570dbd07b3.json,
house_NaturalDamage_357_jpg.rf.9c70a5b84a7611c2aed76f4c041fb267.jpg,damage,no_damage,damage,not_damage,raw_outputs/house_NaturalDamage_357_jpg.rf.9c70a5b84a7611c2aed76f4c041fb267.json,
house_NaturalDamage_358_jpg.rf.1a31a6a0f0f3e548c2f3097d7a6c2a45.jpg,damage,no_damage,damage,not_damage,raw_outputs/house_NaturalDamage_358_jpg.rf.1a31a6a0f0f3e548c2f3097d7a6c2a45.json,
house_NaturalDamage_359_jpg.rf.7a5dc38a3e204454e31e4b5896ba7ed5.jpg,damage,no_damage,damage,not_damage,raw_outputs/house_NaturalDamage_359_jpg.rf.7a5dc38a3e204454e31e4b5896ba7ed5.json,
house_NaturalDamage_374_jpg.rf.9a3b2cc311073b1212a74c971954a191.jpg,damage,no_damage,damage,not_damage,raw_outputs/house_NaturalDamage_374_jpg.rf.9a3b2cc311073b1212a74c971954a191.json,
house_NaturalDamage_377_jpg.rf.bed55f84fcbfd7d4fa26a9b196b40d15.jpg,damage,no_damage,damage,not_damage,raw_outputs/house_NaturalDamage_377_jpg.rf.bed55f84fcbfd7d4fa26a9b196b40d15.json,
house_NaturalDamage_382_jpg.rf.ca6edfb3ef8491bb817cf71501098159.jpg,damage,no_damage,damage,not_damage,raw_outputs/house_NaturalDamage_382_jpg.rf.ca6edfb3ef8491bb817cf71501098159.json,
house_NaturalDamage_387_jpg.rf.f4de3952c793cc908297e1e2c829f83c.jpg,damage,no_damage,damage,not_damage,raw_outputs/house_NaturalDamage_387_jpg.rf.f4de3952c793cc908297e1e2c829f83c.json,
house_NaturalDamage_3_jpeg.rf.525f5969635f51926ff85c5956f6c77d.jpg,damage,no_damage,damage,not_damage,raw_outputs/house_NaturalDamage_3_jpeg.rf.525f5969635f51926ff85c5956f6c77d.json,
house_NaturalDamage_412_jpg.rf.1799f2104bed7ccecf51d5d219844839.jpg,damage,no_damage,damage,not_damage,raw_outputs/house_NaturalDamage_412_jpg.rf.1799f2104bed7ccecf51d5d219844839.json,
house_NaturalDamage_426_png.rf.cb64d32d82aa0bea47703eea8f5fc402.jpg,damage,no_damage,damage,not_damage,raw_outputs/house_NaturalDamage_426_png.rf.cb64d32d82aa0bea47703eea8f5fc402.json,
house_NaturalDamage_431_jpg.rf.6198a3b16d7caa21f9f0e62580169264.jpg,damage,no_damage,damage,not_damage,raw_outputs/house_NaturalDamage_431_jpg.rf.6198a3b16d7caa21f9f0e62580169264.json,
house_NaturalDamage_451_jpeg.rf.3d5062e95049cd68cb1f9d9959dac78d.jpg,damage,no_damage,damage,not_damage,raw_outputs/house_NaturalDamage_451_jpeg.rf.3d5062e95049cd68cb1f9d9959dac78d.json,
house_NaturalDamage_453_jpeg.rf.784553a2d1f3b7c5044f2813f5ce9e62.jpg,damage,no_damage,damage,not_damage,raw_outputs/house_NaturalDamage_453_jpeg.rf.784553a2d1f3b7c5044f2813f5ce9e62.json,
house_NaturalDamage_462_jpeg.rf.09fb40944993d04a36c2782f2b0aae76.jpg,damage,no_damage,damage,not_damage,raw_outputs/house_NaturalDamage_462_jpeg.rf.09fb40944993d04a36c2782f2b0aae76.json,
house_NaturalDamage_46_jpeg.rf.88b72acdd7b119084e5c3c88df2a8fe0.jpg,damage,no_damage,damage,not_damage,raw_outputs/house_NaturalDamage_46_jpeg.rf.88b72acdd7b119084e5c3c88df2a8fe0.json,
house_NaturalDamage_470_jpeg.rf.38de44870260e8529f097b4bec567586.jpg,damage,no_damage,damage,not_damage,raw_outputs/house_NaturalDamage_470_jpeg.rf.38de44870260e8529f097b4bec567586.json,
house_NaturalDamage_475_jpeg.rf.2c467b80e1f7282263e93894aa1e164a.jpg,damage,no_damage,damage,not_damage,raw_outputs/house_NaturalDamage_475_jpeg.rf.2c467b80e1f7282263e93894aa1e164a.json,
house_NaturalDamage_483_jpeg.rf.f7a63fbda135b3a2ce6f1fd1c90b42f8.jpg,damage,no_damage,damage,not_damage,raw_outputs/house_NaturalDamage_483_jpeg.rf.f7a63fbda135b3a2ce6f1fd1c90b42f8.json,
house_NaturalDamage_488_jpeg.rf.8b1d1a7a777fcc96dac79f5d63ebe471.jpg,damage,no_damage,damage,not_damage,raw_outputs/house_NaturalDamage_488_jpeg.rf.8b1d1a7a777fcc96dac79f5d63ebe471.json,
house_NaturalDamage_48_jpeg.rf.b9ea182b15c2886efa36042fd31c193f.jpg,damage,no_damage,damage,not_damage,raw_outputs/house_NaturalDamage_48_jpeg.rf.b9ea182b15c2886efa36042fd31c193f.json,
house_NaturalDamage_491_jpeg.rf.1c227684b4fb77bf3c98a0a2fc69b7f1.jpg,damage,no_damage,damage,not_damage,raw_outputs/house_NaturalDamage_491_jpeg.rf.1c227684b4fb77bf3c98a0a2fc69b7f1.json,
house_NaturalDamage_502_jpeg.rf.5363a1178264182be621940c627c9864.jpg,damage,no_damage,damage,not_damage,raw_outputs/house_NaturalDamage_502_jpeg.rf.5363a1178264182be621940c627c9864.json,
house_NaturalDamage_503_jpeg.rf.cd36d4455dc01d2ebbbb385aac03b048.jpg,damage,no_damage,damage,not_damage,raw_outputs/house_NaturalDamage_503_jpeg.rf.cd36d4455dc01d2ebbbb385aac03b048.json,
house_NaturalDamage_51_jpeg.rf.abf4c59d87b999df547ea91b1047170e.jpg,damage,no_damage,damage,not_damage,raw_outputs/house_NaturalDamage_51_jpeg.rf.abf4c59d87b999df547ea91b1047170e.json,
house_NaturalDamage_524_jpeg.rf.8c7c8214151a36dcdcb69b5aa6ab5409.jpg,damage,no_damage,damage,not_damage,raw_outputs/house_NaturalDamage_524_jpeg.rf.8c7c8214151a36dcdcb69b5aa6ab5409.json,
house_NaturalDamage_533_jpeg.rf.c201609ffc6f5afeaad676e69236c442.jpg,damage,no_damage,damage,not_damage,raw_outputs/house_NaturalDamage_533_jpeg.rf.c201609ffc6f5afeaad676e69236c442.json,
house_NaturalDamage_541_jpeg.rf.32b540d3a80de0ef9bde039ad4c8eccf.jpg,damage,no_damage,damage,not_damage,raw_outputs/house_NaturalDamage_541_jpeg.rf.32b540d3a80de0ef9bde039ad4c8eccf.json,
house_NaturalDamage_542_jpeg.rf.2f2c5b919f12b9c508896466a0f3ed03.jpg,damage,no_damage,damage,not_damage,raw_outputs/house_NaturalDamage_542_jpeg.rf.2f2c5b919f12b9c508896466a0f3ed03.json,
house_NaturalDamage_551_jpeg.rf.c929ea766a82d7f989d390805e84950b.jpg,damage,no_damage,damage,not_damage,raw_outputs/house_NaturalDamage_551_jpeg.rf.c929ea766a82d7f989d390805e84950b.json,
house_NaturalDamage_557_jpeg.rf.559572c21465fcf35e6f760c4836cd5b.jpg,damage,no_damage,damage,not_damage,raw_outputs/house_NaturalDamage_557_jpeg.rf.559572c21465fcf35e6f760c4836cd5b.json,
house_NaturalDamage_574_jpeg.rf.ef3bf19cf311b51494cbe3082c6bb1ec.jpg,damage,no_damage,damage,not_damage,raw_outputs/house_NaturalDamage_574_jpeg.rf.ef3bf19cf311b51494cbe3082c6bb1ec.json,
house_NaturalDamage_58_jpeg.rf.2e4f31e8ace153e3b9fcf303372419d7.jpg,damage,no_damage,damage,not_damage,raw_outputs/house_NaturalDamage_58_jpeg.rf.2e4f31e8ace153e3b9fcf303372419d7.json,
house_NaturalDamage_590_jpeg.rf.e5e2ab6f816bcabd46cda11801ef7204.jpg,damage,no_damage,damage,not_damage,raw_outputs/house_NaturalDamage_590_jpeg.rf.e5e2ab6f816bcabd46cda11801ef7204.json,
house_NaturalDamage_591_jpeg.rf.1384959d7a9749098460ee219124082e.jpg,damage,no_damage,damage,not_damage,raw_outputs/house_NaturalDamage_591_jpeg.rf.1384959d7a9749098460ee219124082e.json,
house_NaturalDamage_594_png.rf.96bda40b9b411ffa5d22645d477b6284.jpg,damage,no_damage,damage,not_damage,raw_outputs/house_NaturalDamage_594_png.rf.96bda40b9b411ffa5d22645d477b6284.json,
house_NaturalDamage_600_jpeg.rf.91b745961bd2e71949cc86c077d805d0.jpg,damage,no_damage,damage,not_damage,raw_outputs/house_NaturalDamage_600_jpeg.rf.91b745961bd2e71949cc86c077d805d0.json,
house_NaturalDamage_619_jpeg.rf.094c011ba3dac85c27ab907dbdf9b19e.jpg,damage,no_damage,damage,not_damage,raw_outputs/house_NaturalDamage_619_jpeg.rf.094c011ba3dac85c27ab907dbdf9b19e.json,
house_NaturalDamage_63_jpeg.rf.fafa477c182e69b13b4c7e2d2a0468cf.jpg,damage,no_damage,damage,not_damage,raw_outputs/house_NaturalDamage_63_jpeg.rf.fafa477c182e69b13b4c7e2d2a0468cf.json,
house_NaturalDamage_645_jpeg.rf.9bd24ad7a288be0a294416731ae767e9.jpg,damage,no_damage,damage,not_damage,raw_outputs/house_NaturalDamage_645_jpeg.rf.9bd24ad7a288be0a294416731ae767e9.json,
house_NaturalDamage_654_jpeg.rf.d5345a37d48bd38bdb18066852c2bb8e.jpg,damage,no_damage,damage,not_damage,raw_outputs/house_NaturalDamage_654_jpeg.rf.d5345a37d48bd38bdb18066852c2bb8e.json,
house_NaturalDamage_663_jpg.rf.c4c5fe49ce2c6794b061f1ff6f711a01.jpg,damage,no_damage,damage,not_damage,raw_outputs/house_NaturalDamage_663_jpg.rf.c4c5fe49ce2c6794b061f1ff6f711a01.json,
house_NaturalDamage_664_jpg.rf.aef0162892850e756eaa6d07a8f62b22.jpg,damage,no_damage,damage,not_damage,raw_outputs/house_NaturalDamage_664_jpg.rf.aef0162892850e756eaa6d07a8f62b22.json,
house_NaturalDamage_666_jpg.rf.75bb02f09494a61dcbb0125162c91ec3.jpg,damage,no_damage,damage,not_damage,raw_outputs/house_NaturalDamage_666_jpg.rf.75bb02f09494a61dcbb0125162c91ec3.json,
house_NaturalDamage_672_jpg.rf.7902bbb7ed8a1aa3ff05381c24eee69c.jpg,damage,no_damage,damage,not_damage,raw_outputs/house_NaturalDamage_672_jpg.rf.7902bbb7ed8a1aa3ff05381c24eee69c.json,
house_NaturalDamage_673_jpg.rf.00869eff33ec88a13d5f20370ebddc84.jpg,damage,no_damage,damage,not_damage,raw_outputs/house_NaturalDamage_673_jpg.rf.00869eff33ec88a13d5f20370ebddc84.json,
house_NaturalDamage_67_jpeg.rf.b31a89db9b4f8477ce835aed37467da9.jpg,damage,no_damage,damage,not_damage,raw_outputs/house_NaturalDamage_67_jpeg.rf.b31a89db9b4f8477ce835aed37467da9.json,
house_NaturalDamage_69_jpeg.rf.e0123863d393e62a05985fb4065dde5e.jpg,damage,no_damage,damage,not_damage,raw_outputs/house_NaturalDamage_69_jpeg.rf.e0123863d393e62a05985fb4065dde5e.json,
house_NaturalDamage_82_jpeg.rf.85701365457827ea562da8a737640da3.jpg,damage,no_damage,damage,not_damage,raw_outputs/house_NaturalDamage_82_jpeg.rf.85701365457827ea562da8a737640da3.json,
house_NoDamage_106_jpeg.rf.ca1a02c9f666a8227e4a9c079d242d6e.jpg,no_damage,no_damage,not_damage,not_damage,raw_outputs/house_NoDamage_106_jpeg.rf.ca1a02c9f666a8227e4a9c079d242d6e.json,
house_NoDamage_121_jpeg.rf.2495ea3021473d2a6682c2216a867cad.jpg,no_damage,no_damage,not_damage,not_damage,raw_outputs/house_NoDamage_121_jpeg.rf.2495ea3021473d2a6682c2216a867cad.json,
house_NoDamage_125_jpeg.rf.10ffa826b72b9cd81f48461748251d9f.jpg,no_damage,no_damage,not_damage,not_damage,raw_outputs/house_NoDamage_125_jpeg.rf.10ffa826b72b9cd81f48461748251d9f.json,
house_NoDamage_132_jpeg.rf.ca6b0d9023a3e8fcc1d5d0832b599540.jpg,no_damage,no_damage,not_damage,not_damage,raw_outputs/house_NoDamage_132_jpeg.rf.ca6b0d9023a3e8fcc1d5d0832b599540.json,
house_NoDamage_135_jpeg.rf.81856baebfa683a116c24c04a47806b3.jpg,no_damage,no_damage,not_damage,not_damage,raw_outputs/house_NoDamage_135_jpeg.rf.81856baebfa683a116c24c04a47806b3.json,
house_NoDamage_142_jpeg.rf.833f5e4d083d6044384d8469d1d97245.jpg,no_damage,no_damage,not_damage,not_damage,raw_outputs/house_NoDamage_142_jpeg.rf.833f5e4d083d6044384d8469d1d97245.json,
house_NoDamage_146_jpeg.rf.9ba8c73bf7e43b26f48febc3e0fd31ed.jpg,no_damage,no_damage,not_damage,not_damage,raw_outputs/house_NoDamage_146_jpeg.rf.9ba8c73bf7e43b26f48febc3e0fd31ed.json,
house_NoDamage_168_jpg.rf.4bcbafd7f670b5e3d247f2644b6d041c.jpg,no_damage,no_damage,not_damage,not_damage,raw_outputs/house_NoDamage_168_jpg.rf.4bcbafd7f670b5e3d247f2644b6d041c.json,
house_NoDamage_173_jpg.rf.8983ee6525b944ee0a0182c3e458307c.jpg,no_damage,no_damage,not_damage,not_damage,raw_outputs/house_NoDamage_173_jpg.rf.8983ee6525b944ee0a0182c3e458307c.json,
house_NoDamage_176_jpg.rf.64e71d580fda328f6b0409bb21705401.jpg,no_damage,no_damage,not_damage,not_damage,raw_outputs/house_NoDamage_176_jpg.rf.64e71d580fda328f6b0409bb21705401.json,
house_NoDamage_192_jpg.rf.595db07c819e72bab808e59b10e3149b.jpg,no_damage,no_damage,not_damage,not_damage,raw_outputs/house_NoDamage_192_jpg.rf.595db07c819e72bab808e59b10e3149b.json,
house_NoDamage_196_jpg.rf.c859c13ff742ea11bd075b681beb2d7b.jpg,no_damage,no_damage,not_damage,not_damage,raw_outputs/house_NoDamage_196_jpg.rf.c859c13ff742ea11bd075b681beb2d7b.json,
house_NoDamage_198_jpg.rf.749603df5c4d8aeb7cd53d95d156ddd2.jpg,no_damage,no_damage,not_damage,not_damage,raw_outputs/house_NoDamage_198_jpg.rf.749603df5c4d8aeb7cd53d95d156ddd2.json,
house_NoDamage_206_jpg.rf.ab78173df0b3515d64dabf2d23981595.jpg,no_damage,no_damage,not_damage,not_damage,raw_outputs/house_NoDamage_206_jpg.rf.ab78173df0b3515d64dabf2d23981595.json,
house_NoDamage_207_jpg.rf.11ce9d698c41d7a49521a87ab85dbf0a.jpg,no_damage,no_damage,not_damage,not_damage,raw_outputs/house_NoDamage_207_jpg.rf.11ce9d698c41d7a49521a87ab85dbf0a.json,
house_NoDamage_211_jpg.rf.a599db1b5c6e65caa025c5d67f71351f.jpg,no_damage,no_damage,not_damage,not_damage,raw_outputs/house_NoDamage_211_jpg.rf.a599db1b5c6e65caa025c5d67f71351f.json,
house_NoDamage_217_jpg.rf.80d131905e72b9479cf1cb7fe660283b.jpg,no_damage,no_damage,not_damage,not_damage,raw_outputs/house_NoDamage_217_jpg.rf.80d131905e72b9479cf1cb7fe660283b.json,
house_NoDamage_218_jpg.rf.83fa66005dcfdea0885d290a1d559b01.jpg,no_damage,no_damage,not_damage,not_damage,raw_outputs/house_NoDamage_218_jpg.rf.83fa66005dcfdea0885d290a1d559b01.json,
house_NoDamage_220_jpg.rf.892334ddd3c5fc3de8308d39478819e9.jpg,no_damage,no_damage,not_damage,not_damage,raw_outputs/house_NoDamage_220_jpg.rf.892334ddd3c5fc3de8308d39478819e9.json,
house_NoDamage_221_jpg.rf.6712b8b7ae36453f94f700673e6ca247.jpg,no_damage,no_damage,not_damage,not_damage,raw_outputs/house_NoDamage_221_jpg.rf.6712b8b7ae36453f94f700673e6ca247.json,
house_NoDamage_235_jpg.rf.caaa613be42559667a289b8cda51e10c.jpg,no_damage,no_damage,not_damage,not_damage,raw_outputs/house_NoDamage_235_jpg.rf.caaa613be42559667a289b8cda51e10c.json,
house_NoDamage_237_jpg.rf.54ed25da37d67917ddf7f13913bf55b9.jpg,no_damage,no_damage,not_damage,not_damage,raw_outputs/house_NoDamage_237_jpg.rf.54ed25da37d67917ddf7f13913bf55b9.json,
house_NoDamage_248_jpg.rf.d7b81b6bed5b2f56d8ac1f542ca863b9.jpg,no_damage,no_damage,not_damage,not_damage,raw_outputs/house_NoDamage_248_jpg.rf.d7b81b6bed5b2f56d8ac1f542ca863b9.json,
house_NoDamage_250_jpg.rf.092eca8de00b73be276e813fb8482fd2.jpg,no_damage,no_damage,not_damage,not_damage,raw_outputs/house_NoDamage_250_jpg.rf.092eca8de00b73be276e813fb8482fd2.json,
house_NoDamage_258_jpg.rf.2cfe16e26438ec21f236892affa41de4.jpg,no_damage,no_damage,not_damage,not_damage,raw_outputs/house_NoDamage_258_jpg.rf.2cfe16e26438ec21f236892affa41de4.json,
house_NoDamage_260_jpg.rf.fe9e5fe0d3fa44a63af1a834566c1b57.jpg,no_damage,no_damage,not_damage,not_damage,raw_outputs/house_NoDamage_260_jpg.rf.fe9e5fe0d3fa44a63af1a834566c1b57.json,
house_NoDamage_262_jpg.rf.f483a251e00eb21955ef232832338c90.jpg,no_damage,no_damage,not_damage,not_damage,raw_outputs/house_NoDamage_262_jpg.rf.f483a251e00eb21955ef232832338c90.json,
house_NoDamage_269_jpg.rf.d0a06e409810cbc3441bc53497144915.jpg,no_damage,no_damage,not_damage,not_damage,raw_outputs/house_NoDamage_269_jpg.rf.d0a06e409810cbc3441bc53497144915.json,
house_NoDamage_276_jpg.rf.a543a8764ee23338fe4807c744b97e99.jpg,no_damage,no_damage,not_damage,not_damage,raw_outputs/house_NoDamage_276_jpg.rf.a543a8764ee23338fe4807c744b97e99.json,
house_NoDamage_279_jpg.rf.511d989ae417db8779980b18ec9564d1.jpg,no_damage,no_damage,not_damage,not_damage,raw_outputs/house_NoDamage_279_jpg.rf.511d989ae417db8779980b18ec9564d1.json,
house_NoDamage_286_jpg.rf.08657e2232b96a8846bd8ff416c3f626.jpg,no_damage,no_damage,not_damage,not_damage,raw_outputs/house_NoDamage_286_jpg.rf.08657e2232b96a8846bd8ff416c3f626.json,
house_NoDamage_292_jpg.rf.ea538204632959b4e2083db85a2a6643.jpg,no_damage,no_damage,not_damage,not_damage,raw_outputs/house_NoDamage_292_jpg.rf.ea538204632959b4e2083db85a2a6643.json,
house_NoDamage_296_jpg.rf.0dd61d282fb2983dca46df52e8cddd0e.jpg,no_damage,no_damage,not_damage,not_damage,raw_outputs/house_NoDamage_296_jpg.rf.0dd61d282fb2983dca46df52e8cddd0e.json,
house_NoDamage_297_jpg.rf.c9121cf303612dc0f714eae2960e33b9.jpg,no_damage,no_damage,not_damage,not_damage,raw_outputs/house_NoDamage_297_jpg.rf.c9121cf303612dc0f714eae2960e33b9.json,
house_NoDamage_300_jpg.rf.6fd92b9c3cc6950890888dbeab7ac2aa.jpg,no_damage,no_damage,not_damage,not_damage,raw_outputs/house_NoDamage_300_jpg.rf.6fd92b9c3cc6950890888dbeab7ac2aa.json,
house_NoDamage_312_jpg.rf.0557b9f587a11fee89789a525acaac38.jpg,no_damage,no_damage,not_damage,not_damage,raw_outputs/house_NoDamage_312_jpg.rf.0557b9f587a11fee89789a525acaac38.json,
house_NoDamage_31_jpeg.rf.69daa893904cb1e155c69279f5171e6e.jpg,no_damage,no_damage,not_damage,not_damage,raw_outputs/house_NoDamage_31_jpeg.rf.69daa893904cb1e155c69279f5171e6e.json,
house_NoDamage_321_jpg.rf.ea5fbe980a8ecd268f5e3923453c0e2d.jpg,no_damage,no_damage,not_damage,not_damage,raw_outputs/house_NoDamage_321_jpg.rf.ea5fbe980a8ecd268f5e3923453c0e2d.json,
house_NoDamage_326_jpg.rf.38c4c59a2f931000bec3a988744de8b8.jpg,no_damage,no_damage,not_damage,not_damage,raw_outputs/house_NoDamage_326_jpg.rf.38c4c59a2f931000bec3a988744de8b8.json,
house_NoDamage_345_jpg.rf.ae026ee3622b675b249791ab836c8b2c.jpg,no_damage,no_damage,not_damage,not_damage,raw_outputs/house_NoDamage_345_jpg.rf.ae026ee3622b675b249791ab836c8b2c.json,
house_NoDamage_347_jpg.rf.40f6127bbe2dd017bd20b7690303b881.jpg,no_damage,no_damage,not_damage,not_damage,raw_outputs/house_NoDamage_347_jpg.rf.40f6127bbe2dd017bd20b7690303b881.json,
house_NoDamage_353_jpg.rf.cb632617544eace66bc6596b908d2f6d.jpg,no_damage,no_damage,not_damage,not_damage,raw_outputs/house_NoDamage_353_jpg.rf.cb632617544eace66bc6596b908d2f6d.json,
house_NoDamage_372_jpg.rf.d7e7582cc8fde0a28d085d856b39887a.jpg,no_damage,no_damage,not_damage,not_damage,raw_outputs/house_NoDamage_372_jpg.rf.d7e7582cc8fde0a28d085d856b39887a.json,
house_NoDamage_377_jpg.rf.f124b7f7687ead85bb1bbc8695b2543a.jpg,no_damage,no_damage,not_damage,not_damage,raw_outputs/house_NoDamage_377_jpg.rf.f124b7f7687ead85bb1bbc8695b2543a.json,
house_NoDamage_381_jpg.rf.66208f3a57d74e00026165a5f2b2d114.jpg,no_damage,no_damage,not_damage,not_damage,raw_outputs/house_NoDamage_381_jpg.rf.66208f3a57d74e00026165a5f2b2d114.json,
house_NoDamage_384_jpg.rf.faf55fad1b3f8c55c6b82095264a3a81.jpg,no_damage,no_damage,not_damage,not_damage,raw_outputs/house_NoDamage_384_jpg.rf.faf55fad1b3f8c55c6b82095264a3a81.json,
house_NoDamage_385_jpg.rf.97ae90264bd08325f73674d67fd9fe00.jpg,no_damage,no_damage,not_damage,not_damage,raw_outputs/house_NoDamage_385_jpg.rf.97ae90264bd08325f73674d67fd9fe00.json,
house_NoDamage_388_jpg.rf.3a454c6f9e6f18e9d400fcf2e19154a0.jpg,no_damage,no_damage,not_damage,not_damage,raw_outputs/house_NoDamage_388_jpg.rf.3a454c6f9e6f18e9d400fcf2e19154a0.json,
house_NoDamage_390_jpg.rf.8a0668b1ef32fc614133676229c54d72.jpg,no_damage,no_damage,not_damage,not_damage,raw_outputs/house_NoDamage_390_jpg.rf.8a0668b1ef32fc614133676229c54d72.json,
house_NoDamage_391_jpg.rf.b41e744c399692997f51276617253e7e.jpg,no_damage,no_damage,not_damage,not_damage,raw_outputs/house_NoDamage_391_jpg.rf.b41e744c399692997f51276617253e7e.json,
house_NoDamage_395_jpg.rf.e35c9c14d4aa392f925ac4d9eb884ecc.jpg,no_damage,no_damage,not_damage,not_damage,raw_outputs/house_NoDamage_395_jpg.rf.e35c9c14d4aa392f925ac4d9eb884ecc.json,
house_NoDamage_405_jpg.rf.9bdd2982ec086f5ef5c5db124e8e083f.jpg,no_damage,no_damage,not_damage,not_damage,raw_outputs/house_NoDamage_405_jpg.rf.9bdd2982ec086f5ef5c5db124e8e083f.json,
house_NoDamage_419_jpg.rf.827ffa14e0e953b092b6415084d0324e.jpg,no_damage,no_damage,not_damage,not_damage,raw_outputs/house_NoDamage_419_jpg.rf.827ffa14e0e953b092b6415084d0324e.json,
house_NoDamage_444_jpg.rf.9ec30872b7f85fef4560fcd00187cd8d.jpg,no_damage,no_damage,not_damage,not_damage,raw_outputs/house_NoDamage_444_jpg.rf.9ec30872b7f85fef4560fcd00187cd8d.json,
house_NoDamage_457_jpg.rf.f438341ef042c9a93d5a9f7efc526929.jpg,no_damage,no_damage,not_damage,not_damage,raw_outputs/house_NoDamage_457_jpg.rf.f438341ef042c9a93d5a9f7efc526929.json,
house_NoDamage_460_jpg.rf.5e9347822603c0e96bfd84718e83601a.jpg,no_damage,no_damage,not_damage,not_damage,raw_outputs/house_NoDamage_460_jpg.rf.5e9347822603c0e96bfd84718e83601a.json,
house_NoDamage_477_jpg.rf.b721c2f92f4f7f8b166866412fb13459.jpg,no_damage,no_damage,not_damage,not_damage,raw_outputs/house_NoDamage_477_jpg.rf.b721c2f92f4f7f8b166866412fb13459.json,
house_NoDamage_480_jpg.rf.efe51c5647b3490373905189f85e1a60.jpg,no_damage,no_damage,not_damage,not_damage,raw_outputs/house_NoDamage_480_jpg.rf.efe51c5647b3490373905189f85e1a60.json,
house_NoDamage_481_jpg.rf.b8a8e6ce01082e776fe508f70d162271.jpg,no_damage,no_damage,not_damage,not_damage,raw_outputs/house_NoDamage_481_jpg.rf.b8a8e6ce01082e776fe508f70d162271.json,
house_NoDamage_483_jpg.rf.3198236338023ad57cc302e14f725e68.jpg,no_damage,no_damage,not_damage,not_damage,raw_outputs/house_NoDamage_483_jpg.rf.3198236338023ad57cc302e14f725e68.json,
house_NoDamage_488_jpg.rf.5f95e6d73e15a5ad5074f93088e18a4b.jpg,no_damage,no_damage,not_damage,not_damage,raw_outputs/house_NoDamage_488_jpg.rf.5f95e6d73e15a5ad5074f93088e18a4b.json,
house_NoDamage_494_jpg.rf.ed74875a5a08642e50c71faea3246043.jpg,no_damage,no_damage,not_damage,not_damage,raw_outputs/house_NoDamage_494_jpg.rf.ed74875a5a08642e50c71faea3246043.json,
house_NoDamage_496_jpg.rf.6f62219ab0ffe6741eab179ced9bd899.jpg,no_damage,no_damage,not_damage,not_damage,raw_outputs/house_NoDamage_496_jpg.rf.6f62219ab0ffe6741eab179ced9bd899.json,
house_NoDamage_498_jpg.rf.61310c7238e5649df7d5be2eebdd5302.jpg,no_damage,no_damage,not_damage,not_damage,raw_outputs/house_NoDamage_498_jpg.rf.61310c7238e5649df7d5be2eebdd5302.json,
house_NoDamage_502_jpg.rf.2d96035492eac49cfed4c2ccaac95d35.jpg,no_damage,no_damage,not_damage,not_damage,raw_outputs/house_NoDamage_502_jpg.rf.2d96035492eac49cfed4c2ccaac95d35.json,
house_NoDamage_505_jpg.rf.c318e3461e40a9a546fb29cf59467177.jpg,no_damage,no_damage,not_damage,not_damage,raw_outputs/house_NoDamage_505_jpg.rf.c318e3461e40a9a546fb29cf59467177.json,
house_NoDamage_511_jpg.rf.c8c99ae2cae9d66037819e9570340f6b.jpg,no_damage,no_damage,not_damage,not_damage,raw_outputs/house_NoDamage_511_jpg.rf.c8c99ae2cae9d66037819e9570340f6b.json,
house_NoDamage_514_jpg.rf.7b32b3b56188920eae9b4e998406179b.jpg,no_damage,no_damage,not_damage,not_damage,raw_outputs/house_NoDamage_514_jpg.rf.7b32b3b56188920eae9b4e998406179b.json,
house_NoDamage_516_jpg.rf.dda404a9f26d1a4e810a988151d2b518.jpg,no_damage,no_damage,not_damage,not_damage,raw_outputs/house_NoDamage_516_jpg.rf.dda404a9f26d1a4e810a988151d2b518.json,
house_NoDamage_520_jpg.rf.f2afb239aca3c4ab0b6eae64d22a9a61.jpg,no_damage,no_damage,not_damage,not_damage,raw_outputs/house_NoDamage_520_jpg.rf.f2afb239aca3c4ab0b6eae64d22a9a61.json,
house_NoDamage_533_jpg.rf.bcbc8fe07b8df97f3c6b42b748edf896.jpg,no_damage,no_damage,not_damage,not_damage,raw_outputs/house_NoDamage_533_jpg.rf.bcbc8fe07b8df97f3c6b42b748edf896.json,
house_NoDamage_536_jpg.rf.6c5bbbe73831e0fac951337088ae9e34.jpg,no_damage,no_damage,not_damage,not_damage,raw_outputs/house_NoDamage_536_jpg.rf.6c5bbbe73831e0fac951337088ae9e34.json,
house_NoDamage_543_jpg.rf.fc9f935b04971f388b7439acbcba7803.jpg,no_damage,no_damage,not_damage,not_damage,raw_outputs/house_NoDamage_543_jpg.rf.fc9f935b04971f388b7439acbcba7803.json,
house_NoDamage_547_jpg.rf.f2a789f1abc9e9d45b47fdf0ba43762d.jpg,no_damage,no_damage,not_damage,not_damage,raw_outputs/house_NoDamage_547_jpg.rf.f2a789f1abc9e9d45b47fdf0ba43762d.json,
house_NoDamage_549_jpg.rf.39de5ee72384635dc121056652812642.jpg,no_damage,no_damage,not_damage,not_damage,raw_outputs/house_NoDamage_549_jpg.rf.39de5ee72384635dc121056652812642.json,
house_NoDamage_555_jpg.rf.fcfbcc084e62d7d2aab9667e80b849c5.jpg,no_damage,no_damage,not_damage,not_damage,raw_outputs/house_NoDamage_555_jpg.rf.fcfbcc084e62d7d2aab9667e80b849c5.json,
house_NoDamage_577_jpg.rf.6ac7004e645119836b159055502c1634.jpg,no_damage,no_damage,not_damage,not_damage,raw_outputs/house_NoDamage_577_jpg.rf.6ac7004e645119836b159055502c1634.json,
house_NoDamage_578_jpg.rf.b0aad6ca02ff81969c35ddd6ce58feaa.jpg,no_damage,no_damage,not_damage,not_damage,raw_outputs/house_NoDamage_578_jpg.rf.b0aad6ca02ff81969c35ddd6ce58feaa.json,
house_NoDamage_57_jpeg.rf.d06a7ab498fcc6f18397657115a3ddb5.jpg,no_damage,no_damage,not_damage,not_damage,raw_outputs/house_NoDamage_57_jpeg.rf.d06a7ab498fcc6f18397657115a3ddb5.json,
house_NoDamage_580_jpg.rf.f66fe7b311c4754054ecad513ac7a8cd.jpg,no_damage,no_damage,not_damage,not_damage,raw_outputs/house_NoDamage_580_jpg.rf.f66fe7b311c4754054ecad513ac7a8cd.json,
house_NoDamage_584_jpg.rf.9a3b32de0d6a37d5b73e78f55d0a8b5a.jpg,no_damage,no_damage,not_damage,not_damage,raw_outputs/house_NoDamage_584_jpg.rf.9a3b32de0d6a37d5b73e78f55d0a8b5a.json,
house_NoDamage_586_jpg.rf.9e9479620cb28b12edc6c8a7f85166f8.jpg,no_damage,no_damage,not_damage,not_damage,raw_outputs/house_NoDamage_586_jpg.rf.9e9479620cb28b12edc6c8a7f85166f8.json,
house_NoDamage_58_jpeg.rf.5742324909723cd443d4975e66f2444c.jpg,no_damage,no_damage,not_damage,not_damage,raw_outputs/house_NoDamage_58_jpeg.rf.5742324909723cd443d4975e66f2444c.json,
house_NoDamage_59_png.rf.feabb978e2dd9319714fd06e8a3a725d.jpg,no_damage,no_damage,not_damage,not_damage,raw_outputs/house_NoDamage_59_png.rf.feabb978e2dd9319714fd06e8a3a725d.json,
house_NoDamage_604_jpg.rf.35bc0600a1eb579b5ac4bee59872f16b.jpg,no_damage,no_damage,not_damage,not_damage,raw_outputs/house_NoDamage_604_jpg.rf.35bc0600a1eb579b5ac4bee59872f16b.json,
house_NoDamage_625_jpg.rf.9ff6afec91bd487846be86974ae2ab0e.jpg,no_damage,no_damage,not_damage,not_damage,raw_outputs/house_NoDamage_625_jpg.rf.9ff6afec91bd487846be86974ae2ab0e.json,
house_NoDamage_632_jpg.rf.52f219da6b8242190f3c6d75e018e542.jpg,no_damage,no_damage,not_damage,not_damage,raw_outputs/house_NoDamage_632_jpg.rf.52f219da6b8242190f3c6d75e018e542.json,
house_NoDamage_633_jpg.rf.1f68a337b1febadb04cedec2c704632b.jpg,no_damage,no_damage,not_damage,not_damage,raw_outputs/house_NoDamage_633_jpg.rf.1f68a337b1febadb04cedec2c704632b.json,
house_NoDamage_642_jpg.rf.ce86831ff0124b083b4f3bf9c0ca0f74.jpg,no_damage,no_damage,not_damage,not_damage,raw_outputs/house_NoDamage_642_jpg.rf.ce86831ff0124b083b4f3bf9c0ca0f74.json,
house_NoDamage_659_jpg.rf.023016db26985e8c9eaa079e9dcb0d65.jpg,no_damage,no_damage,not_damage,not_damage,raw_outputs/house_NoDamage_659_jpg.rf.023016db26985e8c9eaa079e9dcb0d65.json,
house_NoDamage_667_jpg.rf.f86e37a622d1baa18de892c094b4f9a1.jpg,no_damage,no_damage,not_damage,not_damage,raw_outputs/house_NoDamage_667_jpg.rf.f86e37a622d1baa18de892c094b4f9a1.json,
house_NoDamage_672_jpg.rf.5db2f2254208e8901680017c0cbfea9d.jpg,no_damage,no_damage,not_damage,not_damage,raw_outputs/house_NoDamage_672_jpg.rf.5db2f2254208e8901680017c0cbfea9d.json,
house_NoDamage_674_jpg.rf.da4965eab6da3fcb9297fdfb9fd7b0db.jpg,no_damage,no_damage,not_damage,not_damage,raw_outputs/house_NoDamage_674_jpg.rf.da4965eab6da3fcb9297fdfb9fd7b0db.json,
house_NoDamage_68_jpeg.rf.c5e005df67c5ed6b6779e81d218c16c1.jpg,no_damage,no_damage,not_damage,not_damage,raw_outputs/house_NoDamage_68_jpeg.rf.c5e005df67c5ed6b6779e81d218c16c1.json,
house_NoDamage_690_jpg.rf.07101c49d386d69679785f9998b52f7d.jpg,no_damage,no_damage,not_damage,not_damage,raw_outputs/house_NoDamage_690_jpg.rf.07101c49d386d69679785f9998b52f7d.json,
house_NoDamage_712_jpg.rf.1b9d044c4678d49e56433abe96e2bafd.jpg,no_damage,no_damage,not_damage,not_damage,raw_outputs/house_NoDamage_712_jpg.rf.1b9d044c4678d49e56433abe96e2bafd.json,
house_NoDamage_715_jpg.rf.e9d429658d5e5d4ca4602859532a5ecf.jpg,no_damage,no_damage,not_damage,not_damage,raw_outputs/house_NoDamage_715_jpg.rf.e9d429658d5e5d4ca4602859532a5ecf.json,
house_NoDamage_719_jpg.rf.6e975fede85305ac9f6fe8e328963c74.jpg,no_damage,no_damage,not_damage,not_damage,raw_outputs/house_NoDamage_719_jpg.rf.6e975fede85305ac9f6fe8e328963c74.json,
house_NoDamage_726_jpg.rf.b1dee133a493bd6be7f0e09089a54965.jpg,no_damage,no_damage,not_damage,not_damage,raw_outputs/house_NoDamage_726_jpg.rf.b1dee133a493bd6be7f0e09089a54965.json,
house_NoDamage_747_jpg.rf.afbbbdb21bf94b774d2d7eafc497d6d5.jpg,no_damage,no_damage,not_damage,not_damage,raw_outputs/house_NoDamage_747_jpg.rf.afbbbdb21bf94b774d2d7eafc497d6d5.json,
house_NoDamage_754_jpg.rf.e92a6001b1ae7e609df5f512e4a95cde.jpg,no_damage,no_damage,not_damage,not_damage,raw_outputs/house_NoDamage_754_jpg.rf.e92a6001b1ae7e609df5f512e4a95cde.json,
house_NoDamage_759_jpg.rf.3191cf15666196f949595597ab9ee851.jpg,no_damage,no_damage,not_damage,not_damage,raw_outputs/house_NoDamage_759_jpg.rf.3191cf15666196f949595597ab9ee851.json,
house_NoDamage_75_jpeg.rf.f9e3eae07832a11e774f1d81032c6266.jpg,no_damage,no_damage,not_damage,not_damage,raw_outputs/house_NoDamage_75_jpeg.rf.f9e3eae07832a11e774f1d81032c6266.json,
house_NoDamage_761_jpg.rf.748eb6011411a9c0d188b17d2930df7e.jpg,no_damage,no_damage,not_damage,not_damage,raw_outputs/house_NoDamage_761_jpg.rf.748eb6011411a9c0d188b17d2930df7e.json,
house_NoDamage_765_jpg.rf.426b1cc70c669812f3f9b1e3c81e0f65.jpg,no_damage,no_damage,not_damage,not_damage,raw_outputs/house_NoDamage_765_jpg.rf.426b1cc70c669812f3f9b1e3c81e0f65.json,
house_NoDamage_775_jpg.rf.034e74f2dbb716c86628935ec30c53de.jpg,no_damage,no_damage,not_damage,not_damage,raw_outputs/house_NoDamage_775_jpg.rf.034e74f2dbb716c86628935ec30c53de.json,
house_NoDamage_780_jpg.rf.ddfa7d7a92b0a4d5df899f15f6a0f23b.jpg,no_damage,no_damage,not_damage,not_damage,raw_outputs/house_NoDamage_780_jpg.rf.ddfa7d7a92b0a4d5df899f15f6a0f23b.json,
house_NoDamage_781_jpg.rf.1337d4dd2709b31ba27382625ecd21df.jpg,no_damage,no_damage,not_damage,not_damage,raw_outputs/house_NoDamage_781_jpg.rf.1337d4dd2709b31ba27382625ecd21df.json,
house_NoDamage_790_jpg.rf.1ed585bba4fa8f992bc4156121d9bd35.jpg,no_damage,no_damage,not_damage,not_damage,raw_outputs/house_NoDamage_790_jpg.rf.1ed585bba4fa8f992bc4156121d9bd35.json,
house_NoDamage_792_jpeg.rf.8de7d2ea533f31fa74ece53b0d640048.jpg,no_damage,no_damage,not_damage,not_damage,raw_outputs/house_NoDamage_792_jpeg.rf.8de7d2ea533f31fa74ece53b0d640048.json,
house_NoDamage_793_jpeg.rf.6332d593cd2d99082e243b5e7473b54f.jpg,no_damage,no_damage,not_damage,not_damage,raw_outputs/house_NoDamage_793_jpeg.rf.6332d593cd2d99082e243b5e7473b54f.json,
house_NoDamage_796_jpeg.rf.0aaf45e7b8df5517b88d711d3ad98483.jpg,no_damage,no_damage,not_damage,not_damage,raw_outputs/house_NoDamage_796_jpeg.rf.0aaf45e7b8df5517b88d711d3ad98483.json,
house_NoDamage_801_jpeg.rf.81bd2e4d456de0a312258c29a16dd5d5.jpg,no_damage,no_damage,not_damage,not_damage,raw_outputs/house_NoDamage_801_jpeg.rf.81bd2e4d456de0a312258c29a16dd5d5.json,
house_NoDamage_823_jpeg.rf.da45f80a70fbe27473c86eb4dbefa6c4.jpg,no_damage,no_damage,not_damage,not_damage,raw_outputs/house_NoDamage_823_jpeg.rf.da45f80a70fbe27473c86eb4dbefa6c4.json,
house_NoDamage_831_jpeg.rf.bfbf699e5cfab74b0f05335cb825e275.jpg,no_damage,no_damage,not_damage,not_damage,raw_outputs/house_NoDamage_831_jpeg.rf.bfbf699e5cfab74b0f05335cb825e275.json,
house_NoDamage_835_jpeg.rf.014ad13972e818cbaf6b529403887349.jpg,no_damage,no_damage,not_damage,not_damage,raw_outputs/house_NoDamage_835_jpeg.rf.014ad13972e818cbaf6b529403887349.json,
house_NoDamage_86_png.rf.b2d9a78f5b220fabcc185ad3c583aa97.jpg,no_damage,no_damage,not_damage,not_damage,raw_outputs/house_NoDamage_86_png.rf.b2d9a78f5b220fabcc185ad3c583aa97.json,
house_NoDamage_874_jpeg.rf.0fa977edc5bc8e08fa058692376fba4a.jpg,no_damage,no_damage,not_damage,not_damage,raw_outputs/house_NoDamage_874_jpeg.rf.0fa977edc5bc8e08fa058692376fba4a.json,
house_NoDamage_875_jpeg.rf.91ad66c1d8d2dc1803365033b637e397.jpg,no_damage,no_damage,not_damage,not_damage,raw_outputs/house_NoDamage_875_jpeg.rf.91ad66c1d8d2dc1803365033b637e397.json,
house_NoDamage_876_jpeg.rf.de20d94d06f46d2323bfdd7593e43a39.jpg,no_damage,no_damage,not_damage,not_damage,raw_outputs/house_NoDamage_876_jpeg.rf.de20d94d06f46d2323bfdd7593e43a39.json,
house_NoDamage_886_jpeg.rf.85acb75437fbffe85a30463e36ac5a39.jpg,no_damage,no_damage,not_damage,not_damage,raw_outputs/house_NoDamage_886_jpeg.rf.85acb75437fbffe85a30463e36ac5a39.json,
house_NoDamage_899_jpeg.rf.0aa9517cc38bfe8e4cc73aa4db8c3465.jpg,no_damage,no_damage,not_damage,not_damage,raw_outputs/house_NoDamage_899_jpeg.rf.0aa9517cc38bfe8e4cc73aa4db8c3465.json,
house_NoDamage_904_jpeg.rf.4dc342e788c6e88ea091d2a89fa849be.jpg,no_damage,no_damage,not_damage,not_damage,raw_outputs/house_NoDamage_904_jpeg.rf.4dc342e788c6e88ea091d2a89fa849be.json,
house_NoDamage_927_jpeg.rf.69b3e8e771fa99fdfede92928eee468a.jpg,no_damage,no_damage,not_damage,not_damage,raw_outputs/house_NoDamage_927_jpeg.rf.69b3e8e771fa99fdfede92928eee468a.json,
house_NoDamage_931_jpeg.rf.b2e5fc97af78e618b1e979f0949c8763.jpg,no_damage,no_damage,not_damage,not_damage,raw_outputs/house_NoDamage_931_jpeg.rf.b2e5fc97af78e618b1e979f0949c8763.json,
house_NoDamage_936_jpeg.rf.e25784319e2a31a8da0a65de9dd47b15.jpg,no_damage,no_damage,not_damage,not_damage,raw_outputs/house_NoDamage_936_jpeg.rf.e25784319e2a31a8da0a65de9dd47b15.json,
house_NoDamage_937_jpeg.rf.421036294b5054b8fc43866af141256d.jpg,no_damage,no_damage,not_damage,not_damage,raw_outputs/house_NoDamage_937_jpeg.rf.421036294b5054b8fc43866af141256d.json,
house_NoDamage_947_jpeg.rf.b1a020485a7313b3927fe5eae4588b4b.jpg,no_damage,no_damage,not_damage,not_damage,raw_outputs/house_NoDamage_947_jpeg.rf.b1a020485a7313b3927fe5eae4588b4b.json,
house_NoDamage_948_jpeg.rf.fdbbfe5e4aaf52ae7dde3d253c2df0bf.jpg,no_damage,no_damage,not_damage,not_damage,raw_outputs/house_NoDamage_948_jpeg.rf.fdbbfe5e4aaf52ae7dde3d253c2df0bf.json,
house_NoDamage_956_png.rf.581c7900a4164a737c21082d9936fe9b.jpg,no_damage,no_damage,not_damage,not_damage,raw_outputs/house_NoDamage_956_png.rf.581c7900a4164a737c21082d9936fe9b.json,
house_WaterDamage_102_jpg.rf.33ff2aa6d6fea16deb18c0ba5d5ada6f.jpg,damage,no_damage,damage,not_damage,raw_outputs/house_WaterDamage_102_jpg.rf.33ff2aa6d6fea16deb18c0ba5d5ada6f.json,
house_WaterDamage_120_jpg.rf.0141ad1360da60160cbbb4350709a621.jpg,damage,no_damage,damage,not_damage,raw_outputs/house_WaterDamage_120_jpg.rf.0141ad1360da60160cbbb4350709a621.json,
house_WaterDamage_125_jpg.rf.c2a3e7f38d08c9e2529f10d5bd052dac.jpg,damage,no_damage,damage,not_damage,raw_outputs/house_WaterDamage_125_jpg.rf.c2a3e7f38d08c9e2529f10d5bd052dac.json,
house_WaterDamage_126_jpg.rf.0754bae0a70947c9c858c530b316455e.jpg,damage,no_damage,damage,not_damage,raw_outputs/house_WaterDamage_126_jpg.rf.0754bae0a70947c9c858c530b316455e.json,
house_WaterDamage_130_jpg.rf.5b72a4511986620de2148a83a23e6bb0.jpg,damage,no_damage,damage,not_damage,raw_outputs/house_WaterDamage_130_jpg.rf.5b72a4511986620de2148a83a23e6bb0.json,
house_WaterDamage_133_jpg.rf.80719f66ed9fb1eff5818ae9880b004a.jpg,damage,no_damage,damage,not_damage,raw_outputs/house_WaterDamage_133_jpg.rf.80719f66ed9fb1eff5818ae9880b004a.json,
house_WaterDamage_139_jpg.rf.d3397e9b649ea1bec401357317a960dc.jpg,damage,no_damage,damage,not_damage,raw_outputs/house_WaterDamage_139_jpg.rf.d3397e9b649ea1bec401357317a960dc.json,
house_WaterDamage_144_jpg.rf.78f0e2a12ad1f07281c82774bfe97cf6.jpg,damage,no_damage,damage,not_damage,raw_outputs/house_WaterDamage_144_jpg.rf.78f0e2a12ad1f07281c82774bfe97cf6.json,
house_WaterDamage_153_png.rf.93f79f65d000945d6ffa504011e63d95.jpg,damage,no_damage,damage,not_damage,raw_outputs/house_WaterDamage_153_png.rf.93f79f65d000945d6ffa504011e63d95.json,
house_WaterDamage_156_jpg.rf.4267c2a6dbc6ac335019f8b4347ec304.jpg,damage,no_damage,damage,not_damage,raw_outputs/house_WaterDamage_156_jpg.rf.4267c2a6dbc6ac335019f8b4347ec304.json,
house_WaterDamage_159_png.rf.cb81eb3c52876b8086ca47a1a734c8c1.jpg,damage,no_damage,damage,not_damage,raw_outputs/house_WaterDamage_159_png.rf.cb81eb3c52876b8086ca47a1a734c8c1.json,
house_WaterDamage_163_png.rf.e5ec3f17b0580caa512b9afce677f097.jpg,damage,no_damage,damage,not_damage,raw_outputs/house_WaterDamage_163_png.rf.e5ec3f17b0580caa512b9afce677f097.json,
house_WaterDamage_164_png.rf.665bbf7094a6258fb22032f3797aa513.jpg,damage,no_damage,damage,not_damage,raw_outputs/house_WaterDamage_164_png.rf.665bbf7094a6258fb22032f3797aa513.json,
house_WaterDamage_165_jpg.rf.3f5fca8561384f121afc2a4b2c28d021.jpg,damage,no_damage,damage,not_damage,raw_outputs/house_WaterDamage_165_jpg.rf.3f5fca8561384f121afc2a4b2c28d021.json,
house_WaterDamage_16_jpg.rf.2083c5e562d5e86cf25f770bb2a50c4b.jpg,damage,no_damage,damage,not_damage,raw_outputs/house_WaterDamage_16_jpg.rf.2083c5e562d5e86cf25f770bb2a50c4b.json,
house_WaterDamage_175_jpg.rf.0f13b4010fd827354a13d52f98a1f440.jpg,damage,no_damage,damage,not_damage,raw_outputs/house_WaterDamage_175_jpg.rf.0f13b4010fd827354a13d52f98a1f440.json,
house_WaterDamage_17_jpg.rf.d638da32326a92d8109da4f051ce5353.jpg,damage,no_damage,damage,not_damage,raw_outputs/house_WaterDamage_17_jpg.rf.d638da32326a92d8109da4f051ce5353.json,
house_WaterDamage_186_jpg.rf.03599037399a02270ac4b7ed11107ff9.jpg,damage,no_damage,damage,not_damage,raw_outputs/house_WaterDamage_186_jpg.rf.03599037399a02270ac4b7ed11107ff9.json,
house_WaterDamage_187_jpg.rf.819f354b0ed8640269d0de6929032ad9.jpg,damage,no_damage,damage,not_damage,raw_outputs/house_WaterDamage_187_jpg.rf.819f354b0ed8640269d0de6929032ad9.json,
house_WaterDamage_188_jpg.rf.ca9ae47a95061198815e3b2e4d8d71d2.jpg,damage,no_damage,damage,not_damage,raw_outputs/house_WaterDamage_188_jpg.rf.ca9ae47a95061198815e3b2e4d8d71d2.json,
house_WaterDamage_202_jpg.rf.e0d8be73517308f46dfe8693da829d6d.jpg,damage,no_damage,damage,not_damage,raw_outputs/house_WaterDamage_202_jpg.rf.e0d8be73517308f46dfe8693da829d6d.json,
house_WaterDamage_205_jpg.rf.980b44e2230b48fca6cf90d7e7a21ee8.jpg,damage,no_damage,damage,not_damage,raw_outputs/house_WaterDamage_205_jpg.rf.980b44e2230b48fca6cf90d7e7a21ee8.json,
house_WaterDamage_20_jpg.rf.7e9afb8aa81fa7e02beda8349d58c135.jpg,damage,no_damage,damage,not_damage,raw_outputs/house_WaterDamage_20_jpg.rf.7e9afb8aa81fa7e02beda8349d58c135.json,
house_WaterDamage_211_jpg.rf.a82af942ae68ceba4ebfa4e088a2bc6e.jpg,damage,no_damage,damage,not_damage,raw_outputs/house_WaterDamage_211_jpg.rf.a82af942ae68ceba4ebfa4e088a2bc6e.json,
house_WaterDamage_213_jpeg.rf.01e0864cea56c47e3724e86e18abc0ff.jpg,damage,no_damage,damage,not_damage,raw_outputs/house_WaterDamage_213_jpeg.rf.01e0864cea56c47e3724e86e18abc0ff.json,
house_WaterDamage_216_jpeg.rf.389973f2e298d69c31de4ffad2fde2a4.jpg,damage,no_damage,damage,not_damage,raw_outputs/house_WaterDamage_216_jpeg.rf.389973f2e298d69c31de4ffad2fde2a4.json,
house_WaterDamage_218_png.rf.fd733af03c7613694cb069e35762d2df.jpg,damage,no_damage,damage,not_damage,raw_outputs/house_WaterDamage_218_png.rf.fd733af03c7613694cb069e35762d2df.json,
house_WaterDamage_220_png.rf.5781456b7a9a13703475bc891e49489d.jpg,damage,no_damage,damage,not_damage,raw_outputs/house_WaterDamage_220_png.rf.5781456b7a9a13703475bc891e49489d.json,
house_WaterDamage_225_png.rf.17c9255029a8b74ce574ea59aa483fc6.jpg,damage,no_damage,damage,not_damage,raw_outputs/house_WaterDamage_225_png.rf.17c9255029a8b74ce574ea59aa483fc6.json,
house_WaterDamage_22_jpg.rf.ea09a17ae43d5833f2f49fe7cb8db8b1.jpg,damage,no_damage,damage,not_damage,raw_outputs/house_WaterDamage_22_jpg.rf.ea09a17ae43d5833f2f49fe7cb8db8b1.json,
house_WaterDamage_241_jpeg.rf.b1e7312b1ef3e5d4a42a976a367fe616.jpg,damage,no_damage,damage,not_damage,raw_outputs/house_WaterDamage_241_jpeg.rf.b1e7312b1ef3e5d4a42a976a367fe616.json,
house_WaterDamage_245_jpeg.rf.f4f3d2f5fa31759ab35d6179520ba837.jpg,damage,no_damage,damage,not_damage,raw_outputs/house_WaterDamage_245_jpeg.rf.f4f3d2f5fa31759ab35d6179520ba837.json,
house_WaterDamage_246_jpeg.rf.f8502512aaa77d69a349cee243e31ea4.jpg,damage,no_damage,damage,not_damage,raw_outputs/house_WaterDamage_246_jpeg.rf.f8502512aaa77d69a349cee243e31ea4.json,
house_WaterDamage_247_jpeg.rf.8a26b20528030ca17ea911b29700fd7c.jpg,damage,no_damage,damage,not_damage,raw_outputs/house_WaterDamage_247_jpeg.rf.8a26b20528030ca17ea911b29700fd7c.json,
house_WaterDamage_253_jpg.rf.310281f3feb945ac0f778d85e9dd86f5.jpg,damage,no_damage,damage,not_damage,raw_outputs/house_WaterDamage_253_jpg.rf.310281f3feb945ac0f778d85e9dd86f5.json,
house_WaterDamage_261_jpg.rf.ec281893054c62cb3516a9eded4b4f46.jpg,damage,no_damage,damage,not_damage,raw_outputs/house_WaterDamage_261_jpg.rf.ec281893054c62cb3516a9eded4b4f46.json,
house_WaterDamage_269_png.rf.5a77d8e9ff2dd8fd67be065bc408bb02.jpg,damage,no_damage,damage,not_damage,raw_outputs/house_WaterDamage_269_png.rf.5a77d8e9ff2dd8fd67be065bc408bb02.json,
house_WaterDamage_278_png.rf.dc9a0ce4783eb98ceeebe58bba248d93.jpg,damage,no_damage,damage,not_damage,raw_outputs/house_WaterDamage_278_png.rf.dc9a0ce4783eb98ceeebe58bba248d93.json,
house_WaterDamage_282_png.rf.d98e1dc152135eddfd77ead59f27a82d.jpg,damage,no_damage,damage,not_damage,raw_outputs/house_WaterDamage_282_png.rf.d98e1dc152135eddfd77ead59f27a82d.json,
house_WaterDamage_301_jpg.rf.2f2b872d775e2d69ee1fdda21eb3fa39.jpg,damage,no_damage,damage,not_damage,raw_outputs/house_WaterDamage_301_jpg.rf.2f2b872d775e2d69ee1fdda21eb3fa39.json,
house_WaterDamage_305_jpg.rf.84c1c4d8ab1fb25474e5f791d8c01451.jpg,damage,no_damage,damage,not_damage,raw_outputs/house_WaterDamage_305_jpg.rf.84c1c4d8ab1fb25474e5f791d8c01451.json,
house_WaterDamage_311_jpg.rf.4082f6a7b45caf1acebc9a5ee667ba68.jpg,damage,no_damage,damage,not_damage,raw_outputs/house_WaterDamage_311_jpg.rf.4082f6a7b45caf1acebc9a5ee667ba68.json,
house_WaterDamage_312_jpg.rf.285b65668c93fbf61fb5ec1ce5659b9e.jpg,damage,no_damage,damage,not_damage,raw_outputs/house_WaterDamage_312_jpg.rf.285b65668c93fbf61fb5ec1ce5659b9e.json,
house_WaterDamage_324_jpg.rf.2d6c34adfef0bf7832916653c2cb5084.jpg,damage,no_damage,damage,not_damage,raw_outputs/house_WaterDamage_324_jpg.rf.2d6c34adfef0bf7832916653c2cb5084.json,
house_WaterDamage_329_jpg.rf.b1ab295d31e8f50fdae35ef558890c9e.jpg,damage,no_damage,damage,not_damage,raw_outputs/house_WaterDamage_329_jpg.rf.b1ab295d31e8f50fdae35ef558890c9e.json,
house_WaterDamage_330_jpg.rf.5af9e9ad0764c58f1a5c14459c54a868.jpg,damage,no_damage,damage,not_damage,raw_outputs/house_WaterDamage_330_jpg.rf.5af9e9ad0764c58f1a5c14459c54a868.json,
house_WaterDamage_332_jpg.rf.fbca8047d47b671936fe74cb9b43e376.jpg,damage,no_damage,damage,not_damage,raw_outputs/house_WaterDamage_332_jpg.rf.fbca8047d47b671936fe74cb9b43e376.json,
house_WaterDamage_346_jpg.rf.6f55470ab61cdfbd602142ff4c25beb9.jpg,damage,no_damage,damage,not_damage,raw_outputs/house_WaterDamage_346_jpg.rf.6f55470ab61cdfbd602142ff4c25beb9.json,
house_WaterDamage_347_jpg.rf.0a2ab52572fc329e22938006db4629ec.jpg,damage,no_damage,damage,not_damage,raw_outputs/house_WaterDamage_347_jpg.rf.0a2ab52572fc329e22938006db4629ec.json,
house_WaterDamage_34_jpg.rf.857dcb04a3774f17e90f9de5bcd106db.jpg,damage,no_damage,damage,not_damage,raw_outputs/house_WaterDamage_34_jpg.rf.857dcb04a3774f17e90f9de5bcd106db.json,
house_WaterDamage_354_jpg.rf.83af75915872c3d67995a2b3a731ba0a.jpg,damage,no_damage,damage,not_damage,raw_outputs/house_WaterDamage_354_jpg.rf.83af75915872c3d67995a2b3a731ba0a.json,
house_WaterDamage_36_jpg.rf.1fa41fb3a3b2c232d0d2e071d48e7383.jpg,damage,no_damage,damage,not_damage,raw_outputs/house_WaterDamage_36_jpg.rf.1fa41fb3a3b2c232d0d2e071d48e7383.json,
house_WaterDamage_371_jpg.rf.6e26362c9c9883be5901ea94476d96ea.jpg,damage,no_damage,damage,not_damage,raw_outputs/house_WaterDamage_371_jpg.rf.6e26362c9c9883be5901ea94476d96ea.json,
house_WaterDamage_374_jpg.rf.42bd9e7ed3a4b5eb1d6a5d82a23f3d03.jpg,damage,no_damage,damage,not_damage,raw_outputs/house_WaterDamage_374_jpg.rf.42bd9e7ed3a4b5eb1d6a5d82a23f3d03.json,
house_WaterDamage_376_jpg.rf.fcd73563c701dd096f60ea3c5018fd41.jpg,damage,no_damage,damage,not_damage,raw_outputs/house_WaterDamage_376_jpg.rf.fcd73563c701dd096f60ea3c5018fd41.json,
house_WaterDamage_386_jpg.rf.c615a7ca52e9ed7fa2024f2d3dba27bc.jpg,damage,no_damage,damage,not_damage,raw_outputs/house_WaterDamage_386_jpg.rf.c615a7ca52e9ed7fa2024f2d3dba27bc.json,
house_WaterDamage_397_jpg.rf.44bca96419309b02a62079337d593cb4.jpg,damage,no_damage,damage,not_damage,raw_outputs/house_WaterDamage_397_jpg.rf.44bca96419309b02a62079337d593cb4.json,
house_WaterDamage_402_jpg.rf.b866620f55e2511764dc203bb1393ef4.jpg,damage,no_damage,damage,not_damage,raw_outputs/house_WaterDamage_402_jpg.rf.b866620f55e2511764dc203bb1393ef4.json,
house_WaterDamage_407_jpg.rf.3d6a4baac878939c3a2cf9afc8b68ea3.jpg,damage,no_damage,damage,not_damage,raw_outputs/house_WaterDamage_407_jpg.rf.3d6a4baac878939c3a2cf9afc8b68ea3.json,
house_WaterDamage_413_jpg.rf.0529f495fea31ae901bd6d8bbbb37c50.jpg,damage,no_damage,damage,not_damage,raw_outputs/house_WaterDamage_413_jpg.rf.0529f495fea31ae901bd6d8bbbb37c50.json,
house_WaterDamage_422_jpg.rf.3b897c50ba499a3955077bea399cecb6.jpg,damage,no_damage,damage,not_damage,raw_outputs/house_WaterDamage_422_jpg.rf.3b897c50ba499a3955077bea399cecb6.json,
house_WaterDamage_423_jpg.rf.20aa35aea8b5f24df4bd8001ea6bf0c7.jpg,damage,no_damage,damage,not_damage,raw_outputs/house_WaterDamage_423_jpg.rf.20aa35aea8b5f24df4bd8001ea6bf0c7.json,
house_WaterDamage_432_jpg.rf.94f18a3606e0db71230b5e4173fcb566.jpg,damage,no_damage,damage,not_damage,raw_outputs/house_WaterDamage_432_jpg.rf.94f18a3606e0db71230b5e4173fcb566.json,
house_WaterDamage_458_jpg.rf.9079767834ad88f9577e299015f6a4ce.jpg,damage,no_damage,damage,not_damage,raw_outputs/house_WaterDamage_458_jpg.rf.9079767834ad88f9577e299015f6a4ce.json,
house_WaterDamage_460_jpg.rf.29b9d92f50266b68cb21e2c81add916d.jpg,damage,no_damage,damage,not_damage,raw_outputs/house_WaterDamage_460_jpg.rf.29b9d92f50266b68cb21e2c81add916d.json,
house_WaterDamage_466_jpg.rf.e7ba8a987eab3a6b8a158b85f341135b.jpg,damage,no_damage,damage,not_damage,raw_outputs/house_WaterDamage_466_jpg.rf.e7ba8a987eab3a6b8a158b85f341135b.json,
house_WaterDamage_468_jpg.rf.f1df158eee9a3e1be690ee942015133f.jpg,damage,no_damage,damage,not_damage,raw_outputs/house_WaterDamage_468_jpg.rf.f1df158eee9a3e1be690ee942015133f.json,
house_WaterDamage_483_jpg.rf.9017b071c8af146392301b7cc0f1eaef.jpg,damage,no_damage,damage,not_damage,raw_outputs/house_WaterDamage_483_jpg.rf.9017b071c8af146392301b7cc0f1eaef.json,
house_WaterDamage_491_jpg.rf.6f58d09b0903f96173408c4bbb61f5be.jpg,damage,no_damage,damage,not_damage,raw_outputs/house_WaterDamage_491_jpg.rf.6f58d09b0903f96173408c4bbb61f5be.json,
house_WaterDamage_50_jpg.rf.7faf1222e9dda29374e759386fb85a09.jpg,damage,no_damage,damage,not_damage,raw_outputs/house_WaterDamage_50_jpg.rf.7faf1222e9dda29374e759386fb85a09.json,
house_WaterDamage_5_jpg.rf.3d7a0ffff5c558f205110e405d23600d.jpg,damage,no_damage,damage,not_damage,raw_outputs/house_WaterDamage_5_jpg.rf.3d7a0ffff5c558f205110e405d23600d.json,
house_WaterDamage_71_jpg.rf.87c503af8d9ca594f639f0a098437d97.jpg,damage,no_damage,damage,not_damage,raw_outputs/house_WaterDamage_71_jpg.rf.87c503af8d9ca594f639f0a098437d97.json,
house_WaterDamage_72_jpg.rf.d0046455f31dca8bdc25025372426f72.jpg,damage,no_damage,damage,not_damage,raw_outputs/house_WaterDamage_72_jpg.rf.d0046455f31dca8bdc25025372426f72.json,
house_WaterDamage_74_jpg.rf.4a9473d301f5233f1be45cd907936744.jpg,damage,no_damage,damage,not_damage,raw_outputs/house_WaterDamage_74_jpg.rf.4a9473d301f5233f1be45cd907936744.json,
house_WaterDamage_77_jpg.rf.045ed325537b4f2443e9a4eb3c823750.jpg,damage,no_damage,damage,not_damage,raw_outputs/house_WaterDamage_77_jpg.rf.045ed325537b4f2443e9a4eb3c823750.json,
house_WaterDamage_82_jpg.rf.a1f8059ce7df1c96e0b300d188652ab7.jpg,damage,no_damage,damage,not_damage,raw_outputs/house_WaterDamage_82_jpg.rf.a1f8059ce7df1c96e0b300d188652ab7.json,
house_WaterDamage_8_jpg.rf.12c6d6a7f14cee211616e24cdc24dfc9.jpg,damage,no_damage,damage,not_damage,raw_outputs/house_WaterDamage_8_jpg.rf.12c6d6a7f14cee211616e24cdc24dfc9.json,
house_WaterDamage_91_jpg.rf.155e6db3ed5e08ae37aa32a44a544511.jpg,damage,no_damage,damage,not_damage,raw_outputs/house_WaterDamage_91_jpg.rf.155e6db3ed5e08ae37aa32a44a544511.json,
house_WaterDamage_93_jpg.rf.649494b1c3bcf9aab8a40bf1d9e801f1.jpg,damage,no_damage,damage,not_damage,raw_outputs/house_WaterDamage_93_jpg.rf.649494b1c3bcf9aab8a40bf1d9e801f1.json,
house_WaterDamage_97_jpg.rf.a9559ab4decdd11fabe963e6e97de0de.jpg,damage,no_damage,damage,not_damage,raw_outputs/house_WaterDamage_97_jpg.rf.a9559ab4decdd11fabe963e6e97de0de.json,
mold2_0_TRMRMMGLPICT000021193200_jpg.rf.0913a51ffab1c1f3b4f5794a8b21fbe4.jpg,mold,no_damage,damage,not_damage,raw_outputs/mold2_0_TRMRMMGLPICT000021193200_jpg.rf.0913a51ffab1c1f3b4f5794a8b21fbe4.json,
mold2_100056_img6_jpeg.rf.75fbe08711aff8f02807d2d8bdbdaeaa.jpg,mold,no_damage,damage,not_damage,raw_outputs/mold2_100056_img6_jpeg.rf.75fbe08711aff8f02807d2d8bdbdaeaa.json,
mold2_100056_img7_jpeg.rf.f09b9416d70681205efd8046c796f314.jpg,mold,no_damage,damage,not_damage,raw_outputs/mold2_100056_img7_jpeg.rf.f09b9416d70681205efd8046c796f314.json,
mold2_100910_img2_jpg.rf.bf5508c4bfd8043cca3810dfd3f1ff18.jpg,mold,no_damage,damage,not_damage,raw_outputs/mold2_100910_img2_jpg.rf.bf5508c4bfd8043cca3810dfd3f1ff18.json,
mold2_101255_img6_jpg.rf.a664671af5d1fcbb9172d33cd405de57.jpg,mold,no_damage,damage,not_damage,raw_outputs/mold2_101255_img6_jpg.rf.a664671af5d1fcbb9172d33cd405de57.json,
mold2_101333_img2_jpeg.rf.524bb0d3632afe9f38b706ec61c516c0.jpg,mold,no_damage,damage,not_damage,raw_outputs/mold2_101333_img2_jpeg.rf.524bb0d3632afe9f38b706ec61c516c0.json,
mold2_101543_img7_jpg.rf.45909d23d1d35888c295549d6e804b15.jpg,mold,no_damage,damage,not_damage,raw_outputs/mold2_101543_img7_jpg.rf.45909d23d1d35888c295549d6e804b15.json,
mold2_101844_img7_jpeg.rf.9083db82ff6983a0c7a5b4664fd4d3c4.jpg,mold,no_damage,damage,not_damage,raw_outputs/mold2_101844_img7_jpeg.rf.9083db82ff6983a0c7a5b4664fd4d3c4.json,
mold2_102132_img1_jpg.rf.439866ca3bbd2f0a4f3e3c349f1b4f84.jpg,mold,no_damage,damage,not_damage,raw_outputs/mold2_102132_img1_jpg.rf.439866ca3bbd2f0a4f3e3c349f1b4f84.json,
mold2_102132_img30_jpg.rf.c0635ac9674258d62193ec8bbe983261.jpg,mold,no_damage,damage,not_damage,raw_outputs/mold2_102132_img30_jpg.rf.c0635ac9674258d62193ec8bbe983261.json,
mold2_102132_img4_jpg.rf.5bb4905d0732782e21dfb37d47451b8c.jpg,mold,no_damage,damage,not_damage,raw_outputs/mold2_102132_img4_jpg.rf.5bb4905d0732782e21dfb37d47451b8c.json,
mold2_102132_img8_jpg.rf.2a4b26275f1a38e26c83d5478fecb557.jpg,mold,no_damage,damage,not_damage,raw_outputs/mold2_102132_img8_jpg.rf.2a4b26275f1a38e26c83d5478fecb557.json,
mold2_102386_img2_jpeg.rf.8312c4e09e4ea7d8cd751577a3972c00.jpg,mold,no_damage,damage,not_damage,raw_outputs/mold2_102386_img2_jpeg.rf.8312c4e09e4ea7d8cd751577a3972c00.json,
mold2_102386_img5_jpeg.rf.6f0ecd0d8c90175aa2ed1dfdbc161d45.jpg,mold,no_damage,damage,not_damage,raw_outputs/mold2_102386_img5_jpeg.rf.6f0ecd0d8c90175aa2ed1dfdbc161d45.json,
mold2_102739_img5_jpg.rf.870226c4147ab37b89dd50e7f1b6da09.jpg,mold,no_damage,damage,not_damage,raw_outputs/mold2_102739_img5_jpg.rf.870226c4147ab37b89dd50e7f1b6da09.json,
mold2_102854_img4_jpeg.rf.241f8bedfce823af68e160b73612672b.jpg,mold,no_damage,damage,not_damage,raw_outputs/mold2_102854_img4_jpeg.rf.241f8bedfce823af68e160b73612672b.json,
mold2_102945_img2_jpeg.rf.80e3f423159f280a0567b3c1f38dc2da.jpg,mold,no_damage,damage,not_damage,raw_outputs/mold2_102945_img2_jpeg.rf.80e3f423159f280a0567b3c1f38dc2da.json,
mold2_103063_img1_jpg.rf.cff4b418cc27f2ca9b86211c17853cc2.jpg,mold,no_damage,damage,not_damage,raw_outputs/mold2_103063_img1_jpg.rf.cff4b418cc27f2ca9b86211c17853cc2.json,
mold2_103063_img5_jpg.rf.872fea170470b48b97483e648933aaf5.jpg,mold,no_damage,damage,not_damage,raw_outputs/mold2_103063_img5_jpg.rf.872fea170470b48b97483e648933aaf5.json,
mold2_103199_img4_jpg.rf.9927655ca9842108aa294369d69bca12.jpg,mold,no_damage,damage,not_damage,raw_outputs/mold2_103199_img4_jpg.rf.9927655ca9842108aa294369d69bca12.json,
mold2_103209_img12_jpg.rf.5a03561d0a2134f24eb5b6b8c4b6a0fb.jpg,mold,no_damage,damage,not_damage,raw_outputs/mold2_103209_img12_jpg.rf.5a03561d0a2134f24eb5b6b8c4b6a0fb.json,
mold2_103209_img8_jpg.rf.f151a7249b06fd56eabe8889c1d23a66.jpg,mold,no_damage,damage,not_damage,raw_outputs/mold2_103209_img8_jpg.rf.f151a7249b06fd56eabe8889c1d23a66.json,
mold2_103209_img9_jpg.rf.69c6d9afcd1c2641a20bc4feda5564d7.jpg,mold,no_damage,damage,not_damage,raw_outputs/mold2_103209_img9_jpg.rf.69c6d9afcd1c2641a20bc4feda5564d7.json,
mold2_103316_img3_jpg.rf.9d4da34ce65e9fffcda1e106a648e92c.jpg,mold,no_damage,damage,not_damage,raw_outputs/mold2_103316_img3_jpg.rf.9d4da34ce65e9fffcda1e106a648e92c.json,
mold2_103405_img6_jpg.rf.e4a6153633e1d0a6e82b4badde6ff1b3.jpg,mold,no_damage,damage,not_damage,raw_outputs/mold2_103405_img6_jpg.rf.e4a6153633e1d0a6e82b4badde6ff1b3.json,
mold2_103627_img2_jpg.rf.11e7f5b9582755fa9e895af9768f1773.jpg,mold,no_damage,damage,not_damage,raw_outputs/mold2_103627_img2_jpg.rf.11e7f5b9582755fa9e895af9768f1773.json,
mold2_104308_img11_jpg.rf.9b041394c50c3f3f6db5283f1c5e035e.jpg,mold,no_damage,damage,not_damage,raw_outputs/mold2_104308_img11_jpg.rf.9b041394c50c3f3f6db5283f1c5e035e.json,
mold2_104417_img3_jpg.rf.cddbb8889c4a177cc7c6b255cbabc941.jpg,mold,no_damage,damage,not_damage,raw_outputs/mold2_104417_img3_jpg.rf.cddbb8889c4a177cc7c6b255cbabc941.json,
mold2_104823_img2_jpeg.rf.f5ee396ce25374c8db7d3c23c9882f88.jpg,mold,no_damage,damage,not_damage,raw_outputs/mold2_104823_img2_jpeg.rf.f5ee396ce25374c8db7d3c23c9882f88.json,
mold2_104823_img5_jpeg.rf.f0db800b04c5df7330934960f53a48bc.jpg,mold,no_damage,damage,not_damage,raw_outputs/mold2_104823_img5_jpeg.rf.f0db800b04c5df7330934960f53a48bc.json,
mold2_104823_img7_jpeg.rf.fcd4bc4dd3c5d2c530f933cc3f57312c.jpg,mold,no_damage,damage,not_damage,raw_outputs/mold2_104823_img7_jpeg.rf.fcd4bc4dd3c5d2c530f933cc3f57312c.json,
mold2_105057_img8_jpeg.rf.b5f375b5a5038c223bafa37b4c90b21e.jpg,mold,no_damage,damage,not_damage,raw_outputs/mold2_105057_img8_jpeg.rf.b5f375b5a5038c223bafa37b4c90b21e.json,
mold2_105398_img2_jpeg.rf.613c8e66c1d6db3143346f186fda6516.jpg,mold,no_damage,damage,not_damage,raw_outputs/mold2_105398_img2_jpeg.rf.613c8e66c1d6db3143346f186fda6516.json,
mold2_105398_img5_jpeg.rf.1e094066ce9a4480778542327f528475.jpg,mold,no_damage,damage,not_damage,raw_outputs/mold2_105398_img5_jpeg.rf.1e094066ce9a4480778542327f528475.json,
mold2_28906_img3_jpg.rf.e80094f0f8b73fd2fdacaabb6d4d2e06.jpg,mold,no_damage,damage,not_damage,raw_outputs/mold2_28906_img3_jpg.rf.e80094f0f8b73fd2fdacaabb6d4d2e06.json,
mold2_28929_img3_jpeg.rf.446f852aab290b92c4691f429e711a4e.jpg,mold,no_damage,damage,not_damage,raw_outputs/mold2_28929_img3_jpeg.rf.446f852aab290b92c4691f429e711a4e.json,
mold2_28929_img4_jpeg.rf.8ed3277d9bfe947e88a702c0dcfe51f3.jpg,mold,no_damage,damage,not_damage,raw_outputs/mold2_28929_img4_jpeg.rf.8ed3277d9bfe947e88a702c0dcfe51f3.json,
mold2_28946_img3_jpg.rf.edcf13b1231d284d85f9e1d2a98315f5.jpg,mold,no_damage,damage,not_damage,raw_outputs/mold2_28946_img3_jpg.rf.edcf13b1231d284d85f9e1d2a98315f5.json,
mold2_28998_img16_jpeg.rf.1a33b8853a9a2576d018e4c0657aa980.jpg,mold,no_damage,damage,not_damage,raw_outputs/mold2_28998_img16_jpeg.rf.1a33b8853a9a2576d018e4c0657aa980.json,
mold2_29000_img4_jpg.rf.5b8568399ff70b1d7664e92ebaa0edff.jpg,mold,no_damage,damage,not_damage,raw_outputs/mold2_29000_img4_jpg.rf.5b8568399ff70b1d7664e92ebaa0edff.json,
mold2_29066_img22_jpg.rf.3087cb421f0a38beb0531962e0f6862e.jpg,mold,no_damage,damage,not_damage,raw_outputs/mold2_29066_img22_jpg.rf.3087cb421f0a38beb0531962e0f6862e.json,
mold2_29135_img1_jpeg.rf.79bb2a8ec224e94efec334280ae524a2.jpg,mold,no_damage,damage,not_damage,raw_outputs/mold2_29135_img1_jpeg.rf.79bb2a8ec224e94efec334280ae524a2.json,
mold2_29136_img7_jpg.rf.e5922411310d49d1ff73f192656bb05d.jpg,mold,no_damage,damage,not_damage,raw_outputs/mold2_29136_img7_jpg.rf.e5922411310d49d1ff73f192656bb05d.json,
mold2_29136_img9_jpg.rf.bf50c41f76a3c569ab05556fa4336454.jpg,mold,no_damage,damage,not_damage,raw_outputs/mold2_29136_img9_jpg.rf.bf50c41f76a3c569ab05556fa4336454.json,
mold2_29224_img3_jpeg.rf.ab29e9844cddcf93c042d59238dcb35b.jpg,mold,no_damage,damage,not_damage,raw_outputs/mold2_29224_img3_jpeg.rf.ab29e9844cddcf93c042d59238dcb35b.json,
mold2_29353_img3_jpeg.rf.85fc6226fd75eb10c711f27e662aaf45.jpg,mold,no_damage,damage,not_damage,raw_outputs/mold2_29353_img3_jpeg.rf.85fc6226fd75eb10c711f27e662aaf45.json,
mold2_29367_img6_png.rf.f9e0696f3dec6b9b2407d4ca0fb42c4d.jpg,mold,no_damage,damage,not_damage,raw_outputs/mold2_29367_img6_png.rf.f9e0696f3dec6b9b2407d4ca0fb42c4d.json,
mold2_29674_img1_jpeg.rf.4de0e2d8724e13e8f34226edc2e1028e.jpg,mold,no_damage,damage,not_damage,raw_outputs/mold2_29674_img1_jpeg.rf.4de0e2d8724e13e8f34226edc2e1028e.json,
mold2_29913_img1_jpg.rf.bf577697247cb8943775c7a6616d23f6.jpg,mold,no_damage,damage,not_damage,raw_outputs/mold2_29913_img1_jpg.rf.bf577697247cb8943775c7a6616d23f6.json,
mold2_29917_img15_jpeg.rf.33533cd6d5ef159a7b2a033739ffec84.jpg,mold,no_damage,damage,not_damage,raw_outputs/mold2_29917_img15_jpeg.rf.33533cd6d5ef159a7b2a033739ffec84.json,
mold2_29993_img2_jpg.rf.ab5e11deaac1924d2e90a7ab72f06576.jpg,mold,no_damage,damage,not_damage,raw_outputs/mold2_29993_img2_jpg.rf.ab5e11deaac1924d2e90a7ab72f06576.json,
mold2_30084_img3_jpeg.rf.911debe143550097e2fbb311e0edc64b.jpg,mold,no_damage,damage,not_damage,raw_outputs/mold2_30084_img3_jpeg.rf.911debe143550097e2fbb311e0edc64b.json,
mold2_30084_img4_jpeg.rf.7f4b949b741cefbe6c64b2926704126c.jpg,mold,no_damage,damage,not_damage,raw_outputs/mold2_30084_img4_jpeg.rf.7f4b949b741cefbe6c64b2926704126c.json,
mold2_30180_img5_jpg.rf.504c73a09daa0581f79e6a16dba9e5aa.jpg,mold,no_damage,damage,not_damage,raw_outputs/mold2_30180_img5_jpg.rf.504c73a09daa0581f79e6a16dba9e5aa.json,
mold2_30366_img4_jpg.rf.ea52eadee6af4d7d01ee9e4e7dc94c94.jpg,mold,no_damage,damage,not_damage,raw_outputs/mold2_30366_img4_jpg.rf.ea52eadee6af4d7d01ee9e4e7dc94c94.json,
mold2_30393_img2_jpg.rf.a20225c5854007aead181239b1ae0b04.jpg,mold,no_damage,damage,not_damage,raw_outputs/mold2_30393_img2_jpg.rf.a20225c5854007aead181239b1ae0b04.json,
mold2_30393_img6_jpg.rf.6306be32bb8d6cfe018cecf12d4d0ffe.jpg,mold,no_damage,damage,not_damage,raw_outputs/mold2_30393_img6_jpg.rf.6306be32bb8d6cfe018cecf12d4d0ffe.json,
mold2_30464_img4_jpeg.rf.a437349a8eaad2c1615f5ef105734f81.jpg,mold,no_damage,damage,not_damage,raw_outputs/mold2_30464_img4_jpeg.rf.a437349a8eaad2c1615f5ef105734f81.json,
mold2_30537_img1_jpeg.rf.94cfa23b6919ea45b28b22a0bdcf8392.jpg,mold,no_damage,damage,not_damage,raw_outputs/mold2_30537_img1_jpeg.rf.94cfa23b6919ea45b28b22a0bdcf8392.json,
mold2_30746_img1_jpeg.rf.962f47d9c1f7f94ed0c7405b21e24265.jpg,mold,no_damage,damage,not_damage,raw_outputs/mold2_30746_img1_jpeg.rf.962f47d9c1f7f94ed0c7405b21e24265.json,
mold2_31579_img3_jpg.rf.590ab1d8333a3527e2aedc2257c7ba58.jpg,mold,no_damage,damage,not_damage,raw_outputs/mold2_31579_img3_jpg.rf.590ab1d8333a3527e2aedc2257c7ba58.json,
mold2_31979_img2_jpg.rf.44fe5be6d42184980f702a09da9a17e1.jpg,mold,no_damage,damage,not_damage,raw_outputs/mold2_31979_img2_jpg.rf.44fe5be6d42184980f702a09da9a17e1.json,
mold2_32289_img1_jpg.rf.2910b1bf00146e96fe83ede5503a61c1.jpg,mold,no_damage,damage,not_damage,raw_outputs/mold2_32289_img1_jpg.rf.2910b1bf00146e96fe83ede5503a61c1.json,
mold2_34475_img6_jpg.rf.f1e2b997022db743420c0bc6e12e6456.jpg,mold,no_damage,damage,not_damage,raw_outputs/mold2_34475_img6_jpg.rf.f1e2b997022db743420c0bc6e12e6456.json,
mold2_34735_img1_jpeg.rf.411aa5b118c1e6ce28879a088193533a.jpg,mold,no_damage,damage,not_damage,raw_outputs/mold2_34735_img1_jpeg.rf.411aa5b118c1e6ce28879a088193533a.json,
mold2_34840_img7_jpg.rf.283fe20fcee34eb9bf20e4c3a6bfe809.jpg,mold,no_damage,damage,not_damage,raw_outputs/mold2_34840_img7_jpg.rf.283fe20fcee34eb9bf20e4c3a6bfe809.json,
mold2_34915_img4_jpg.rf.326511e38dcbeb215cd8411545d2f778.jpg,mold,no_damage,damage,not_damage,raw_outputs/mold2_34915_img4_jpg.rf.326511e38dcbeb215cd8411545d2f778.json,
mold2_35030_img2_jpg.rf.69a3806d397b1bd7066c9afbecd56c23.jpg,mold,no_damage,damage,not_damage,raw_outputs/mold2_35030_img2_jpg.rf.69a3806d397b1bd7066c9afbecd56c23.json,
mold2_35464_img3_jpg.rf.7e4c5747b584c0829e2b9eabfb8f1db8.jpg,mold,no_damage,damage,not_damage,raw_outputs/mold2_35464_img3_jpg.rf.7e4c5747b584c0829e2b9eabfb8f1db8.json,
mold2_35707_img3_jpg.rf.5a62653ebad316c54f5a975b7a36a159.jpg,mold,no_damage,damage,not_damage,raw_outputs/mold2_35707_img3_jpg.rf.5a62653ebad316c54f5a975b7a36a159.json,
mold2_35707_img9_jpg.rf.6ccde6ef4f8776290338502ec552d5f3.jpg,mold,no_damage,damage,not_damage,raw_outputs/mold2_35707_img9_jpg.rf.6ccde6ef4f8776290338502ec552d5f3.json,
mold2_35955_img8_jpeg.rf.4815efa333aaf121eddeadf8b2f2fd62.jpg,mold,no_damage,damage,not_damage,raw_outputs/mold2_35955_img8_jpeg.rf.4815efa333aaf121eddeadf8b2f2fd62.json,
mold2_36046_img2_png.rf.440b29a9606f20f316bba79810de2412.jpg,mold,no_damage,damage,not_damage,raw_outputs/mold2_36046_img2_png.rf.440b29a9606f20f316bba79810de2412.json,
mold2_36593_img2_jpeg.rf.9e9df25cbba87e4d2582cc93b533c4a3.jpg,mold,no_damage,damage,not_damage,raw_outputs/mold2_36593_img2_jpeg.rf.9e9df25cbba87e4d2582cc93b533c4a3.json,
mold2_36800_img2_jpg.rf.b8e687c8acd23742b644011130476dbe.jpg,mold,no_damage,damage,not_damage,raw_outputs/mold2_36800_img2_jpg.rf.b8e687c8acd23742b644011130476dbe.json,
mold2_37054_img3_jpeg.rf.9591acab04d155e893619f1483050b8e.jpg,mold,no_damage,damage,not_damage,raw_outputs/mold2_37054_img3_jpeg.rf.9591acab04d155e893619f1483050b8e.json,
mold2_37336_img10_jpg.rf.373f515caeeefb7c1071fa1d07cea942.jpg,mold,no_damage,damage,not_damage,raw_outputs/mold2_37336_img10_jpg.rf.373f515caeeefb7c1071fa1d07cea942.json,
mold2_37336_img18_jpg.rf.78fadd2303b0ffde31d6b33b0e2bf8ee.jpg,mold,no_damage,damage,not_damage,raw_outputs/mold2_37336_img18_jpg.rf.78fadd2303b0ffde31d6b33b0e2bf8ee.json,
mold2_37336_img7_jpg.rf.58e098705aee935f381f2b4af540a194.jpg,mold,no_damage,damage,not_damage,raw_outputs/mold2_37336_img7_jpg.rf.58e098705aee935f381f2b4af540a194.json,
mold2_37574_img2_jpg.rf.3adf646e27cbc57b435157587cd4d21c.jpg,mold,no_damage,damage,not_damage,raw_outputs/mold2_37574_img2_jpg.rf.3adf646e27cbc57b435157587cd4d21c.json,
mold2_37657_img3_jpg.rf.beefedd78de9ff0a466477c194e31ae6.jpg,mold,no_damage,damage,not_damage,raw_outputs/mold2_37657_img3_jpg.rf.beefedd78de9ff0a466477c194e31ae6.json,
mold2_37941_img5_jpg.rf.87a3272cc2247d5a55c31577272fca38.jpg,mold,no_damage,damage,not_damage,raw_outputs/mold2_37941_img5_jpg.rf.87a3272cc2247d5a55c31577272fca38.json,
mold2_38901_img4_jpg.rf.c3c004811d9dea8533a99e3a4e1a0360.jpg,mold,no_damage,damage,not_damage,raw_outputs/mold2_38901_img4_jpg.rf.c3c004811d9dea8533a99e3a4e1a0360.json,
mold2_38901_img5_jpg.rf.26cf71f44faeccfcd81792707e5724a4.jpg,mold,no_damage,damage,not_damage,raw_outputs/mold2_38901_img5_jpg.rf.26cf71f44faeccfcd81792707e5724a4.json,
mold2_38909_img2_jpeg.rf.a19878a2d925df3302af39fddd21704c.jpg,mold,no_damage,damage,not_damage,raw_outputs/mold2_38909_img2_jpeg.rf.a19878a2d925df3302af39fddd21704c.json,
mold2_38978_img11_jpg.rf.2b2370d2587d08e9f0b9007131737869.jpg,mold,no_damage,damage,not_damage,raw_outputs/mold2_38978_img11_jpg.rf.2b2370d2587d08e9f0b9007131737869.json,
mold2_39072_img2_jpeg.rf.a30bfd9b3be8e2aae2b70a88cf2b627c.jpg,mold,no_damage,damage,not_damage,raw_outputs/mold2_39072_img2_jpeg.rf.a30bfd9b3be8e2aae2b70a88cf2b627c.json,
mold2_39141_img11_jpeg.rf.8591cfa7be2b2afb3cda2822e6010148.jpg,mold,no_damage,damage,not_damage,raw_outputs/mold2_39141_img11_jpeg.rf.8591cfa7be2b2afb3cda2822e6010148.json,
mold2_39141_img15_jpeg.rf.da412264549bc3c6ae3158f0abbc3001.jpg,mold,no_damage,damage,not_damage,raw_outputs/mold2_39141_img15_jpeg.rf.da412264549bc3c6ae3158f0abbc3001.json,
mold2_39205_img3_jpg.rf.671f1a57fa9142a360c6775f978035d0.jpg,mold,no_damage,damage,not_damage,raw_outputs/mold2_39205_img3_jpg.rf.671f1a57fa9142a360c6775f978035d0.json,
mold2_39328_img6_jpeg.rf.e7e126c538cf4cfbedae1d9e05e37c0b.jpg,mold,no_damage,damage,not_damage,raw_outputs/mold2_39328_img6_jpeg.rf.e7e126c538cf4cfbedae1d9e05e37c0b.json,
mold2_39373_img1_jpg.rf.c7a137f4fbf4311d45b31b935c4e7682.jpg,mold,no_damage,damage,not_damage,raw_outputs/mold2_39373_img1_jpg.rf.c7a137f4fbf4311d45b31b935c4e7682.json,
mold2_40250_img14_jpg.rf.9634966a3566d369e90dc7efe3ee05bd.jpg,mold,no_damage,damage,not_damage,raw_outputs/mold2_40250_img14_jpg.rf.9634966a3566d369e90dc7efe3ee05bd.json,
mold2_40331_img10_jpeg.rf.115005182a4efbf092ac9c23d6ced3ab.jpg,mold,no_damage,damage,not_damage,raw_outputs/mold2_40331_img10_jpeg.rf.115005182a4efbf092ac9c23d6ced3ab.json,
mold2_40331_img8_jpeg.rf.c913f1d0e99449da8ce9c64587ec7927.jpg,mold,no_damage,damage,not_damage,raw_outputs/mold2_40331_img8_jpeg.rf.c913f1d0e99449da8ce9c64587ec7927.json,
mold2_40331_img9_jpeg.rf.74a0076f00690b12cc1adeeae5d6f28a.jpg,mold,no_damage,damage,not_damage,raw_outputs/mold2_40331_img9_jpeg.rf.74a0076f00690b12cc1adeeae5d6f28a.json,
mold2_40613_img10_jpg.rf.bc8264090914382b0098774e9c8bbddc.jpg,mold,no_damage,damage,not_damage,raw_outputs/mold2_40613_img10_jpg.rf.bc8264090914382b0098774e9c8bbddc.json,
mold2_41455_img3_jpg.rf.06cee82eb8f5d489ab72522522f6e811.jpg,mold,no_damage,damage,not_damage,raw_outputs/mold2_41455_img3_jpg.rf.06cee82eb8f5d489ab72522522f6e811.json,
mold2_43693_img10_jpg.rf.fe4ff91ef4c3fab2f581409d0c7d7e7f.jpg,mold,no_damage,damage,not_damage,raw_outputs/mold2_43693_img10_jpg.rf.fe4ff91ef4c3fab2f581409d0c7d7e7f.json,
mold2_43878_img6_jpeg.rf.42d7d3898ee1d30cfe4180144f073fa1.jpg,mold,no_damage,damage,not_damage,raw_outputs/mold2_43878_img6_jpeg.rf.42d7d3898ee1d30cfe4180144f073fa1.json,
mold2_43879_img3_jpeg.rf.6e4899a44450eed548dccb4888da156b.jpg,mold,no_damage,damage,not_damage,raw_outputs/mold2_43879_img3_jpeg.rf.6e4899a44450eed548dccb4888da156b.json,
mold2_50615_img20_jpeg.rf.bbde6873382ecf557adc0d39dfdfc1de.jpg,mold,no_damage,damage,not_damage,raw_outputs/mold2_50615_img20_jpeg.rf.bbde6873382ecf557adc0d39dfdfc1de.json,
mold2_50615_img3_jpeg.rf.17336f625f0e55d550adf76f5c87188c.jpg,mold,no_damage,damage,not_damage,raw_outputs/mold2_50615_img3_jpeg.rf.17336f625f0e55d550adf76f5c87188c.json,
mold2_55412_img4_jpeg.rf.a22c0dda883060091a232c2884bc7247.jpg,mold,no_damage,damage,not_damage,raw_outputs/mold2_55412_img4_jpeg.rf.a22c0dda883060091a232c2884bc7247.json,
mold2_56065_img7_jpg.rf.a2082b8c842359f29d7ea5f9a5d6fe3a.jpg,mold,no_damage,damage,not_damage,raw_outputs/mold2_56065_img7_jpg.rf.a2082b8c842359f29d7ea5f9a5d6fe3a.json,
mold2_57068_img17_jpeg.rf.63b711970f7178bf54fb7add873f0ece.jpg,mold,no_damage,damage,not_damage,raw_outputs/mold2_57068_img17_jpeg.rf.63b711970f7178bf54fb7add873f0ece.json,
mold2_60332_img26_jpg.rf.ee405af7eabb5edfdbdf019ed501f6dd.jpg,mold,no_damage,damage,not_damage,raw_outputs/mold2_60332_img26_jpg.rf.ee405af7eabb5edfdbdf019ed501f6dd.json,
mold2_60332_img29_jpg.rf.c5f4ba4b280c8722dd51edb264966cef.jpg,mold,no_damage,damage,not_damage,raw_outputs/mold2_60332_img29_jpg.rf.c5f4ba4b280c8722dd51edb264966cef.json,
mold2_60405_img14_jpg.rf.d992c66c2884b73e11eacb81cba6d2b5.jpg,mold,no_damage,damage,not_damage,raw_outputs/mold2_60405_img14_jpg.rf.d992c66c2884b73e11eacb81cba6d2b5.json,
mold2_61954_img1_jpeg.rf.31ae2ba739cd37a590fa5d31a0e027bb.jpg,mold,no_damage,damage,not_damage,raw_outputs/mold2_61954_img1_jpeg.rf.31ae2ba739cd37a590fa5d31a0e027bb.json,
mold2_62422_img2_jpg.rf.90a0fcb7bea021ce80940e4b81a997f2.jpg,mold,no_damage,damage,not_damage,raw_outputs/mold2_62422_img2_jpg.rf.90a0fcb7bea021ce80940e4b81a997f2.json,
mold2_62422_img4_jpg.rf.0a14ae15da7fb2e9988e1281f633cf67.jpg,mold,no_damage,damage,not_damage,raw_outputs/mold2_62422_img4_jpg.rf.0a14ae15da7fb2e9988e1281f633cf67.json,
mold2_62492_img4_jpeg.rf.7b5cab3ad29e974a8eb96f53bcb5e852.jpg,mold,no_damage,damage,not_damage,raw_outputs/mold2_62492_img4_jpeg.rf.7b5cab3ad29e974a8eb96f53bcb5e852.json,
mold2_66485_img1_jpeg.rf.1f5e8dd1b2dfa4f08ddf266228a48ba4.jpg,mold,no_damage,damage,not_damage,raw_outputs/mold2_66485_img1_jpeg.rf.1f5e8dd1b2dfa4f08ddf266228a48ba4.json,
mold2_66485_img9_jpeg.rf.872fc405051359ac56f8a6cdf63f7046.jpg,mold,no_damage,damage,not_damage,raw_outputs/mold2_66485_img9_jpeg.rf.872fc405051359ac56f8a6cdf63f7046.json,
mold2_72955_img3_jpg.rf.d0f001170d125e2e30d0a0e3096cbd00.jpg,mold,no_damage,damage,not_damage,raw_outputs/mold2_72955_img3_jpg.rf.d0f001170d125e2e30d0a0e3096cbd00.json,
mold2_76235_img3_jpg.rf.a7af18efb33ba437f7c536aa8a827ac1.jpg,mold,no_damage,damage,not_damage,raw_outputs/mold2_76235_img3_jpg.rf.a7af18efb33ba437f7c536aa8a827ac1.json,
mold2_76791_img12_jpeg.rf.63c3ce285e937f029b98760e824c5eb7.jpg,mold,no_damage,damage,not_damage,raw_outputs/mold2_76791_img12_jpeg.rf.63c3ce285e937f029b98760e824c5eb7.json,
mold2_76791_img13_jpeg.rf.97ddbe89de9aa705cc5c1a0319d88fbb.jpg,mold,no_damage,damage,not_damage,raw_outputs/mold2_76791_img13_jpeg.rf.97ddbe89de9aa705cc5c1a0319d88fbb.json,
mold2_77311_img2_jpeg.rf.580b9bd39003eb58787ca3cfe1b665f0.jpg,mold,no_damage,damage,not_damage,raw_outputs/mold2_77311_img2_jpeg.rf.580b9bd39003eb58787ca3cfe1b665f0.json,
mold2_78840_img12_jpeg.rf.9a77b519001f8cd04398fd62b38dc654.jpg,mold,no_damage,damage,not_damage,raw_outputs/mold2_78840_img12_jpeg.rf.9a77b519001f8cd04398fd62b38dc654.json,
mold2_83391_img3_jpg.rf.d05706b892d0a841ad5267298c849128.jpg,mold,no_damage,damage,not_damage,raw_outputs/mold2_83391_img3_jpg.rf.d05706b892d0a841ad5267298c849128.json,
mold2_84317_img7_jpeg.rf.69928d7e11b95439855c96ef88578dfd.jpg,mold,no_damage,damage,not_damage,raw_outputs/mold2_84317_img7_jpeg.rf.69928d7e11b95439855c96ef88578dfd.json,
mold2_84363_img4_jpeg.rf.89b1d8163c0306941d91a066e6da0cad.jpg,mold,no_damage,damage,not_damage,raw_outputs/mold2_84363_img4_jpeg.rf.89b1d8163c0306941d91a066e6da0cad.json,
mold2_87326_img7_jpg.rf.529482c5381cd61c09710229c8e9c61b.jpg,mold,no_damage,damage,not_damage,raw_outputs/mold2_87326_img7_jpg.rf.529482c5381cd61c09710229c8e9c61b.json,
mold2_87773_img4_jpg.rf.3d84febd37d106202f339f583bbc06fe.jpg,mold,no_damage,damage,not_damage,raw_outputs/mold2_87773_img4_jpg.rf.3d84febd37d106202f339f583bbc06fe.json,
mold2_87790_img1_jpeg.rf.776d5fa054bda25d78d24037c48732e4.jpg,mold,no_damage,damage,not_damage,raw_outputs/mold2_87790_img1_jpeg.rf.776d5fa054bda25d78d24037c48732e4.json,
mold2_87790_img3_jpeg.rf.ccecd25c298ba2cae6094724790523ab.jpg,mold,no_damage,damage,not_damage,raw_outputs/mold2_87790_img3_jpeg.rf.ccecd25c298ba2cae6094724790523ab.json,
mold2_88778_img3_jpg.rf.cb251bcaf1c6c57593507b698352c38a.jpg,mold,no_damage,damage,not_damage,raw_outputs/mold2_88778_img3_jpg.rf.cb251bcaf1c6c57593507b698352c38a.json,
mold2_89312_img9_jpeg.rf.8a506999338e9b7380a5390bf17780af.jpg,mold,no_damage,damage,not_damage,raw_outputs/mold2_89312_img9_jpeg.rf.8a506999338e9b7380a5390bf17780af.json,
mold2_89424_img5_jpg.rf.4e6ca3ae65641e75626d329b310e0fe7.jpg,mold,no_damage,damage,not_damage,raw_outputs/mold2_89424_img5_jpg.rf.4e6ca3ae65641e75626d329b310e0fe7.json,
mold2_90456_img9_jpeg.rf.eeb37a172c11b68428a023a4731bb2a4.jpg,mold,no_damage,damage,not_damage,raw_outputs/mold2_90456_img9_jpeg.rf.eeb37a172c11b68428a023a4731bb2a4.json,
mold2_91869_img4_jpg.rf.286a73dd1cf01a02b6bf069e2a141813.jpg,mold,no_damage,damage,not_damage,raw_outputs/mold2_91869_img4_jpg.rf.286a73dd1cf01a02b6bf069e2a141813.json,
mold2_93046_img2_jpg.rf.d618ae5a540fb4170ac7b8053f6acaef.jpg,mold,no_damage,damage,not_damage,raw_outputs/mold2_93046_img2_jpg.rf.d618ae5a540fb4170ac7b8053f6acaef.json,
mold2_93046_img3_jpg.rf.cde11181afeb70287476d8307c6e589c.jpg,mold,no_damage,damage,not_damage,raw_outputs/mold2_93046_img3_jpg.rf.cde11181afeb70287476d8307c6e589c.json,
mold2_94144_img7_jpg.rf.95e48621b3c42194a7bd0063f2d8039f.jpg,mold,no_damage,damage,not_damage,raw_outputs/mold2_94144_img7_jpg.rf.95e48621b3c42194a7bd0063f2d8039f.json,
mold2_94144_img8_jpg.rf.ff8e302e82e542942145d35a7ebbff40.jpg,mold,no_damage,damage,not_damage,raw_outputs/mold2_94144_img8_jpg.rf.ff8e302e82e542942145d35a7ebbff40.json,
mold2_95814_img2_jpg.rf.f4dbc7439a05f5d66e274bab11115ff2.jpg,mold,no_damage,damage,not_damage,raw_outputs/mold2_95814_img2_jpg.rf.f4dbc7439a05f5d66e274bab11115ff2.json,
mold2_97094_img5_jpg.rf.20e7081ff904ceb45f44385c4d2128b9.jpg,mold,no_damage,damage,not_damage,raw_outputs/mold2_97094_img5_jpg.rf.20e7081ff904ceb45f44385c4d2128b9.json,
mold2_98473_img2_jpg.rf.79a7f5d16b375c5039a8e0fe06495a2d.jpg,mold,no_damage,damage,not_damage,raw_outputs/mold2_98473_img2_jpg.rf.79a7f5d16b375c5039a8e0fe06495a2d.json,
mold2_KakaoTalk_20210813_160542586_08_jpg.rf.56488ba28ea96f0ac49fa8074135cc4f.jpg,mold,no_damage,damage,not_damage,raw_outputs/mold2_KakaoTalk_20210813_160542586_08_jpg.rf.56488ba28ea96f0ac49fa8074135cc4f.json,
mold2_KakaoTalk_20210813_161017077_08_jpg.rf.73a3ec159efcbafb9315779fe132c23c.jpg,mold,no_damage,damage,not_damage,raw_outputs/mold2_KakaoTalk_20210813_161017077_08_jpg.rf.73a3ec159efcbafb9315779fe132c23c.json,
mold2_KakaoTalk_20210813_161017077_11_jpg.rf.9a4dd674ac91d44515769bbbcba2cea4.jpg,mold,no_damage,damage,not_damage,raw_outputs/mold2_KakaoTalk_20210813_161017077_11_jpg.rf.9a4dd674ac91d44515769bbbcba2cea4.json,
mold2_KakaoTalk_20210813_161017077_jpg.rf.68444d55b219d4f908f5f6369111c905.jpg,mold,no_damage,damage,not_damage,raw_outputs/mold2_KakaoTalk_20210813_161017077_jpg.rf.68444d55b219d4f908f5f6369111c905.json,
mold2_KakaoTalk_20210813_161523884_09_jpg.rf.1ed2fcd8adaa4f1902fe7e36ef06298a.jpg,mold,no_damage,damage,not_damage,raw_outputs/mold2_KakaoTalk_20210813_161523884_09_jpg.rf.1ed2fcd8adaa4f1902fe7e36ef06298a.json,
mold2_KakaoTalk_20210813_161748370_02_jpg.rf.11f1fd1dfb5d48e0062a389f4ddd27ac.jpg,mold,no_damage,damage,not_damage,raw_outputs/mold2_KakaoTalk_20210813_161748370_02_jpg.rf.11f1fd1dfb5d48e0062a389f4ddd27ac.json,
mold2__-107-_jpg.rf.bfe345aad3a9f696b3b0577bf7df5e26.jpg,mold,no_damage,damage,not_damage,raw_outputs/mold2__-107-_jpg.rf.bfe345aad3a9f696b3b0577bf7df5e26.json,
mold2__-115-_jpg.rf.b9006f2699c8662576a5794f027450f0.jpg,mold,no_damage,damage,not_damage,raw_outputs/mold2__-115-_jpg.rf.b9006f2699c8662576a5794f027450f0.json,
mold2__-2-_jpeg.rf.48625e5182be2881c26646dd8bd8d1a7.jpg,mold,no_damage,damage,not_damage,raw_outputs/mold2__-2-_jpeg.rf.48625e5182be2881c26646dd8bd8d1a7.json,
mold2__-20-_jpg.rf.b0b54d82287922de3787da010dabc134.jpg,mold,no_damage,damage,not_damage,raw_outputs/mold2__-20-_jpg.rf.b0b54d82287922de3787da010dabc134.json,
mold2__-22-_jpg.rf.57396dbeb591765d362781371d9f7385.jpg,mold,no_damage,damage,not_damage,raw_outputs/mold2__-22-_jpg.rf.57396dbeb591765d362781371d9f7385.json,
mold2__-25-_jpg.rf.920e2f4949d73f3040fe3b8a64a6c7ce.jpg,mold,no_damage,damage,not_damage,raw_outputs/mold2__-25-_jpg.rf.920e2f4949d73f3040fe3b8a64a6c7ce.json,
mold2__-30-_jpg.rf.093a50c559f64666efe2144471280a58.jpg,mold,no_damage,damage,not_damage,raw_outputs/mold2__-30-_jpg.rf.093a50c559f64666efe2144471280a58.json,
mold2__-31-_jpg.rf.a0ad08428dc0ec3532b15c1c3ed01de1.jpg,mold,no_damage,damage,not_damage,raw_outputs/mold2__-31-_jpg.rf.a0ad08428dc0ec3532b15c1c3ed01de1.json,
mold2__-35-_jpg.rf.25074484144755bd0ff8ad2c885ae79b.jpg,mold,no_damage,damage,not_damage,raw_outputs/mold2__-35-_jpg.rf.25074484144755bd0ff8ad2c885ae79b.json,
mold2__-4-_jpeg.rf.4ea7ec332b1880cb664d976d1080ed41.jpg,mold,no_damage,damage,not_damage,raw_outputs/mold2__-4-_jpeg.rf.4ea7ec332b1880cb664d976d1080ed41.json,
mold2__-42-_jpg.rf.4cfa8620ec55c6157847ed4175158c26.jpg,mold,no_damage,damage,not_damage,raw_outputs/mold2__-42-_jpg.rf.4cfa8620ec55c6157847ed4175158c26.json,
mold2__-51-_jpg.rf.4060120491397b0a13d1f5b9de7a3018.jpg,mold,no_damage,damage,not_damage,raw_outputs/mold2__-51-_jpg.rf.4060120491397b0a13d1f5b9de7a3018.json,
mold2__-60-_jpg.rf.38fa065484ef5bbf605ea6b09759df75.jpg,mold,no_damage,damage,not_damage,raw_outputs/mold2__-60-_jpg.rf.38fa065484ef5bbf605ea6b09759df75.json,
mold2__-7-_jpg.rf.c064f840f464fac075946e91386d32f7.jpg,mold,no_damage,damage,not_damage,raw_outputs/mold2__-7-_jpg.rf.c064f840f464fac075946e91386d32f7.json,
mold2__-70-_jpg.rf.d37721016574b0dbe908ad2aefcd0357.jpg,mold,no_damage,damage,not_damage,raw_outputs/mold2__-70-_jpg.rf.d37721016574b0dbe908ad2aefcd0357.json,
mold2__-77-_jpg.rf.94064c3c581370ee3b4874ce7b273e40.jpg,mold,no_damage,damage,not_damage,raw_outputs/mold2__-77-_jpg.rf.94064c3c581370ee3b4874ce7b273e40.json,
mold2__-78-_jpg.rf.954a5ebc5028bbaec9f93d4202e9379a.jpg,mold,no_damage,damage,not_damage,raw_outputs/mold2__-78-_jpg.rf.954a5ebc5028bbaec9f93d4202e9379a.json,
mold2__-81-_jpg.rf.052f8e1727e919d548a5b23e503873bf.jpg,mold,no_damage,damage,not_damage,raw_outputs/mold2__-81-_jpg.rf.052f8e1727e919d548a5b23e503873bf.json,
mold2__-86-_jpg.rf.263a6c0b14c315e42d3b5e773dc52ad3.jpg,mold,no_damage,damage,not_damage,raw_outputs/mold2__-86-_jpg.rf.263a6c0b14c315e42d3b5e773dc52ad3.json,
mold2__-90-_jpg.rf.2042f57771b3c2ec28fca576795c0069.jpg,mold,no_damage,damage,not_damage,raw_outputs/mold2__-90-_jpg.rf.2042f57771b3c2ec28fca576795c0069.json,
mold2__-95-_jpg.rf.3bd8b4bb01e045e033a48efab13c7819.jpg,mold,no_damage,damage,not_damage,raw_outputs/mold2__-95-_jpg.rf.3bd8b4bb01e045e033a48efab13c7819.json,
mold2__-96-_jpg.rf.ca187c7651628a7b6c349ee1688e1da7.jpg,mold,no_damage,damage,not_damage,raw_outputs/mold2__-96-_jpg.rf.ca187c7651628a7b6c349ee1688e1da7.json,
mold2__-98-_jpg.rf.a0fbd9ef189e503db1388413fb96eb8c.jpg,mold,no_damage,damage,not_damage,raw_outputs/mold2__-98-_jpg.rf.a0fbd9ef189e503db1388413fb96eb8c.json,
mold2__-99-_jpg.rf.7dfde05dcd80b1ff62a8d758678f9584.jpg,mold,no_damage,damage,not_damage,raw_outputs/mold2__-99-_jpg.rf.7dfde05dcd80b1ff62a8d758678f9584.json,
mold2_images-2-_jpg.rf.ac4fc0cd9757a2e4043c66b698e4f4d3.jpg,mold,no_damage,damage,not_damage,raw_outputs/mold2_images-2-_jpg.rf.ac4fc0cd9757a2e4043c66b698e4f4d3.json,
mold2_images_jpg.rf.a686515342ea5d7f240dfec01cc5054b.jpg,mold,no_damage,damage,not_damage,raw_outputs/mold2_images_jpg.rf.a686515342ea5d7f240dfec01cc5054b.json,
mold2_marchmarkspaintingmain_jpg.rf.54daf1a83c0d479e4da6c10f0472940c.jpg,mold,no_damage,damage,not_damage,raw_outputs/mold2_marchmarkspaintingmain_jpg.rf.54daf1a83c0d479e4da6c10f0472940c.json,
mold2_worst-seasons-for-mold_jpg.rf.a7f0b81ad2458879717c80691cf603b8.jpg,mold,no_damage,damage,not_damage,raw_outputs/mold2_worst-seasons-for-mold_jpg.rf.a7f0b81ad2458879717c80691cf603b8.json,
mold_20-shutterstock_596674793-mold_jpg.rf.69451eeb60cdee8ae6681e2e57ab5c3c.jpg,wear,no_damage,damage,not_damage,raw_outputs/mold_20-shutterstock_596674793-mold_jpg.rf.69451eeb60cdee8ae6681e2e57ab5c3c.json,
mold_24-mold-1-scaled_jpg.rf.205ee4f57b19484f14c223117a479da4.jpg,wear,no_damage,damage,not_damage,raw_outputs/mold_24-mold-1-scaled_jpg.rf.205ee4f57b19484f14c223117a479da4.json,
mold_36895_29441_3015_jpg.rf.758d0d53c37f7a8d6bd7087153204f93.jpg,wear,no_damage,damage,not_damage,raw_outputs/mold_36895_29441_3015_jpg.rf.758d0d53c37f7a8d6bd7087153204f93.json,
mold_KakaoTalk_20210813_160542586_06_jpg.rf.2d89645f0def3234ff6aad7dbce6589c.jpg,mold,no_damage,damage,not_damage,raw_outputs/mold_KakaoTalk_20210813_160542586_06_jpg.rf.2d89645f0def3234ff6aad7dbce6589c.json,
mold_KakaoTalk_20210813_160542586_07_jpg.rf.aa730807ed070e2fb96efee9aa5bdd9b.jpg,wear,no_damage,damage,not_damage,raw_outputs/mold_KakaoTalk_20210813_160542586_07_jpg.rf.aa730807ed070e2fb96efee9aa5bdd9b.json,
mold_KakaoTalk_20210813_160542586_08_jpg.rf.787c0983da472766756a7f40e3dd32b7.jpg,wear,no_damage,damage,not_damage,raw_outputs/mold_KakaoTalk_20210813_160542586_08_jpg.rf.787c0983da472766756a7f40e3dd32b7.json,
mold_KakaoTalk_20210813_161017077_05_jpg.rf.15a2ea0355d14922296b8faf9452a85e.jpg,wear,no_damage,damage,not_damage,raw_outputs/mold_KakaoTalk_20210813_161017077_05_jpg.rf.15a2ea0355d14922296b8faf9452a85e.json,
mold_KakaoTalk_20210813_161017077_10_jpg.rf.7373d0dabf93e69dd69c128a87f79f2d.jpg,wear,no_damage,damage,not_damage,raw_outputs/mold_KakaoTalk_20210813_161017077_10_jpg.rf.7373d0dabf93e69dd69c128a87f79f2d.json,
mold_KakaoTalk_20210813_161523884_05_jpg.rf.482cd9e7471555d3a3ca7ab50754c9fe.jpg,wear,no_damage,damage,not_damage,raw_outputs/mold_KakaoTalk_20210813_161523884_05_jpg.rf.482cd9e7471555d3a3ca7ab50754c9fe.json,
mold__-105-_jpg.rf.5c83f81e40f81c70401dad6fe6e3d487.jpg,wear,no_damage,damage,not_damage,raw_outputs/mold__-105-_jpg.rf.5c83f81e40f81c70401dad6fe6e3d487.json,
mold__-106-_jpg.rf.947694cbbf10fd212c92ba1fa1b31632.jpg,wear,no_damage,damage,not_damage,raw_outputs/mold__-106-_jpg.rf.947694cbbf10fd212c92ba1fa1b31632.json,
mold__-12-_jpg.rf.c3f47af6b72592e6b3ede292f8d732a0.jpg,wear,no_damage,damage,not_damage,raw_outputs/mold__-12-_jpg.rf.c3f47af6b72592e6b3ede292f8d732a0.json,
mold__-13-_jpg.rf.bd3f46682fbe68b895411b63a908d14b.jpg,crack,no_damage,damage,not_damage,raw_outputs/mold__-13-_jpg.rf.bd3f46682fbe68b895411b63a908d14b.json,
mold__-28-_jpg.rf.754c804f7e3db23b21d9fb24a360feac.jpg,crack,no_damage,damage,not_damage,raw_outputs/mold__-28-_jpg.rf.754c804f7e3db23b21d9fb24a360feac.json,
mold__-32-_jpg.rf.cb661651e10b8f9f8ef76d7f0c6d1dcc.jpg,wear,no_damage,damage,not_damage,raw_outputs/mold__-32-_jpg.rf.cb661651e10b8f9f8ef76d7f0c6d1dcc.json,
mold__-43-_jpg.rf.30783acc7957ab45568b98e66789cc03.jpg,wear,no_damage,damage,not_damage,raw_outputs/mold__-43-_jpg.rf.30783acc7957ab45568b98e66789cc03.json,
mold__-49-_jpg.rf.046b941201cda7c70f16a924513af13e.jpg,wear,no_damage,damage,not_damage,raw_outputs/mold__-49-_jpg.rf.046b941201cda7c70f16a924513af13e.json,
mold__-50-_jpg.rf.a31e0eeb5831345a97f443ef014378ff.jpg,mold,no_damage,damage,not_damage,raw_outputs/mold__-50-_jpg.rf.a31e0eeb5831345a97f443ef014378ff.json,
mold__-68-_jpg.rf.ad34417e6be42d88e8eb2e3663a63edd.jpg,wear,no_damage,damage,not_damage,raw_outputs/mold__-68-_jpg.rf.ad34417e6be42d88e8eb2e3663a63edd.json,
mold__-69-_jpg.rf.197bcce8053eabc8dec1dce9ba3ab972.jpg,wear,no_damage,damage,not_damage,raw_outputs/mold__-69-_jpg.rf.197bcce8053eabc8dec1dce9ba3ab972.json,
mold__-72-_jpg.rf.86097a5fdabc2a3e34348724e173b974.jpg,wear,no_damage,damage,not_damage,raw_outputs/mold__-72-_jpg.rf.86097a5fdabc2a3e34348724e173b974.json,
mold__-73-_jpg.rf.2dcf4f8fb0a71b895afe3de02be99685.jpg,crack,no_damage,damage,not_damage,raw_outputs/mold__-73-_jpg.rf.2dcf4f8fb0a71b895afe3de02be99685.json,
mold__-96-_jpg.rf.02c333248d1f0f1a8e423b8ba61b89a4.jpg,wear,no_damage,damage,not_damage,raw_outputs/mold__-96-_jpg.rf.02c333248d1f0f1a8e423b8ba61b89a4.json,
mold_wall_mould_111_jpeg.rf.cf9a29510647788e9bf69149fcf84ed6.jpg,wear,no_damage,damage,not_damage,raw_outputs/mold_wall_mould_111_jpeg.rf.cf9a29510647788e9bf69149fcf84ed6.json,
mold_wall_mould_125_jpeg.rf.c6b188f9d8d578ea6a68d02f05fffdb8.jpg,wear,no_damage,damage,not_damage,raw_outputs/mold_wall_mould_125_jpeg.rf.c6b188f9d8d578ea6a68d02f05fffdb8.json,
mold_wall_mould_127_jpeg.rf.b7f6e42ee53834c3bdaaf1b418bb8a69.jpg,wear,no_damage,damage,not_damage,raw_outputs/mold_wall_mould_127_jpeg.rf.b7f6e42ee53834c3bdaaf1b418bb8a69.json,
mold_wall_mould_130_jpeg.rf.3e91d5f699c70f17eb86abf8565f7011.jpg,wear,no_damage,damage,not_damage,raw_outputs/mold_wall_mould_130_jpeg.rf.3e91d5f699c70f17eb86abf8565f7011.json,
mold_wall_mould_133_jpeg.rf.9de295a552ec9a65b269f0777b5f774f.jpg,wear,no_damage,damage,not_damage,raw_outputs/mold_wall_mould_133_jpeg.rf.9de295a552ec9a65b269f0777b5f774f.json,
mold_wall_mould_145_jpeg.rf.ca7cc42ec7bd674bade646e5df8f2738.jpg,crack,no_damage,damage,not_damage,raw_outputs/mold_wall_mould_145_jpeg.rf.ca7cc42ec7bd674bade646e5df8f2738.json,
mold_wall_mould_148_jpeg.rf.d15dfeffd39ce5c30e72a9dd1e52fdba.jpg,wear,no_damage,damage,not_damage,raw_outputs/mold_wall_mould_148_jpeg.rf.d15dfeffd39ce5c30e72a9dd1e52fdba.json,
mold_wall_mould_176_jpeg.rf.d1302dfed3263040f1d63e5915e71ba4.jpg,wear,no_damage,damage,not_damage,raw_outputs/mold_wall_mould_176_jpeg.rf.d1302dfed3263040f1d63e5915e71ba4.json,
mold_wall_mould_177_jpeg.rf.f52741dd9eb3653c299d435e67d1ce5c.jpg,wear,no_damage,damage,not_damage,raw_outputs/mold_wall_mould_177_jpeg.rf.f52741dd9eb3653c299d435e67d1ce5c.json,
mold_wall_patches_10_jpeg.rf.e1bc2cc00409f030793b9ac24013a1c8.jpg,mold,no_damage,damage,not_damage,raw_outputs/mold_wall_patches_10_jpeg.rf.e1bc2cc00409f030793b9ac24013a1c8.json,
paint_11_jpg.rf.db8bc22ed69f2e63a120ae8bc5599e68.jpg,wear,no_damage,damage,not_damage,raw_outputs/paint_11_jpg.rf.db8bc22ed69f2e63a120ae8bc5599e68.json,
paint_18_jpg.rf.d4a44191f3604145d1de8d2ffbe2722e.jpg,wear,no_damage,damage,not_damage,raw_outputs/paint_18_jpg.rf.d4a44191f3604145d1de8d2ffbe2722e.json,
paint_23_jpg.rf.6cbd862d96c68998a1839c35b0b84f46.jpg,wear,no_damage,damage,not_damage,raw_outputs/paint_23_jpg.rf.6cbd862d96c68998a1839c35b0b84f46.json,
paint_27_jpg.rf.005f3954ccd17eaf47e9a2b7b8f3e998.jpg,wear,no_damage,damage,not_damage,raw_outputs/paint_27_jpg.rf.005f3954ccd17eaf47e9a2b7b8f3e998.json,
paint_31_jpg.rf.4288c0015a14586600f396b57083313e.jpg,wear,no_damage,damage,not_damage,raw_outputs/paint_31_jpg.rf.4288c0015a14586600f396b57083313e.json,
paint_32_jpg.rf.0ad8e376cd7eaec6b18a97df313bf255.jpg,wear,no_damage,damage,not_damage,raw_outputs/paint_32_jpg.rf.0ad8e376cd7eaec6b18a97df313bf255.json,
paint_5_jpg.rf.f2d1e94f8277224d818259898e570943.jpg,wear,no_damage,damage,not_damage,raw_outputs/paint_5_jpg.rf.f2d1e94f8277224d818259898e570943.json,
paint_6_jpg.rf.54a2f2998156f39abd41718f68c3180e.jpg,wear,no_damage,damage,not_damage,raw_outputs/paint_6_jpg.rf.54a2f2998156f39abd41718f68c3180e.json,
paint_7_jpg.rf.ee4c235a563f7035b00ffc42122d85cf.jpg,wear,no_damage,damage,not_damage,raw_outputs/paint_7_jpg.rf.ee4c235a563f7035b00ffc42122d85cf.json,
surface damage_DJI_0014_03_04_png.rf.5937d6aa2e33ee049f43120d60708f55.jpg,no_damage,no_damage,not_damage,not_damage,raw_outputs/surface damage_DJI_0014_03_04_png.rf.5937d6aa2e33ee049f43120d60708f55.json,
surface damage_DJI_0028_01_05_png.rf.569ceb622fc83a210702142e9f5e6239.jpg,damage,no_damage,damage,not_damage,raw_outputs/surface damage_DJI_0028_01_05_png.rf.569ceb622fc83a210702142e9f5e6239.json,
surface damage_DJI_0030_03_04_png.rf.b6081e3549b8f515571e64311f079205.jpg,no_damage,no_damage,not_damage,not_damage,raw_outputs/surface damage_DJI_0030_03_04_png.rf.b6081e3549b8f515571e64311f079205.json,
surface damage_DJI_0033_04_04_png.rf.1fb4b6dcc4dbd525ca38a2ad68aebb55.jpg,damage,no_damage,damage,not_damage,raw_outputs/surface damage_DJI_0033_04_04_png.rf.1fb4b6dcc4dbd525ca38a2ad68aebb55.json,
surface damage_DJI_0033_06_05_png.rf.8ea5e882ed4349ece2914e8d1cd9f59a.jpg,damage,no_damage,damage,not_damage,raw_outputs/surface damage_DJI_0033_06_05_png.rf.8ea5e882ed4349ece2914e8d1cd9f59a.json,
surface damage_DJI_0034_04_04_png.rf.a534e650c6c8aaa18ff841f38a195d81.jpg,damage,no_damage,damage,not_damage,raw_outputs/surface damage_DJI_0034_04_04_png.rf.a534e650c6c8aaa18ff841f38a195d81.json,
surface damage_DJI_0035_03_05_png.rf.ebe566ee661f8abd9435332eef04337f.jpg,no_damage,no_damage,not_damage,not_damage,raw_outputs/surface damage_DJI_0035_03_05_png.rf.ebe566ee661f8abd9435332eef04337f.json,
surface damage_DJI_0036_03_05_png.rf.35ab1b9a95d20dd72aae07ae2c42f346.jpg,no_damage,no_damage,not_damage,not_damage,raw_outputs/surface damage_DJI_0036_03_05_png.rf.35ab1b9a95d20dd72aae07ae2c42f346.json,
surface damage_DJI_0037_03_05_png.rf.cb229d34eedf4b7339d7b9bfe29bcda5.jpg,no_damage,no_damage,not_damage,not_damage,raw_outputs/surface damage_DJI_0037_03_05_png.rf.cb229d34eedf4b7339d7b9bfe29bcda5.json,
surface damage_DJI_0037_06_04_png.rf.e0b712093654d6ca945ad2a86d70cb37.jpg,damage,no_damage,damage,not_damage,raw_outputs/surface damage_DJI_0037_06_04_png.rf.e0b712093654d6ca945ad2a86d70cb37.json,
surface damage_DJI_0039_05_06_png.rf.2fae28bf7ee4d148d1fd4ca98c6a01f0.jpg,no_damage,no_damage,not_damage,not_damage,raw_outputs/surface damage_DJI_0039_05_06_png.rf.2fae28bf7ee4d148d1fd4ca98c6a01f0.json,
surface damage_DJI_0040_04_05_png.rf.91d8ea85b15d1d384f0ec955526af732.jpg,no_damage,no_damage,not_damage,not_damage,raw_outputs/surface damage_DJI_0040_04_05_png.rf.91d8ea85b15d1d384f0ec955526af732.json,
surface damage_DJI_0041_04_05_png.rf.fc7154f6cc481c28794984fa0c330603.jpg,no_damage,no_damage,not_damage,not_damage,raw_outputs/surface damage_DJI_0041_04_05_png.rf.fc7154f6cc481c28794984fa0c330603.json,
surface damage_DJI_0042_04_05_png.rf.55719f3dc59ea08d3c1c52c5a8108b79.jpg,no_damage,no_damage,not_damage,not_damage,raw_outputs/surface damage_DJI_0042_04_05_png.rf.55719f3dc59ea08d3c1c52c5a8108b79.json,
surface damage_DJI_0042_06_06_png.rf.87c8c449869eec572ed8fc4b1f0b83ce.jpg,no_damage,no_damage,not_damage,not_damage,raw_outputs/surface damage_DJI_0042_06_06_png.rf.87c8c449869eec572ed8fc4b1f0b83ce.json,
surface damage_DJI_0046_07_06_png.rf.7bf4e8903472a5cec01db6c65961f7f3.jpg,no_damage,no_damage,not_damage,not_damage,raw_outputs/surface damage_DJI_0046_07_06_png.rf.7bf4e8903472a5cec01db6c65961f7f3.json,
surface damage_DJI_0050_08_03_png.rf.b2f25cf61030dedb9382c6778323e951.jpg,no_damage,no_damage,not_damage,not_damage,raw_outputs/surface damage_DJI_0050_08_03_png.rf.b2f25cf61030dedb9382c6778323e951.json,
surface damage_DJI_0186_02_06_png.rf.51bbb14641634fe2f8ec2f72652b929c.jpg,no_damage,no_damage,not_damage,not_damage,raw_outputs/surface damage_DJI_0186_02_06_png.rf.51bbb14641634fe2f8ec2f72652b929c.json,
surface damage_DJI_0186_03_05_png.rf.27ca1c54cb65e89c93ef9c49e6a43174.jpg,no_damage,no_damage,not_damage,not_damage,raw_outputs/surface damage_DJI_0186_03_05_png.rf.27ca1c54cb65e89c93ef9c49e6a43174.json,
surface damage_DJI_0186_04_07_png.rf.3d0d2c852d4220f46c47e6e06206d6b4.jpg,no_damage,no_damage,not_damage,not_damage,raw_outputs/surface damage_DJI_0186_04_07_png.rf.3d0d2c852d4220f46c47e6e06206d6b4.json,
surface damage_DJI_0186_05_06_png.rf.48f47b129c57dbf141c3298bee466802.jpg,no_damage,no_damage,not_damage,not_damage,raw_outputs/surface damage_DJI_0186_05_06_png.rf.48f47b129c57dbf141c3298bee466802.json,
surface damage_DJI_0187_02_07_png.rf.e7cb902c76b9ab91ce588f0b69964c6e.jpg,no_damage,no_damage,not_damage,not_damage,raw_outputs/surface damage_DJI_0187_02_07_png.rf.e7cb902c76b9ab91ce588f0b69964c6e.json,
surface damage_DJI_0187_03_07_png.rf.bbb6a6503ad8f6287268d1c94532ea08.jpg,no_damage,no_damage,not_damage,not_damage,raw_outputs/surface damage_DJI_0187_03_07_png.rf.bbb6a6503ad8f6287268d1c94532ea08.json,
surface damage_DJI_0187_07_09_png.rf.3488d225b59285682ca76dd828eabad3.jpg,damage,no_damage,damage,not_damage,raw_outputs/surface damage_DJI_0187_07_09_png.rf.3488d225b59285682ca76dd828eabad3.json,
surface damage_DJI_0188_02_07_png.rf.a829cd88dc2f0b7880c478e4dc51dd85.jpg,no_damage,no_damage,not_damage,not_damage,raw_outputs/surface damage_DJI_0188_02_07_png.rf.a829cd88dc2f0b7880c478e4dc51dd85.json,
surface damage_DJI_0188_03_07_png.rf.96b4230839eb512ac3cb4a9782510315.jpg,no_damage,no_damage,not_damage,not_damage,raw_outputs/surface damage_DJI_0188_03_07_png.rf.96b4230839eb512ac3cb4a9782510315.json,
surface damage_DJI_0198_02_09_png.rf.1354d6b37f229d081caeeaca36e77ad4.jpg,no_damage,no_damage,not_damage,not_damage,raw_outputs/surface damage_DJI_0198_02_09_png.rf.1354d6b37f229d081caeeaca36e77ad4.json,
surface damage_DJI_0200_02_06_png.rf.00a8c02f76a82d1cdd2cc595de9124f8.jpg,no_damage,no_damage,not_damage,not_damage,raw_outputs/surface damage_DJI_0200_02_06_png.rf.00a8c02f76a82d1cdd2cc595de9124f8.json,
surface damage_DJI_0200_02_07_png.rf.5c1b514800ae547f717196f8cdc1f306.jpg,no_damage,no_damage,not_damage,not_damage,raw_outputs/surface damage_DJI_0200_02_07_png.rf.5c1b514800ae547f717196f8cdc1f306.json,
surface damage_DJI_0200_03_06_png.rf.e48bc50e86a399ed2df795c7be3acbca.jpg,damage,no_damage,damage,not_damage,raw_outputs/surface damage_DJI_0200_03_06_png.rf.e48bc50e86a399ed2df795c7be3acbca.json,
surface damage_DJI_0201_02_05_png.rf.5cd3a402a4b8f1291f543a8296b53335.jpg,no_damage,no_damage,not_damage,not_damage,raw_outputs/surface damage_DJI_0201_02_05_png.rf.5cd3a402a4b8f1291f543a8296b53335.json,
surface damage_DJI_0201_03_05_png.rf.86b0a926bb8e15fc19c2cc6a58f85027.jpg,damage,no_damage,damage,not_damage,raw_outputs/surface damage_DJI_0201_03_05_png.rf.86b0a926bb8e15fc19c2cc6a58f85027.json,
surface damage_DJI_0202_02_04_png.rf.55cd9e04e01769b8f7090c90d59d033f.jpg,no_damage,no_damage,not_damage,not_damage,raw_outputs/surface damage_DJI_0202_02_04_png.rf.55cd9e04e01769b8f7090c90d59d033f.json,
surface damage_DJI_0203_02_04_png.rf.1d1212c807bf0031ee32ccacdadcf781.jpg,no_damage,no_damage,not_damage,not_damage,raw_outputs/surface damage_DJI_0203_02_04_png.rf.1d1212c807bf0031ee32ccacdadcf781.json,
surface damage_DJI_0203_03_04_png.rf.ca777449b22eb6e6a96c59af06b54ab4.jpg,damage,no_damage,damage,not_damage,raw_outputs/surface damage_DJI_0203_03_04_png.rf.ca777449b22eb6e6a96c59af06b54ab4.json,
surface damage_DJI_0204_02_05_png.rf.1b9bd10537f29f73cec0e1913e6abddf.jpg,no_damage,no_damage,not_damage,not_damage,raw_outputs/surface damage_DJI_0204_02_05_png.rf.1b9bd10537f29f73cec0e1913e6abddf.json,
surface damage_DJI_0205_02_05_png.rf.6371981937b9bc19c2daa9ca1b47937c.jpg,no_damage,no_damage,not_damage,not_damage,raw_outputs/surface damage_DJI_0205_02_05_png.rf.6371981937b9bc19c2daa9ca1b47937c.json,
surface damage_DJI_0206_04_05_png.rf.3853ea2b05a6d4d0dc47733a7b0b880d.jpg,damage,no_damage,damage,not_damage,raw_outputs/surface damage_DJI_0206_04_05_png.rf.3853ea2b05a6d4d0dc47733a7b0b880d.json,
surface damage_DJI_0207_04_05_png.rf.ddc39a38bb452bb17a78005d9abad935.jpg,damage,no_damage,damage,not_damage,raw_outputs/surface damage_DJI_0207_04_05_png.rf.ddc39a38bb452bb17a78005d9abad935.json,
surface damage_DJI_0207_08_05_png.rf.9429615eebfdd5bd8763232e2f1fe2bb.jpg,damage,no_damage,damage,not_damage,raw_outputs/surface damage_DJI_0207_08_05_png.rf.9429615eebfdd5bd8763232e2f1fe2bb.json,
surface damage_DJI_0211_04_05_png.rf.2d5c2f3675bcb6b56d84750269ba0c63.jpg,damage,no_damage,damage,not_damage,raw_outputs/surface damage_DJI_0211_04_05_png.rf.2d5c2f3675bcb6b56d84750269ba0c63.json,
surface damage_DJI_0213_06_05_png.rf.28fdfd54b087a41151d76ba9ea83157c.jpg,damage,no_damage,damage,not_damage,raw_outputs/surface damage_DJI_0213_06_05_png.rf.28fdfd54b087a41151d76ba9ea83157c.json,
surface damage_DJI_0215_01_04_png.rf.83f75a6b69afd32ac50106d44ab7ee62.jpg,damage,no_damage,damage,not_damage,raw_outputs/surface damage_DJI_0215_01_04_png.rf.83f75a6b69afd32ac50106d44ab7ee62.json,
surface damage_DJI_0217_01_03_png.rf.5e7eb1b842541cfcceb0c1f8aa069dcd.jpg,no_damage,no_damage,not_damage,not_damage,raw_outputs/surface damage_DJI_0217_01_03_png.rf.5e7eb1b842541cfcceb0c1f8aa069dcd.json,
surface damage_DJI_0218_02_02_png.rf.1dff82966a2c76da239a6c2e36eba73e.jpg,no_damage,no_damage,not_damage,not_damage,raw_outputs/surface damage_DJI_0218_02_02_png.rf.1dff82966a2c76da239a6c2e36eba73e.json,
surface damage_DJI_0218_02_02_png.rf.3e54327bbc9d71ba21ffa490a290c050.jpg,no_damage,no_damage,not_damage,not_damage,raw_outputs/surface damage_DJI_0218_02_02_png.rf.3e54327bbc9d71ba21ffa490a290c050.json,
surface damage_DJI_0219_01_03_png.rf.17b38a264430734532331290630b3f0d.jpg,no_damage,no_damage,not_damage,not_damage,raw_outputs/surface damage_DJI_0219_01_03_png.rf.17b38a264430734532331290630b3f0d.json,
surface damage_DJI_0219_01_03_png.rf.3d071d0a365cc7adb5c9cc3164a33268.jpg,no_damage,no_damage,not_damage,not_damage,raw_outputs/surface damage_DJI_0219_01_03_png.rf.3d071d0a365cc7adb5c9cc3164a33268.json,
surface damage_DJI_0219_01_03_png.rf.e37025e5eadd8d741815d7e02d447b6a.jpg,no_damage,no_damage,not_damage,not_damage,raw_outputs/surface damage_DJI_0219_01_03_png.rf.e37025e5eadd8d741815d7e02d447b6a.json,
surface damage_DJI_0219_01_04_png.rf.e985c6aea0dcec5b392a5d3778eb7563.jpg,no_damage,no_damage,not_damage,not_damage,raw_outputs/surface damage_DJI_0219_01_04_png.rf.e985c6aea0dcec5b392a5d3778eb7563.json,
surface damage_DJI_0220_02_06_png.rf.086a41c24296bb6104975acd2b500719.jpg,no_damage,no_damage,not_damage,not_damage,raw_outputs/surface damage_DJI_0220_02_06_png.rf.086a41c24296bb6104975acd2b500719.json,
surface damage_DJI_0220_02_06_png.rf.29a928ea92d306603382552a6c137cf9.jpg,no_damage,no_damage,not_damage,not_damage,raw_outputs/surface damage_DJI_0220_02_06_png.rf.29a928ea92d306603382552a6c137cf9.json,
surface damage_DJI_0221_01_04_png.rf.f5ce3503da2f9f4d2d26564171ed9a5d.jpg,damage,no_damage,damage,not_damage,raw_outputs/surface damage_DJI_0221_01_04_png.rf.f5ce3503da2f9f4d2d26564171ed9a5d.json,
surface damage_DJI_0221_01_07_png.rf.571fa53981ae6b6d04aa5135a50216b9.jpg,damage,no_damage,damage,not_damage,raw_outputs/surface damage_DJI_0221_01_07_png.rf.571fa53981ae6b6d04aa5135a50216b9.json,
surface damage_DJI_0221_02_03_png.rf.f7722a932f084e9414689740f3f1c1de.jpg,no_damage,no_damage,not_damage,not_damage,raw_outputs/surface damage_DJI_0221_02_03_png.rf.f7722a932f084e9414689740f3f1c1de.json,
surface damage_DJI_0221_03_02_png.rf.71173df1ed1ec551205073068c1fee76.jpg,no_damage,no_damage,not_damage,not_damage,raw_outputs/surface damage_DJI_0221_03_02_png.rf.71173df1ed1ec551205073068c1fee76.json,
surface damage_DJI_0222_01_06_png.rf.b74768f54e26733435913d44141f03f1.jpg,damage,no_damage,damage,not_damage,raw_outputs/surface damage_DJI_0222_01_06_png.rf.b74768f54e26733435913d44141f03f1.json,
surface damage_DJI_0222_03_02_png.rf.6c365c6abe42d29a9348cdb216d7fdf6.jpg,damage,no_damage,damage,not_damage,raw_outputs/surface damage_DJI_0222_03_02_png.rf.6c365c6abe42d29a9348cdb216d7fdf6.json,
surface damage_DJI_0222_03_03_png.rf.414d8abd32d8cf2e67894fb574e166a1.jpg,damage,no_damage,damage,not_damage,raw_outputs/surface damage_DJI_0222_03_03_png.rf.414d8abd32d8cf2e67894fb574e166a1.json,
surface damage_DJI_0222_03_06_png.rf.e5a689bbb060beca009f9412cf9e7b17.jpg,no_damage,no_damage,not_damage,not_damage,raw_outputs/surface damage_DJI_0222_03_06_png.rf.e5a689bbb060beca009f9412cf9e7b17.json,
surface damage_DJI_0223_02_06_png.rf.3c819af4bab23ce38436ffd772e5cf29.jpg,damage,no_damage,damage,not_damage,raw_outputs/surface damage_DJI_0223_02_06_png.rf.3c819af4bab23ce38436ffd772e5cf29.json,
surface damage_DJI_0223_04_03_png.rf.35fbeccad63c77c22821b69b82b4eda9.jpg,no_damage,no_damage,not_damage,not_damage,raw_outputs/surface damage_DJI_0223_04_03_png.rf.35fbeccad63c77c22821b69b82b4eda9.json,
surface damage_DJI_0223_06_04_png.rf.9686920d7d25f1750d5c7a90b1ec9601.jpg,damage,no_damage,damage,not_damage,raw_outputs/surface damage_DJI_0223_06_04_png.rf.9686920d7d25f1750d5c7a90b1ec9601.json,
surface damage_DJI_0224_04_03_png.rf.00bf6f6a543319aec85ff372c7cd3f40.jpg,no_damage,no_damage,not_damage,not_damage,raw_outputs/surface damage_DJI_0224_04_03_png.rf.00bf6f6a543319aec85ff372c7cd3f40.json,
surface damage_DJI_0225_03_05_png.rf.f92dceb233ed02556ec4af1dd9b5d8f0.jpg,damage,no_damage,damage,not_damage,raw_outputs/surface damage_DJI_0225_03_05_png.rf.f92dceb233ed02556ec4af1dd9b5d8f0.json,
surface damage_DJI_0225_04_05_png.rf.95d958e5894b5cdc2da33fddce38ba37.jpg,no_damage,no_damage,not_damage,not_damage,raw_outputs/surface damage_DJI_0225_04_05_png.rf.95d958e5894b5cdc2da33fddce38ba37.json,
surface damage_DJI_0226_03_05_png.rf.6da65a3d479d7806e099cbd5947f875e.jpg,damage,no_damage,damage,not_damage,raw_outputs/surface damage_DJI_0226_03_05_png.rf.6da65a3d479d7806e099cbd5947f875e.json,
surface damage_DJI_0226_05_01_png.rf.238853804bc706a0dac8775e27a3839e.jpg,no_damage,no_damage,not_damage,not_damage,raw_outputs/surface damage_DJI_0226_05_01_png.rf.238853804bc706a0dac8775e27a3839e.json,
surface damage_DJI_0227_06_01_png.rf.649ad65ee27f0c9d19ab081b0092fd1f.jpg,no_damage,no_damage,not_damage,not_damage,raw_outputs/surface damage_DJI_0227_06_01_png.rf.649ad65ee27f0c9d19ab081b0092fd1f.json,
surface damage_DJI_0227_06_05_png.rf.0377123de42f8c9876027c8a9c889bcc.jpg,no_damage,no_damage,not_damage,not_damage,raw_outputs/surface damage_DJI_0227_06_05_png.rf.0377123de42f8c9876027c8a9c889bcc.json,
surface damage_DJI_0228_07_02_png.rf.a492e90c4868dff8d15e24190962e38b.jpg,no_damage,no_damage,not_damage,not_damage,raw_outputs/surface damage_DJI_0228_07_02_png.rf.a492e90c4868dff8d15e24190962e38b.json,
surface damage_DJI_0228_07_06_png.rf.d11d075a866f30f007bec1bfebcb1539.jpg,no_damage,no_damage,not_damage,not_damage,raw_outputs/surface damage_DJI_0228_07_06_png.rf.d11d075a866f30f007bec1bfebcb1539.json,
surface damage_DJI_0228_07_06_png.rf.ff36b0051c54c6e4d4422209b0d562f8.jpg,no_damage,no_damage,not_damage,not_damage,raw_outputs/surface damage_DJI_0228_07_06_png.rf.ff36b0051c54c6e4d4422209b0d562f8.json,
surface damage_DJI_0248_08_02_png.rf.a0d8e373090898aa971b00da0c96db8d.jpg,no_damage,no_damage,not_damage,not_damage,raw_outputs/surface damage_DJI_0248_08_02_png.rf.a0d8e373090898aa971b00da0c96db8d.json,
surface damage_DJI_0249_07_01_png.rf.69175aa29b7b83f4d9b2bf777b92a90c.jpg,no_damage,no_damage,not_damage,not_damage,raw_outputs/surface damage_DJI_0249_07_01_png.rf.69175aa29b7b83f4d9b2bf777b92a90c.json,
surface damage_DJI_0249_07_01_png.rf.c679fd7e0d1cfe29aa92b8225a72d91b.jpg,no_damage,no_damage,not_damage,not_damage,raw_outputs/surface damage_DJI_0249_07_01_png.rf.c679fd7e0d1cfe29aa92b8225a72d91b.json,
surface damage_DJI_0249_07_02_png.rf.68ec1a9eb6302da806bb696e53e243ab.jpg,no_damage,no_damage,not_damage,not_damage,raw_outputs/surface damage_DJI_0249_07_02_png.rf.68ec1a9eb6302da806bb696e53e243ab.json,
surface damage_DJI_0249_08_02_png.rf.e54076a42982fa37dd7a1ac6c958e0a4.jpg,no_damage,no_damage,not_damage,not_damage,raw_outputs/surface damage_DJI_0249_08_02_png.rf.e54076a42982fa37dd7a1ac6c958e0a4.json,
surface damage_DJI_0251_06_02_png.rf.73cdefd4143e686a163804c745855752.jpg,no_damage,no_damage,not_damage,not_damage,raw_outputs/surface damage_DJI_0251_06_02_png.rf.73cdefd4143e686a163804c745855752.json,
surface damage_DJI_0251_07_02_png.rf.8cdcaedb20d4b1f695b41415c0ac0e0f.jpg,no_damage,no_damage,not_damage,not_damage,raw_outputs/surface damage_DJI_0251_07_02_png.rf.8cdcaedb20d4b1f695b41415c0ac0e0f.json,
surface damage_DJI_0252_07_02_png.rf.602e7588157afce90b687f2040e2b762.jpg,no_damage,no_damage,not_damage,not_damage,raw_outputs/surface damage_DJI_0252_07_02_png.rf.602e7588157afce90b687f2040e2b762.json,
surface damage_DJI_0254_04_03_png.rf.26ae940ebbecbd84f63ff98c6fae9642.jpg,no_damage,no_damage,not_damage,not_damage,raw_outputs/surface damage_DJI_0254_04_03_png.rf.26ae940ebbecbd84f63ff98c6fae9642.json,
surface damage_DJI_0254_04_04_png.rf.20fa857af86a4d66e3e1d0649e87b3ca.jpg,no_damage,no_damage,not_damage,not_damage,raw_outputs/surface damage_DJI_0254_04_04_png.rf.20fa857af86a4d66e3e1d0649e87b3ca.json,
surface damage_DJI_0255_04_04_png.rf.02e8f18db6951db8fee46ef997a773ab.jpg,damage,no_damage,damage,not_damage,raw_outputs/surface damage_DJI_0255_04_04_png.rf.02e8f18db6951db8fee46ef997a773ab.json,
surface damage_DJI_0255_04_04_png.rf.4fbd37a889fbdc7776ba7d1af93b9cb9.jpg,damage,no_damage,damage,not_damage,raw_outputs/surface damage_DJI_0255_04_04_png.rf.4fbd37a889fbdc7776ba7d1af93b9cb9.json,
surface damage_DJI_0256_02_05_png.rf.595dcbffc9e102fb0eb2739cb5b0d849.jpg,no_damage,no_damage,not_damage,not_damage,raw_outputs/surface damage_DJI_0256_02_05_png.rf.595dcbffc9e102fb0eb2739cb5b0d849.json,
surface damage_DJI_0256_03_04_png.rf.c6424849de3a0a1fc157fb63242a6afb.jpg,no_damage,no_damage,not_damage,not_damage,raw_outputs/surface damage_DJI_0256_03_04_png.rf.c6424849de3a0a1fc157fb63242a6afb.json,
surface damage_DJI_0256_06_04_png.rf.acb711b384b61c2d749e5dbf65f5fdd8.jpg,no_damage,no_damage,not_damage,not_damage,raw_outputs/surface damage_DJI_0256_06_04_png.rf.acb711b384b61c2d749e5dbf65f5fdd8.json,
surface damage_DJI_0257_02_05_png.rf.2fe88c17a415593a8312548862751cc4.jpg,no_damage,no_damage,not_damage,not_damage,raw_outputs/surface damage_DJI_0257_02_05_png.rf.2fe88c17a415593a8312548862751cc4.json,
surface damage_DJI_0257_02_06_png.rf.e27f877f4a51d8d0e79edb8681c19079.jpg,no_damage,no_damage,not_damage,not_damage,raw_outputs/surface damage_DJI_0257_02_06_png.rf.e27f877f4a51d8d0e79edb8681c19079.json,
surface damage_DJI_0257_03_06_png.rf.85578458cbf89aeff47ac8430a192971.jpg,no_damage,no_damage,not_damage,not_damage,raw_outputs/surface damage_DJI_0257_03_06_png.rf.85578458cbf89aeff47ac8430a192971.json,
surface damage_DJI_0257_06_04_png.rf.f8abd2e762d97c3b726dbb714fc6f3b3.jpg,no_damage,no_damage,not_damage,not_damage,raw_outputs/surface damage_DJI_0257_06_04_png.rf.f8abd2e762d97c3b726dbb714fc6f3b3.json,
surface damage_DJI_0258_02_05_png.rf.c10a92d2418956348f434e8ec29d858b.jpg,damage,no_damage,damage,not_damage,raw_outputs/surface damage_DJI_0258_02_05_png.rf.c10a92d2418956348f434e8ec29d858b.json,
surface damage_DJI_0258_02_05_png.rf.fef4393fb26258da2c79745c79de03cd.jpg,damage,no_damage,damage,not_damage,raw_outputs/surface damage_DJI_0258_02_05_png.rf.fef4393fb26258da2c79745c79de03cd.json,
surface damage_DJI_0258_06_04_png.rf.a2b76396e4902ef8eda8e543e77c7b04.jpg,no_damage,no_damage,not_damage,not_damage,raw_outputs/surface damage_DJI_0258_06_04_png.rf.a2b76396e4902ef8eda8e543e77c7b04.json,
surface damage_DJI_0259_01_05_png.rf.697edf4504a9aa16c979c23538cbe6a0.jpg,damage,no_damage,damage,not_damage,raw_outputs/surface damage_DJI_0259_01_05_png.rf.697edf4504a9aa16c979c23538cbe6a0.json,
surface damage_DJI_0259_04_03_png.rf.874b705ff23b0f556c0bd9c76329dff7.jpg,damage,no_damage,damage,not_damage,raw_outputs/surface damage_DJI_0259_04_03_png.rf.874b705ff23b0f556c0bd9c76329dff7.json,
surface damage_DJI_0259_04_04_png.rf.d363b6d563da7d709f5ca70ba0767f3c.jpg,no_damage,no_damage,not_damage,not_damage,raw_outputs/surface damage_DJI_0259_04_04_png.rf.d363b6d563da7d709f5ca70ba0767f3c.json,
surface damage_DJI_0260_03_04_png.rf.23b4a182b60a657f7567394e69775f7a.jpg,damage,no_damage,damage,not_damage,raw_outputs/surface damage_DJI_0260_03_04_png.rf.23b4a182b60a657f7567394e69775f7a.json,
surface damage_DJI_0260_04_04_png.rf.055925da6196d7332137723a6b3b49de.jpg,damage,no_damage,damage,not_damage,raw_outputs/surface damage_DJI_0260_04_04_png.rf.055925da6196d7332137723a6b3b49de.json,
surface damage_DJI_0260_07_05_png.rf.fe61eda9fc6ba17d0e77ddf6450ac8ce.jpg,damage,no_damage,damage,not_damage,raw_outputs/surface damage_DJI_0260_07_05_png.rf.fe61eda9fc6ba17d0e77ddf6450ac8ce.json,
surface damage_DJI_0261_03_03_png.rf.20ad45509db2cd724cedc5e34cffa0b2.jpg,damage,no_damage,damage,not_damage,raw_outputs/surface damage_DJI_0261_03_03_png.rf.20ad45509db2cd724cedc5e34cffa0b2.json,
surface damage_DJI_0261_04_04_png.rf.c100207fe41d31da5b14d2f653e514f8.jpg,no_damage,no_damage,not_damage,not_damage,raw_outputs/surface damage_DJI_0261_04_04_png.rf.c100207fe41d31da5b14d2f653e514f8.json,
surface damage_DJI_0262_02_04_png.rf.acc6cc7bfad3fdd28b4d89a70f0c76a1.jpg,no_damage,no_damage,not_damage,not_damage,raw_outputs/surface damage_DJI_0262_02_04_png.rf.acc6cc7bfad3fdd28b4d89a70f0c76a1.json,
surface damage_DJI_0262_02_04_png.rf.b9333e075d316bbc7555dfd7e323100b.jpg,no_damage,no_damage,not_damage,not_damage,raw_outputs/surface damage_DJI_0262_02_04_png.rf.b9333e075d316bbc7555dfd7e323100b.json,
surface damage_DJI_0263_02_03_png.rf.02f692b74db6795d27b126920ac9b6e3.jpg,no_damage,no_damage,not_damage,not_damage,raw_outputs/surface damage_DJI_0263_02_03_png.rf.02f692b74db6795d27b126920ac9b6e3.json,
surface damage_DJI_0264_02_02_png.rf.3bc2e397fa45e42e13e1d3ca0a9128f3.jpg,no_damage,no_damage,not_damage,not_damage,raw_outputs/surface damage_DJI_0264_02_02_png.rf.3bc2e397fa45e42e13e1d3ca0a9128f3.json,
surface damage_DJI_0264_06_04_png.rf.7839e3b6a628302d73ca4ab2e7ee30b8.jpg,damage,no_damage,damage,not_damage,raw_outputs/surface damage_DJI_0264_06_04_png.rf.7839e3b6a628302d73ca4ab2e7ee30b8.json,
surface damage_DJI_0348_05_02_png.rf.7f0b743e1d081d8d22b5f3e41218719d.jpg,damage,no_damage,damage,not_damage,raw_outputs/surface damage_DJI_0348_05_02_png.rf.7f0b743e1d081d8d22b5f3e41218719d.json,
surface damage_DJI_0348_05_04_png.rf.5b64351f7e6ea1036a4d37428cd9e9bb.jpg,no_damage,no_damage,not_damage,not_damage,raw_outputs/surface damage_DJI_0348_05_04_png.rf.5b64351f7e6ea1036a4d37428cd9e9bb.json,
surface damage_DJI_0350_03_04_png.rf.cafb8e669db91c4c7ceb65979237ce98.jpg,no_damage,no_damage,not_damage,not_damage,raw_outputs/surface damage_DJI_0350_03_04_png.rf.cafb8e669db91c4c7ceb65979237ce98.json,
surface damage_DJI_0350_03_05_png.rf.d452ca718def681f2862c0485741571b.jpg,no_damage,no_damage,not_damage,not_damage,raw_outputs/surface damage_DJI_0350_03_05_png.rf.d452ca718def681f2862c0485741571b.json,
surface damage_DJI_0350_04_05_png.rf.25ed5b08dd3ddcb5c41e9228926de855.jpg,no_damage,no_damage,not_damage,not_damage,raw_outputs/surface damage_DJI_0350_04_05_png.rf.25ed5b08dd3ddcb5c41e9228926de855.json,
surface damage_DJI_0350_07_05_png.rf.7145919d1dccb55ddb4c438e259b8161.jpg,damage,no_damage,damage,not_damage,raw_outputs/surface damage_DJI_0350_07_05_png.rf.7145919d1dccb55ddb4c438e259b8161.json,
surface damage_DJI_0350_07_05_png.rf.8737b00974e2f8bf7ca038b4f33d6f36.jpg,damage,no_damage,damage,not_damage,raw_outputs/surface damage_DJI_0350_07_05_png.rf.8737b00974e2f8bf7ca038b4f33d6f36.json,
surface damage_DJI_0351_03_04_png.rf.395331b9283bcc14246deb99c0d60de8.jpg,no_damage,no_damage,not_damage,not_damage,raw_outputs/surface damage_DJI_0351_03_04_png.rf.395331b9283bcc14246deb99c0d60de8.json,
surface damage_DJI_0351_03_06_png.rf.2795c59b82468e2e44dc4ee06b82a235.jpg,no_damage,no_damage,not_damage,not_damage,raw_outputs/surface damage_DJI_0351_03_06_png.rf.2795c59b82468e2e44dc4ee06b82a235.json,
surface damage_DJI_0357_02_09_png.rf.e28d60e03b3d021cd7393f8022d10ed8.jpg,damage,no_damage,damage,not_damage,raw_outputs/surface damage_DJI_0357_02_09_png.rf.e28d60e03b3d021cd7393f8022d10ed8.json,
surface damage_DJI_0358_01_09_png.rf.54c3440c481924055ebfd1ef40e277cb.jpg,damage,no_damage,damage,not_damage,raw_outputs/surface damage_DJI_0358_01_09_png.rf.54c3440c481924055ebfd1ef40e277cb.json,
surface damage_DJI_0358_02_09_png.rf.cf1dfda9e11e434b5d46531bee5c0514.jpg,damage,no_damage,damage,not_damage,raw_outputs/surface damage_DJI_0358_02_09_png.rf.cf1dfda9e11e434b5d46531bee5c0514.json,
surface damage_DJI_0358_06_09_png.rf.a0a905fbfc8fa8834489771890fb341c.jpg,damage,no_damage,damage,not_damage,raw_outputs/surface damage_DJI_0358_06_09_png.rf.a0a905fbfc8fa8834489771890fb341c.json,
surface damage_DJI_0360_06_09_png.rf.6b404bc04cf8e5e88325ce5dc8dfedd6.jpg,damage,no_damage,damage,not_damage,raw_outputs/surface damage_DJI_0360_06_09_png.rf.6b404bc04cf8e5e88325ce5dc8dfedd6.json,
surface damage_DJI_0361_05_08_png.rf.1ec3e34100ac7731aafd2b3af51d9f57.jpg,damage,no_damage,damage,not_damage,raw_outputs/surface damage_DJI_0361_05_08_png.rf.1ec3e34100ac7731aafd2b3af51d9f57.json,
surface damage_DJI_0361_05_08_png.rf.b8447dcfd2ad835349431e8ab957c0ad.jpg,damage,no_damage,damage,not_damage,raw_outputs/surface damage_DJI_0361_05_08_png.rf.b8447dcfd2ad835349431e8ab957c0ad.json,
surface damage_DJI_0361_06_08_png.rf.a05e082a995afd396e4928bc4c18b3f7.jpg,damage,no_damage,damage,not_damage,raw_outputs/surface damage_DJI_0361_06_08_png.rf.a05e082a995afd396e4928bc4c18b3f7.json,
surface damage_DJI_0362_01_09_png.rf.a0e0d6a5bd9279875df2667e76ebfd09.jpg,damage,no_damage,damage,not_damage,raw_outputs/surface damage_DJI_0362_01_09_png.rf.a0e0d6a5bd9279875df2667e76ebfd09.json,
surface damage_DJI_0362_01_09_png.rf.ffe1b5230eb1f75cfd02bdf999208fbe.jpg,damage,no_damage,damage,not_damage,raw_outputs/surface damage_DJI_0362_01_09_png.rf.ffe1b5230eb1f75cfd02bdf999208fbe.json,
surface damage_DJI_0362_06_08_png.rf.0da21ba6402ffaebd18535965aff79e5.jpg,damage,no_damage,damage,not_damage,raw_outputs/surface damage_DJI_0362_06_08_png.rf.0da21ba6402ffaebd18535965aff79e5.json,
surface damage_DJI_0362_06_09_png.rf.864782735a4e8fda1a663cea99b0be02.jpg,damage,no_damage,damage,not_damage,raw_outputs/surface damage_DJI_0362_06_09_png.rf.864782735a4e8fda1a663cea99b0be02.json,
surface damage_DJI_0363_05_08_png.rf.353f9e3d44cde639c05a7ba654fece7d.jpg,damage,no_damage,damage,not_damage,raw_outputs/surface damage_DJI_0363_05_08_png.rf.353f9e3d44cde639c05a7ba654fece7d.json,
surface damage_DJI_0364_03_08_png.rf.68238356b5abd64fff09620173c0450c.jpg,damage,no_damage,damage,not_damage,raw_outputs/surface damage_DJI_0364_03_08_png.rf.68238356b5abd64fff09620173c0450c.json,
surface damage_DJI_0368_02_08_png.rf.e11391a2b8ddd25621de79fea81e6e51.jpg,no_damage,no_damage,not_damage,not_damage,raw_outputs/surface damage_DJI_0368_02_08_png.rf.e11391a2b8ddd25621de79fea81e6e51.json,
surface damage_DJI_0368_08_06_png.rf.17aefe0359e6a85c0c9dbd9979006062.jpg,damage,no_damage,damage,not_damage,raw_outputs/surface damage_DJI_0368_08_06_png.rf.17aefe0359e6a85c0c9dbd9979006062.json,
surface damage_DJI_0369_07_07_png.rf.c7268a182b91cdaed9568ded34168e66.jpg,damage,no_damage,damage,not_damage,raw_outputs/surface damage_DJI_0369_07_07_png.rf.c7268a182b91cdaed9568ded34168e66.json,
surface damage_DJI_0370_01_07_png.rf.6f22f819bca72a96dc464fcc5d1abff3.jpg,no_damage,no_damage,not_damage,not_damage,raw_outputs/surface damage_DJI_0370_01_07_png.rf.6f22f819bca72a96dc464fcc5d1abff3.json,
surface damage_DJI_0371_01_07_png.rf.04e6314d988576b4b82ab92a4dfbf32e.jpg,no_damage,no_damage,not_damage,not_damage,raw_outputs/surface damage_DJI_0371_01_07_png.rf.04e6314d988576b4b82ab92a4dfbf32e.json,
surface damage_DJI_0587_02_01_png.rf.0817abc04b9537ae2bb0b12e4cf39c18.jpg,damage,no_damage,damage,not_damage,raw_outputs/surface damage_DJI_0587_02_01_png.rf.0817abc04b9537ae2bb0b12e4cf39c18.json,
surface damage_DJI_0587_02_01_png.rf.0d6a0e0c141b3fad292d9dc08d26885c.jpg,damage,no_damage,damage,not_damage,raw_outputs/surface damage_DJI_0587_02_01_png.rf.0d6a0e0c141b3fad292d9dc08d26885c.json,
surface damage_DJI_0587_04_01_png.rf.6c4d5515db5b8eb9d19b4db5cde77930.jpg,damage,no_damage,damage,not_damage,raw_outputs/surface damage_DJI_0587_04_01_png.rf.6c4d5515db5b8eb9d19b4db5cde77930.json,
surface damage_DJI_0587_06_01_png.rf.131fe56df75bc22c300360baa68b839d.jpg,damage,no_damage,damage,not_damage,raw_outputs/surface damage_DJI_0587_06_01_png.rf.131fe56df75bc22c300360baa68b839d.json,
surface damage_DJI_0588_07_01_png.rf.633345f98975b0928a266df3630d366d.jpg,damage,no_damage,damage,not_damage,raw_outputs/surface damage_DJI_0588_07_01_png.rf.633345f98975b0928a266df3630d366d.json,
surface damage_DJI_0589_08_01_png.rf.c3a6a38ba7615062210597bce9b82387.jpg,damage,no_damage,damage,not_damage,raw_outputs/surface damage_DJI_0589_08_01_png.rf.c3a6a38ba7615062210597bce9b82387.json,
surface damage_DJI_0590_01_02_png.rf.4dd4549801bb22236c54f17927b143f8.jpg,damage,no_damage,damage,not_damage,raw_outputs/surface damage_DJI_0590_01_02_png.rf.4dd4549801bb22236c54f17927b143f8.json,
surface damage_DJI_0591_02_02_png.rf.d0b956bdd2801ec399d71f4081e23bec.jpg,damage,no_damage,damage,not_damage,raw_outputs/surface damage_DJI_0591_02_02_png.rf.d0b956bdd2801ec399d71f4081e23bec.json,
surface damage_DJI_0591_03_02_png.rf.a64c62053e83e630468e69d425c5f6ff.jpg,damage,no_damage,damage,not_damage,raw_outputs/surface damage_DJI_0591_03_02_png.rf.a64c62053e83e630468e69d425c5f6ff.json,
surface damage_DJI_0591_03_02_png.rf.e3e401678792c3bcab5e095606442e78.jpg,damage,no_damage,damage,not_damage,raw_outputs/surface damage_DJI_0591_03_02_png.rf.e3e401678792c3bcab5e095606442e78.json,
surface damage_DJI_0591_04_01_png.rf.a5997cf9af33856f4835b9b2935225ba.jpg,damage,no_damage,damage,not_damage,raw_outputs/surface damage_DJI_0591_04_01_png.rf.a5997cf9af33856f4835b9b2935225ba.json,
surface damage_DJI_0592_01_02_png.rf.ad2ece9432cd80242a3ff15fcb50bfdb.jpg,damage,no_damage,damage,not_damage,raw_outputs/surface damage_DJI_0592_01_02_png.rf.ad2ece9432cd80242a3ff15fcb50bfdb.json,
surface damage_DJI_0592_03_03_png.rf.d8dd2b678f3387a95388b902afca7db6.jpg,damage,no_damage,damage,not_damage,raw_outputs/surface damage_DJI_0592_03_03_png.rf.d8dd2b678f3387a95388b902afca7db6.json,
surface damage_DJI_0593_04_02_png.rf.71c8bbf7ec91ca93ddaf93decd610db9.jpg,damage,no_damage,damage,not_damage,raw_outputs/surface damage_DJI_0593_04_02_png.rf.71c8bbf7ec91ca93ddaf93decd610db9.json,
surface damage_DJI_0594_06_03_png.rf.499feb9b9728ddf33b53c1f445e198cc.jpg,damage,no_damage,damage,not_damage,raw_outputs/surface damage_DJI_0594_06_03_png.rf.499feb9b9728ddf33b53c1f445e198cc.json,
surface damage_DJI_0594_08_02_png.rf.71bdb4baddb7970288e0fa08a89c3f57.jpg,damage,no_damage,damage,not_damage,raw_outputs/surface damage_DJI_0594_08_02_png.rf.71bdb4baddb7970288e0fa08a89c3f57.json,
surface damage_DJI_0595_08_04_png.rf.8a7ea7cc15fbf887fea2cfb49b8043e3.jpg,damage,no_damage,damage,not_damage,raw_outputs/surface damage_DJI_0595_08_04_png.rf.8a7ea7cc15fbf887fea2cfb49b8043e3.json,
surface damage_DJI_0597_07_04_png.rf.2619d184eb52466e650e1f2c131dbe95.jpg,damage,no_damage,damage,not_damage,raw_outputs/surface damage_DJI_0597_07_04_png.rf.2619d184eb52466e650e1f2c131dbe95.json,
surface damage_DJI_0597_07_04_png.rf.8ca98f910491eb5c6b5af68fb9d5a639.jpg,damage,no_damage,damage,not_damage,raw_outputs/surface damage_DJI_0597_07_04_png.rf.8ca98f910491eb5c6b5af68fb9d5a639.json,
surface damage_DJI_0600_01_02_png.rf.185f30d3298796b40fc2b092564e1aef.jpg,damage,no_damage,damage,not_damage,raw_outputs/surface damage_DJI_0600_01_02_png.rf.185f30d3298796b40fc2b092564e1aef.json,
surface damage_DJI_0600_05_06_png.rf.97d3225c8d60119583c8e386e9a144dc.jpg,damage,no_damage,damage,not_damage,raw_outputs/surface damage_DJI_0600_05_06_png.rf.97d3225c8d60119583c8e386e9a144dc.json,
surface damage_DJI_0601_01_03_png.rf.72dd723547b697f2ec18dae69d38ec2b.jpg,damage,no_damage,damage,not_damage,raw_outputs/surface damage_DJI_0601_01_03_png.rf.72dd723547b697f2ec18dae69d38ec2b.json,
surface damage_DJI_0601_04_05_png.rf.d3a9990adece0f0004b7fc52fc02f4c0.jpg,damage,no_damage,damage,not_damage,raw_outputs/surface damage_DJI_0601_04_05_png.rf.d3a9990adece0f0004b7fc52fc02f4c0.json,
surface damage_DJI_0602_04_05_png.rf.2bed40a09c16963aa2d97d6d97499eb3.jpg,damage,no_damage,damage,not_damage,raw_outputs/surface damage_DJI_0602_04_05_png.rf.2bed40a09c16963aa2d97d6d97499eb3.json,
surface damage_DJI_0604_02_02_png.rf.848c993911ac403dafbf2fc5a7d55680.jpg,damage,no_damage,damage,not_damage,raw_outputs/surface damage_DJI_0604_02_02_png.rf.848c993911ac403dafbf2fc5a7d55680.json,
surface damage_DJI_0605_06_05_png.rf.c394c51b82ef613d3d2fe37a33eae196.jpg,damage,no_damage,damage,not_damage,raw_outputs/surface damage_DJI_0605_06_05_png.rf.c394c51b82ef613d3d2fe37a33eae196.json,
surface damage_DJI_0606_04_05_png.rf.0316a852923572564829e6d6dcbe6537.jpg,no_damage,no_damage,not_damage,not_damage,raw_outputs/surface damage_DJI_0606_04_05_png.rf.0316a852923572564829e6d6dcbe6537.json,
surface damage_DJI_0606_05_03_png.rf.e1d0577d847bf6763891dbf2f3b0de12.jpg,damage,no_damage,damage,not_damage,raw_outputs/surface damage_DJI_0606_05_03_png.rf.e1d0577d847bf6763891dbf2f3b0de12.json,
surface damage_DJI_0607_06_04_png.rf.99899b7dcdf6b09eebc1f630c4733b22.jpg,no_damage,no_damage,not_damage,not_damage,raw_outputs/surface damage_DJI_0607_06_04_png.rf.99899b7dcdf6b09eebc1f630c4733b22.json,
surface damage_DJI_0607_06_05_png.rf.5fd8e2e28502677fe4c4e846995ebbb8.jpg,no_damage,no_damage,not_damage,not_damage,raw_outputs/surface damage_DJI_0607_06_05_png.rf.5fd8e2e28502677fe4c4e846995ebbb8.json,
surface damage_DJI_0608_08_05_png.rf.ce50236e0ce17dd2de28a8c9ae9fd308.jpg,no_damage,no_damage,not_damage,not_damage,raw_outputs/surface damage_DJI_0608_08_05_png.rf.ce50236e0ce17dd2de28a8c9ae9fd308.json,
surface damage_DJI_0680_04_07_png.rf.67166a28f523d331e228df072aa2e13e.jpg,damage,no_damage,damage,not_damage,raw_outputs/surface damage_DJI_0680_04_07_png.rf.67166a28f523d331e228df072aa2e13e.json,
surface damage_DJI_0680_05_05_png.rf.38afab38400d68b5976621d5a68d56d0.jpg,damage,no_damage,damage,not_damage,raw_outputs/surface damage_DJI_0680_05_05_png.rf.38afab38400d68b5976621d5a68d56d0.json,
surface damage_DJI_0680_05_05_png.rf.3d25bd6be4972148f311f8b5a4a058fb.jpg,damage,no_damage,damage,not_damage,raw_outputs/surface damage_DJI_0680_05_05_png.rf.3d25bd6be4972148f311f8b5a4a058fb.json,
surface damage_DJI_0680_05_08_png.rf.101cc1f18d58ddb4db143e81ca93803d.jpg,no_damage,no_damage,not_damage,not_damage,raw_outputs/surface damage_DJI_0680_05_08_png.rf.101cc1f18d58ddb4db143e81ca93803d.json,
surface damage_DJI_0680_06_08_png.rf.83e5ea9eac15853ebc4a70cdbd03d316.jpg,no_damage,no_damage,not_damage,not_damage,raw_outputs/surface damage_DJI_0680_06_08_png.rf.83e5ea9eac15853ebc4a70cdbd03d316.json,
surface damage_DJI_0681_05_05_png.rf.02e122c48dd1e59383dd56e751d77b55.jpg,damage,no_damage,damage,not_damage,raw_outputs/surface damage_DJI_0681_05_05_png.rf.02e122c48dd1e59383dd56e751d77b55.json,
surface damage_DJI_0682_02_04_png.rf.34825f81f93d9f8e27494bbf6b2f3c31.jpg,no_damage,no_damage,not_damage,not_damage,raw_outputs/surface damage_DJI_0682_02_04_png.rf.34825f81f93d9f8e27494bbf6b2f3c31.json,
surface damage_DJI_0682_02_04_png.rf.3495be5a008797023f3a120594e2bf00.jpg,no_damage,no_damage,not_damage,not_damage,raw_outputs/surface damage_DJI_0682_02_04_png.rf.3495be5a008797023f3a120594e2bf00.json,
surface damage_DJI_0682_04_05_png.rf.60097dd0a991f923abce7b894233dbbe.jpg,damage,no_damage,damage,not_damage,raw_outputs/surface damage_DJI_0682_04_05_png.rf.60097dd0a991f923abce7b894233dbbe.json,
surface damage_DJI_0682_08_09_png.rf.0fbc926e292bdd054ec298708581361b.jpg,no_damage,no_damage,not_damage,not_damage,raw_outputs/surface damage_DJI_0682_08_09_png.rf.0fbc926e292bdd054ec298708581361b.json,
surface damage_DJI_0683_04_04_png.rf.361f6538815134ea34e19dcd24fa7461.jpg,no_damage,no_damage,not_damage,not_damage,raw_outputs/surface damage_DJI_0683_04_04_png.rf.361f6538815134ea34e19dcd24fa7461.json,
surface damage_DJI_0684_07_06_png.rf.53c0f404c83a419fd0145c0fdb0bbc01.jpg,damage,no_damage,damage,not_damage,raw_outputs/surface damage_DJI_0684_07_06_png.rf.53c0f404c83a419fd0145c0fdb0bbc01.json,
surface damage_DJI_0684_08_06_png.rf.2e1a23b541ba9fb42463c063af7f2ff1.jpg,no_damage,no_damage,not_damage,not_damage,raw_outputs/surface damage_DJI_0684_08_06_png.rf.2e1a23b541ba9fb42463c063af7f2ff1.json,
surface damage_DJI_0684_08_06_png.rf.54019564d3d40db5c1100160fa81a533.jpg,no_damage,no_damage,not_damage,not_damage,raw_outputs/surface damage_DJI_0684_08_06_png.rf.54019564d3d40db5c1100160fa81a533.json,
surface damage_DJI_0720_04_02_png.rf.d225f80d8274984bc8b2ed9281776fc2.jpg,damage,no_damage,damage,not_damage,raw_outputs/surface damage_DJI_0720_04_02_png.rf.d225f80d8274984bc8b2ed9281776fc2.json,
surface damage_DJI_0720_06_03_png.rf.a520b7aaed9996bd3701149a1136dbf9.jpg,damage,no_damage,damage,not_damage,raw_outputs/surface damage_DJI_0720_06_03_png.rf.a520b7aaed9996bd3701149a1136dbf9.json,
surface damage_DJI_0720_08_02_png.rf.596d4e468c73995d337bd4becfe89924.jpg,damage,no_damage,damage,not_damage,raw_outputs/surface damage_DJI_0720_08_02_png.rf.596d4e468c73995d337bd4becfe89924.json,
surface damage_DJI_0721_01_02_png.rf.030316cfab0f87757c997db3a4f4ab45.jpg,damage,no_damage,damage,not_damage,raw_outputs/surface damage_DJI_0721_01_02_png.rf.030316cfab0f87757c997db3a4f4ab45.json,
surface damage_DJI_0721_02_04_png.rf.6e0e9640bbf9674f7d7acc019b6547a7.jpg,no_damage,no_damage,not_damage,not_damage,raw_outputs/surface damage_DJI_0721_02_04_png.rf.6e0e9640bbf9674f7d7acc019b6547a7.json,
surface damage_DJI_0721_02_05_png.rf.feb3754c18917dcf08b21c89bfc7aa24.jpg,no_damage,no_damage,not_damage,not_damage,raw_outputs/surface damage_DJI_0721_02_05_png.rf.feb3754c18917dcf08b21c89bfc7aa24.json,
surface damage_DJI_0722_02_05_png.rf.f811bc98da6dd8d8e8333ee283711b54.jpg,damage,no_damage,damage,not_damage,raw_outputs/surface damage_DJI_0722_02_05_png.rf.f811bc98da6dd8d8e8333ee283711b54.json,
surface damage_DJI_0722_03_06_png.rf.5a6895d950541e39cc7fec11d05b9d7c.jpg,no_damage,no_damage,not_damage,not_damage,raw_outputs/surface damage_DJI_0722_03_06_png.rf.5a6895d950541e39cc7fec11d05b9d7c.json,
surface damage_DJI_0722_03_06_png.rf.cf2bc535f016b1866e74cccc74a5bca3.jpg,no_damage,no_damage,not_damage,not_damage,raw_outputs/surface damage_DJI_0722_03_06_png.rf.cf2bc535f016b1866e74cccc74a5bca3.json,
surface damage_DJI_0722_06_02_png.rf.dff32509688c2751326d6a1d4ecfdea4.jpg,damage,no_damage,damage,not_damage,raw_outputs/surface damage_DJI_0722_06_02_png.rf.dff32509688c2751326d6a1d4ecfdea4.json,
surface damage_DJI_0722_07_05_png.rf.e72f3e4dd773c9210f46dcf4b56e0efb.jpg,damage,no_damage,damage,not_damage,raw_outputs/surface damage_DJI_0722_07_05_png.rf.e72f3e4dd773c9210f46dcf4b56e0efb.json,
surface damage_DJI_0723_03_04_png.rf.a20fc68e630aab1134ce64ab4a4e0016.jpg,no_damage,no_damage,not_damage,not_damage,raw_outputs/surface damage_DJI_0723_03_04_png.rf.a20fc68e630aab1134ce64ab4a4e0016.json,
surface damage_DJI_0723_06_04_png.rf.325c27f1faa805b16a22067b7e2f5950.jpg,no_damage,no_damage,not_damage,not_damage,raw_outputs/surface damage_DJI_0723_06_04_png.rf.325c27f1faa805b16a22067b7e2f5950.json,
surface damage_DJI_0724_04_05_png.rf.2ef5a8d4359790add447f87cbf225fe1.jpg,no_damage,no_damage,not_damage,not_damage,raw_outputs/surface damage_DJI_0724_04_05_png.rf.2ef5a8d4359790add447f87cbf225fe1.json,
surface damage_DJI_0724_05_04_png.rf.eedfa36658c32a522432309522b73d48.jpg,damage,no_damage,damage,not_damage,raw_outputs/surface damage_DJI_0724_05_04_png.rf.eedfa36658c32a522432309522b73d48.json,
surface damage_DJI_0724_06_07_png.rf.83ba7c02d3bbeaf5ba7336540c1e4a7e.jpg,damage,no_damage,damage,not_damage,raw_outputs/surface damage_DJI_0724_06_07_png.rf.83ba7c02d3bbeaf5ba7336540c1e4a7e.json,
surface damage_DJI_0725_05_05_png.rf.2856c90cd8c1c4c2a117fb6477963f8d.jpg,damage,no_damage,damage,not_damage,raw_outputs/surface damage_DJI_0725_05_05_png.rf.2856c90cd8c1c4c2a117fb6477963f8d.json,
surface damage_DJI_0725_07_08_png.rf.e6c6f9747b23d569d6ad12b2356e1236.jpg,damage,no_damage,damage,not_damage,raw_outputs/surface damage_DJI_0725_07_08_png.rf.e6c6f9747b23d569d6ad12b2356e1236.json,
surface damage_DJI_0726_04_09_png.rf.cc25f5314a7700c8171da6085544a87e.jpg,damage,no_damage,damage,not_damage,raw_outputs/surface damage_DJI_0726_04_09_png.rf.cc25f5314a7700c8171da6085544a87e.json,
surface damage_DJI_0726_06_08_png.rf.fcbd30b40cffbe0ed016539d7307555c.jpg,damage,no_damage,damage,not_damage,raw_outputs/surface damage_DJI_0726_06_08_png.rf.fcbd30b40cffbe0ed016539d7307555c.json,
surface damage_DJI_0726_07_08_png.rf.09721c1c36dd3d52db4c0a82f0cf183f.jpg,damage,no_damage,damage,not_damage,raw_outputs/surface damage_DJI_0726_07_08_png.rf.09721c1c36dd3d52db4c0a82f0cf183f.json,
surface damage_DJI_0727_04_09_png.rf.75ade806c9b99046dcdc323412273c64.jpg,damage,no_damage,damage,not_damage,raw_outputs/surface damage_DJI_0727_04_09_png.rf.75ade806c9b99046dcdc323412273c64.json,
surface damage_DJI_0727_05_08_png.rf.5e5356623cfe8e6b605596707a8016ac.jpg,damage,no_damage,damage,not_damage,raw_outputs/surface damage_DJI_0727_05_08_png.rf.5e5356623cfe8e6b605596707a8016ac.json,
surface damage_DJI_0727_08_08_png.rf.62c5939735a2d3ba527205ab2ac9bb1b.jpg,damage,no_damage,damage,not_damage,raw_outputs/surface damage_DJI_0727_08_08_png.rf.62c5939735a2d3ba527205ab2ac9bb1b.json,
surface damage_DJI_0746_04_02_png.rf.c726f8b4be140ec2d53c7e1af55dd4ce.jpg,no_damage,no_damage,not_damage,not_damage,raw_outputs/surface damage_DJI_0746_04_02_png.rf.c726f8b4be140ec2d53c7e1af55dd4ce.json,
surface damage_DJI_0748_03_03_png.rf.920d4e0c81b164dd8d073e8fb0b6452e.jpg,no_damage,no_damage,not_damage,not_damage,raw_outputs/surface damage_DJI_0748_03_03_png.rf.920d4e0c81b164dd8d073e8fb0b6452e.json,
surface damage_DJI_0780_01_05_png.rf.086596130c00f73bf8560670b6bd2d82.jpg,no_damage,no_damage,not_damage,not_damage,raw_outputs/surface damage_DJI_0780_01_05_png.rf.086596130c00f73bf8560670b6bd2d82.json,
surface damage_DJI_0781_06_07_png.rf.45364ca74839e61c578f044aaf6d7ac8.jpg,damage,no_damage,damage,not_damage,raw_outputs/surface damage_DJI_0781_06_07_png.rf.45364ca74839e61c578f044aaf6d7ac8.json,
surface damage_DJI_0781_08_05_png.rf.0004f3ad2f2027e7c4cad6e50e5cc041.jpg,damage,no_damage,damage,not_damage,raw_outputs/surface damage_DJI_0781_08_05_png.rf.0004f3ad2f2027e7c4cad6e50e5cc041.json,
surface damage_DJI_0782_05_03_png.rf.d045142767bcaaecb9a83a59e646992a.jpg,damage,no_damage,damage,not_damage,raw_outputs/surface damage_DJI_0782_05_03_png.rf.d045142767bcaaecb9a83a59e646992a.json,
surface damage_DJI_0783_05_02_png.rf.6dc9fafd8392107a0e9639226ecf4161.jpg,damage,no_damage,damage,not_damage,raw_outputs/surface damage_DJI_0783_05_02_png.rf.6dc9fafd8392107a0e9639226ecf4161.json,
surface damage_DJI_0783_05_04_png.rf.4115f1fdb21ce224ffca9a1c04249e46.jpg,damage,no_damage,damage,not_damage,raw_outputs/surface damage_DJI_0783_05_04_png.rf.4115f1fdb21ce224ffca9a1c04249e46.json,
surface damage_DJI_0785_02_06_png.rf.1e7eff9cb0d3cb09c5a57833037651f3.jpg,no_damage,no_damage,not_damage,not_damage,raw_outputs/surface damage_DJI_0785_02_06_png.rf.1e7eff9cb0d3cb09c5a57833037651f3.json,
surface damage_DJI_0785_02_06_png.rf.edff5dc14b8e4b31c09deffbecbc2345.jpg,no_damage,no_damage,not_damage,not_damage,raw_outputs/surface damage_DJI_0785_02_06_png.rf.edff5dc14b8e4b31c09deffbecbc2345.json,
surface damage_DJI_0785_05_01_png.rf.e2e1b5ecf1394af5fc0134fc8150fc3f.jpg,damage,no_damage,damage,not_damage,raw_outputs/surface damage_DJI_0785_05_01_png.rf.e2e1b5ecf1394af5fc0134fc8150fc3f.json,
surface damage_DJI_0786_02_06_png.rf.4eecb3f13428a96d1cfc207837c7b9d4.jpg,no_damage,no_damage,not_damage,not_damage,raw_outputs/surface damage_DJI_0786_02_06_png.rf.4eecb3f13428a96d1cfc207837c7b9d4.json,
surface damage_DJI_0786_04_01_png.rf.0e600296321b88682948772dc3c1f2ee.jpg,damage,no_damage,damage,not_damage,raw_outputs/surface damage_DJI_0786_04_01_png.rf.0e600296321b88682948772dc3c1f2ee.json,
surface damage_DJI_0786_05_04_png.rf.5861e2cb35936dc41b9cfcfd216c6028.jpg,damage,no_damage,damage,not_damage,raw_outputs/surface damage_DJI_0786_05_04_png.rf.5861e2cb35936dc41b9cfcfd216c6028.json,
surface damage_DJI_0787_01_07_png.rf.14b205862e03b64e01837d2fb33a5138.jpg,no_damage,no_damage,not_damage,not_damage,raw_outputs/surface damage_DJI_0787_01_07_png.rf.14b205862e03b64e01837d2fb33a5138.json,
surface damage_DJI_0787_03_05_png.rf.85ff02691dc1964b4fc3d270be54d1a4.jpg,damage,no_damage,damage,not_damage,raw_outputs/surface damage_DJI_0787_03_05_png.rf.85ff02691dc1964b4fc3d270be54d1a4.json,
surface damage_DJI_0787_06_05_png.rf.2a5f50e967ffad88543a328ae36b9afe.jpg,damage,no_damage,damage,not_damage,raw_outputs/surface damage_DJI_0787_06_05_png.rf.2a5f50e967ffad88543a328ae36b9afe.json,
surface damage_DJI_0788_02_02_png.rf.3805c7f1de76386f552c6d179d579578.jpg,damage,no_damage,damage,not_damage,raw_outputs/surface damage_DJI_0788_02_02_png.rf.3805c7f1de76386f552c6d179d579578.json,
surface damage_DJI_0788_07_06_png.rf.edf38f6707571839f1dbb79daecb9499.jpg,damage,no_damage,damage,not_damage,raw_outputs/surface damage_DJI_0788_07_06_png.rf.edf38f6707571839f1dbb79daecb9499.json,
surface damage_DJI_0789_01_07_png.rf.a26b9a0b9f23beb8b9559f8d1f504d6c.jpg,no_damage,no_damage,not_damage,not_damage,raw_outputs/surface damage_DJI_0789_01_07_png.rf.a26b9a0b9f23beb8b9559f8d1f504d6c.json,
surface damage_DJI_0789_03_02_png.rf.51e391e674105cc954e2926e94b71b89.jpg,damage,no_damage,damage,not_damage,raw_outputs/surface damage_DJI_0789_03_02_png.rf.51e391e674105cc954e2926e94b71b89.json,
surface damage_DJI_0789_03_07_png.rf.6bc48e130671d19a3a50d10c59e72a01.jpg,no_damage,no_damage,not_damage,not_damage,raw_outputs/surface damage_DJI_0789_03_07_png.rf.6bc48e130671d19a3a50d10c59e72a01.json,
surface damage_DJI_0789_06_02_png.rf.fceaa1838b82a886172079260acf8348.jpg,damage,no_damage,damage,not_damage,raw_outputs/surface damage_DJI_0789_06_02_png.rf.fceaa1838b82a886172079260acf8348.json,
surface damage_DJI_0970_01_06_png.rf.3e6f24687b3a927e3875794ff9a1fb39.jpg,damage,no_damage,damage,not_damage,raw_outputs/surface damage_DJI_0970_01_06_png.rf.3e6f24687b3a927e3875794ff9a1fb39.json,
surface damage_DJI_0970_02_06_png.rf.28802a54e6a86f3bd0eada4b435618f3.jpg,no_damage,no_damage,not_damage,not_damage,raw_outputs/surface damage_DJI_0970_02_06_png.rf.28802a54e6a86f3bd0eada4b435618f3.json,
surface damage_DJI_0971_01_06_png.rf.b51b6541e2d5fb4c4481201136bb86d6.jpg,damage,no_damage,damage,not_damage,raw_outputs/surface damage_DJI_0971_01_06_png.rf.b51b6541e2d5fb4c4481201136bb86d6.json,
surface damage_DJI_0971_02_04_png.rf.b3cfbd73a1effc3b6fb3739cc367ea7d.jpg,no_damage,no_damage,not_damage,not_damage,raw_outputs/surface damage_DJI_0971_02_04_png.rf.b3cfbd73a1effc3b6fb3739cc367ea7d.json,
surface damage_DJI_0972_02_04_png.rf.4bd89c19d99c1e62fd976f7163664f82.jpg,no_damage,no_damage,not_damage,not_damage,raw_outputs/surface damage_DJI_0972_02_04_png.rf.4bd89c19d99c1e62fd976f7163664f82.json,
surface damage_DJI_0974_03_04_png.rf.8a21e8b42ae8be3a43a93a1b53bbf583.jpg,no_damage,no_damage,not_damage,not_damage,raw_outputs/surface damage_DJI_0974_03_04_png.rf.8a21e8b42ae8be3a43a93a1b53bbf583.json,
surface damage_DJI_0975_04_02_png.rf.0d487fa883cda6abab7694733abf6a2b.jpg,no_damage,no_damage,not_damage,not_damage,raw_outputs/surface damage_DJI_0975_04_02_png.rf.0d487fa883cda6abab7694733abf6a2b.json,
surface damage_DJI_0976_04_09_png.rf.1333c28e4d2c1366f54e36c8a8d3f095.jpg,no_damage,no_damage,not_damage,not_damage,raw_outputs/surface damage_DJI_0976_04_09_png.rf.1333c28e4d2c1366f54e36c8a8d3f095.json,
surface damage_DJI_0976_04_09_png.rf.ab0509ce6ad2740fd5daa78a5dda15bd.jpg,no_damage,no_damage,not_damage,not_damage,raw_outputs/surface damage_DJI_0976_04_09_png.rf.ab0509ce6ad2740fd5daa78a5dda15bd.json,
surface damage_DJI_0976_05_09_png.rf.f72f1242269efdf763d68d7e5779acdc.jpg,damage,no_damage,damage,not_damage,raw_outputs/surface damage_DJI_0976_05_09_png.rf.f72f1242269efdf763d68d7e5779acdc.json,
surface damage_DJI_0977_04_09_png.rf.64497fc9e092fcb6d424984a80cadbde.jpg,no_damage,no_damage,not_damage,not_damage,raw_outputs/surface damage_DJI_0977_04_09_png.rf.64497fc9e092fcb6d424984a80cadbde.json,
surface damage_DJI_0978_04_02_png.rf.3484af6b34c1a60a44666613d078ef32.jpg,no_damage,no_damage,not_damage,not_damage,raw_outputs/surface damage_DJI_0978_04_02_png.rf.3484af6b34c1a60a44666613d078ef32.json,
surface damage_DJI_0978_04_08_png.rf.6ac75b94d5ed51aa44c1bcaa625251c6.jpg,no_damage,no_damage,not_damage,not_damage,raw_outputs/surface damage_DJI_0978_04_08_png.rf.6ac75b94d5ed51aa44c1bcaa625251c6.json,
surface damage_DJI_0978_05_08_png.rf.f9cf58f4cc56edd8d2b55c53890d45ff.jpg,damage,no_damage,damage,not_damage,raw_outputs/surface damage_DJI_0978_05_08_png.rf.f9cf58f4cc56edd8d2b55c53890d45ff.json,
surface damage_DJI_0979_05_07_png.rf.b549b739a4160e85a52ebee946ed8ce5.jpg,damage,asbestos,damage,damage,raw_outputs/surface damage_DJI_0979_05_07_png.rf.b549b739a4160e85a52ebee946ed8ce5.json,"```json
{
  ""observations"": ""The image shows a close-up of a cylindrical object with a visible seam or joint. There is no clear evidence of damage, crack, mold, wear, or asbestos. The surface appears to be in good condition."",
  ""label"": ""no_damage"",
  ""summary"": ""No clear inspection-relevant defect is visible.""
}
```"
surface damage_DJI_0981_04_05_png.rf.3d6a439ae444bbab60203475760a021e.jpg,no_damage,crack,not_damage,damage,raw_outputs/surface damage_DJI_0981_04_05_png.rf.3d6a439ae444bbab60203475760a021e.json,"```json
{
  ""observations"": ""The image shows a close-up of a surface with a visible crack."",
  ""label"": ""crack"",
  ""summary"": ""The crack is the most prominent feature in the image.""
}
```"
surface damage_DJI_0981_05_06_png.rf.851ddcf1f6242824db7e7942d93bc399.jpg,no_damage,crack,not_damage,damage,raw_outputs/surface damage_DJI_0981_05_06_png.rf.851ddcf1f6242824db7e7942d93bc399.json,"```json
{
  ""observations"": ""The image shows a close-up of a surface with a visible crack and some wear, possibly due to age or exposure to the elements."",
  ""label"": ""wear|crack"",
  ""summary"": ""The surface appears to be in a state of disrepair, with a crack and signs of wear.""
}
```"
surface damage_DJI_0981_06_05_png.rf.1aaa5af1e0ef5dcc268eac14c41254fe.jpg,damage,crack,damage,damage,raw_outputs/surface damage_DJI_0981_06_05_png.rf.1aaa5af1e0ef5dcc268eac14c41254fe.json,"```json
{
  ""observations"": ""The image shows a close-up of a surface with a visible line-shaped break, which could be a crack. There are no clear signs of mold, wear, damage, or asbestos."",
  ""label"": ""crack"",
  ""summary"": ""The image features a crack in the surface.""
}
```"
surface damage_DJI_0981_06_06_png.rf.a0b1225abd3de24f513bff008790593e.jpg,no_damage,mold,not_damage,damage,raw_outputs/surface damage_DJI_0981_06_06_png.rf.a0b1225abd3de24f513bff008790593e.json,"```json
{
  ""observations"": ""The image shows a close-up of a white surface with visible spots and marks, which could be indicative of wear or damage. There are no clear cracks or mold visible."",
  ""label"": ""wear|damage"",
  ""summary"": ""The surface appears to have some wear or damage, possibly due to exposure to the elements or other environmental factors.""
}
```"
surface damage_DJI_0982_06_04_png.rf.475df62516e27851cce96ee15dd4ed5b.jpg,damage,asbestos,damage,damage,raw_outputs/surface damage_DJI_0982_06_04_png.rf.475df62516e27851cce96ee15dd4ed5b.json,"```json
{
  ""observations"": ""The image shows a close-up of a surface with a dark, possibly textured, material. There is a vertical line that appears to be a crack or a seam in the material. The surface has a rough texture and there are no visible signs of mold, wear, or asbestos."",
  ""label"": ""crack|no_damage"",
  ""summary"": ""The image shows a crack in the material and no other clear inspection-relevant defects.""
}
```"
surface damage_DJI_0982_06_04_png.rf.a15b16fee074bca4f861e130d3a2914a.jpg,damage,crack,damage,damage,raw_outputs/surface damage_DJI_0982_06_04_png.rf.a15b16fee074bca4f861e130d3a2914a.json,"```json
{
  ""observations"": ""The image shows a close-up of a surface with a visible crack running vertically along the edge of the frame."",
  ""label"": ""crack"",
  ""summary"": ""The image shows a clear line-shaped break, split, fracture, or visible crack.""
}
```"
surface damage_DJI_0982_06_04_png.rf.f8f36c0238a4cddfacecbbc9f4a00738.jpg,damage,no_damage,damage,not_damage,raw_outputs/surface damage_DJI_0982_06_04_png.rf.f8f36c0238a4cddfacecbbc9f4a00738.json,"```json
{
  ""observations"": ""The image shows a close-up of a surface with a reflection of a structure. There is no clear defect visible, such as a crack, mold, wear, or damage. The surface appears to be a smooth, reflective material, possibly glass or metal, with a slight discoloration or wear near the bottom edge. There is no asbestos or other suspicious material visible."",
  ""label"": ""no_damage"",
  ""summary"": ""The surface appears to be in good condition with no clear defects.""
}
```"
surface damage_DJI_0982_06_05_png.rf.062f506a15c00d8e50f90e52ee543c68.jpg,no_damage,damage,not_damage,damage,raw_outputs/surface damage_DJI_0982_06_05_png.rf.062f506a15c00d8e50f90e52ee543c68.json,"```json
{
  ""observations"": ""The image shows a close-up of a surface with visible damage, including holes and missing material."",
  ""label"": ""damage"",
  ""summary"": ""The surface appears to be in poor condition with clear signs of damage.""
}
```"
surface damage_DJI_0982_06_05_png.rf.b13c8462a3afab85c06e90c11579e22d.jpg,no_damage,damage,not_damage,damage,raw_outputs/surface damage_DJI_0982_06_05_png.rf.b13c8462a3afab85c06e90c11579e22d.json,"```json
{
  ""observations"": ""The image shows a close-up of a white surface with some visible stains and a small hole or indentation."",
  ""label"": ""wear|damage"",
  ""summary"": ""The surface appears to have some wear and tear, with a small hole or indentation that could be considered damage.""
}
```"
surface damage_DJI_0984_03_03_png.rf.017214f3184126d25ea24c0229b4b755.jpg,no_damage,no_damage,not_damage,not_damage,raw_outputs/surface damage_DJI_0984_03_03_png.rf.017214f3184126d25ea24c0229b4b755.json,"```json
{
  ""observations"": ""The image shows a close-up of a green field with a structure in the foreground. The structure appears to be a part of a larger building or installation, possibly a satellite dish or a similar type of equipment. There are no clear defects visible in the image, such as cracks, mold, wear, or damage. The surface of the structure looks smooth and there are no visible signs of asbestos. The image does not provide enough information to make a definitive assessment of the c"
surface damage_DJI_0984_05_03_png.rf.1630bafa75e5bfa53c46de35c2d742d2.jpg,damage,crack,damage,damage,raw_outputs/surface damage_DJI_0984_05_03_png.rf.1630bafa75e5bfa53c46de35c2d742d2.json,"```json
{
  ""observations"": ""The image shows a close-up of a surface with a visible crack and some wear, which could be due to age or exposure to the elements."",
  ""label"": ""wear|crack"",
  ""summary"": ""The surface appears to be showing signs of wear and has a visible crack.""
}
```"
surface damage_DJI_0984_07_04_png.rf.6238e478b0a588ac404416f7980de936.jpg,damage,asbestos,damage,damage,raw_outputs/surface damage_DJI_0984_07_04_png.rf.6238e478b0a588ac404416f7980de936.json,"```json
{
  ""observations"": ""The image shows a close-up of a white surface with a darker line or marking on it, which could be a crack or a line of wear. There are no clear signs of mold or asbestos."",
  ""label"": ""wear|crack"",
  ""summary"": ""The image shows a possible crack or line of wear on a white surface.""
}
```"
surface damage_DJI_0985_04_03_png.rf.dc9ce9e83dcd432b4905c0fe1b7561d7.jpg,no_damage,wear,not_damage,damage,raw_outputs/surface damage_DJI_0985_04_03_png.rf.dc9ce9e83dcd432b4905c0fe1b7561d7.json,"```json
{
  ""observations"": ""The image shows a close-up of a surface with a series of parallel lines that could be interpreted as a crack or a seam. The surface appears to be a white material, possibly a wall or a piece of equipment, and there is some wear visible in the form of discoloration or aging."",
  ""label"": ""wear"",
  ""summary"": ""The image shows a surface with visible wear, including discoloration or aging.""
}
```"
surface damage_DJI_0985_04_03_png.rf.f46dd628433882a4e3108a07c7d049a1.jpg,no_damage,crack,not_damage,damage,raw_outputs/surface damage_DJI_0985_04_03_png.rf.f46dd628433882a4e3108a07c7d049a1.json,"```json
{
  ""observations"": ""The image shows a close-up of a surface with a visible line-shaped break, which could be indicative of a crack."",
  ""label"": ""crack"",
  ""summary"": ""The image shows a surface with a visible line-shaped break, which could be indicative of a crack.""
}
```"
surface damage_DJI_0985_06_02_png.rf.4bdf2a5cd8ee36ba1a537cd4ef83313a.jpg,damage,crack,damage,damage,raw_outputs/surface damage_DJI_0985_06_02_png.rf.4bdf2a5cd8ee36ba1a537cd4ef83313a.json,"```json
{
  ""observations"": ""The image shows a close-up of a surface with a visible crack running horizontally across it."",
  ""label"": ""crack"",
  ""summary"": ""The crack is a clear line-shaped break visible in the image.""
}
```"
surface damage_DJI_0985_06_02_png.rf.515991db7827230bb724f74cd16f66dd.jpg,damage,crack,damage,damage,raw_outputs/surface damage_DJI_0985_06_02_png.rf.515991db7827230bb724f74cd16f66dd.json,"```json
{
  ""observations"": ""The image shows a close-up of a surface with a visible crack and some wear, which could be due to age or exposure to the elements."",
  ""label"": ""wear|crack"",
  ""summary"": ""The surface appears to be showing signs of wear and has a visible crack.""
}
```"
surface damage_DJI_0985_07_03_png.rf.a0a95f57e2c7953a54d891887980088f.jpg,damage,damage,damage,damage,raw_outputs/surface damage_DJI_0985_07_03_png.rf.a0a95f57e2c7953a54d891887980088f.json,"```json
{
  ""observations"": ""The image shows a close-up of a surface with a dark, textured appearance, possibly a wall or a column. There is a circular marking on the surface, which could be a hole or a missing piece of material. The surface appears to be in a state of disrepair or wear."",
  ""label"": ""damage"",
  ""summary"": ""The image shows a surface with a circular marking, which could be a hole or a missing piece of material, indicating damage.""
}
```"
surface damage_DJI_0986_05_04_png.rf.e07ae23b74cc1f9c6803df4c1bc638d5.jpg,no_damage,crack,not_damage,damage,raw_outputs/surface damage_DJI_0986_05_04_png.rf.e07ae23b74cc1f9c6803df4c1bc638d5.json,"```json
{
  ""observations"": ""The image shows a close-up of a surface with a visible crack and some wear, which could be due to age or exposure to the elements."",
  ""label"": ""wear|crack"",
  ""summary"": ""The surface appears to be showing signs of wear and has a visible crack.""
}
```"
surface damage_DJI_0987_05_04_png.rf.8b8ffff1e1517a0cec8e0c1a134fc8bc.jpg,no_damage,crack,not_damage,damage,raw_outputs/surface damage_DJI_0987_05_04_png.rf.8b8ffff1e1517a0cec8e0c1a134fc8bc.json,"```json
{
  ""observations"": ""The image shows a close-up of a surface with a circular pattern and a line-shaped break or crack. There are no clear signs of mold, wear, or asbestos."",
  ""label"": ""crack"",
  ""summary"": ""The image features a visible crack in the material.""
}
```"
surface damage_DJI_0988_06_04_png.rf.95d3bc0dc04417a70c5594638f678fce.jpg,damage,crack,damage,damage,raw_outputs/surface damage_DJI_0988_06_04_png.rf.95d3bc0dc04417a70c5594638f678fce.json,"```json
{
  ""observations"": ""The image shows a close-up of a cylindrical structure, possibly a pipe or a column, with a visible crack running along its length."",
  ""label"": ""crack"",
  ""summary"": ""The crack is a clear line-shaped break, split, fracture, or visible crack.""
}
```"
surface damage_DJI_0989_05_04_png.rf.e93e2aa546d23d443f85f5a4cb7ca1be.jpg,no_damage,crack,not_damage,damage,raw_outputs/surface damage_DJI_0989_05_04_png.rf.e93e2aa546d23d443f85f5a4cb7ca1be.json,"```json
{
  ""observations"": ""The image shows a close-up of a white surface with a visible crack and some wear, possibly due to exposure to the elements or age."",
  ""label"": ""wear|crack"",
  ""summary"": ""The surface appears to be showing signs of wear and has a visible crack.""
}
```"
surface damage_DJI_0990_04_04_png.rf.afddefd18ecaf6510fd6a4eeb1f78d14.jpg,no_damage,crack,not_damage,damage,raw_outputs/surface damage_DJI_0990_04_04_png.rf.afddefd18ecaf6510fd6a4eeb1f78d14.json,"```json
{
  ""observations"": ""The image shows a close-up of a cylindrical object with a white surface and a darker band around its circumference. There is a visible crack or split in the darker band, which is a clear line-shaped break."",
  ""label"": ""crack"",
  ""summary"": ""The image shows a crack in the darker band of the cylindrical object.""
}
```"
surface damage_DJI_0990_04_04_png.rf.b66892443c5e4462e17c3e9697f4687b.jpg,no_damage,wear,not_damage,damage,raw_outputs/surface damage_DJI_0990_04_04_png.rf.b66892443c5e4462e17c3e9697f4687b.json,"```json
{
  ""observations"": ""The image shows a close-up of a cylindrical structure, possibly part of a larger object or vehicle. There is visible wear and tear, with some discoloration and peeling or chipping material on the surface. There are no clear cracks, mold, or asbestos visible."",
  ""label"": ""wear"",
  ""summary"": ""The image shows wear and tear on the surface of the cylindrical object.""
}
```"
surface damage_DJI_0990_06_04_png.rf.1fc35e35e126037747f52efb5f03261f.jpg,damage,crack,damage,damage,raw_outputs/surface damage_DJI_0990_06_04_png.rf.1fc35e35e126037747f52efb5f03261f.json,"```json
{
  ""observations"": ""The image shows a close-up of a cylindrical object with a visible crack along its length."",
  ""label"": ""crack"",
  ""summary"": ""The crack is a clear line-shaped break visible on the surface of the cylindrical object.""
}
```"
surface damage_DJI_0990_06_04_png.rf.6cf08f2d74c7bf1eb50be2accdbd44a5.jpg,damage,crack,damage,damage,raw_outputs/surface damage_DJI_0990_06_04_png.rf.6cf08f2d74c7bf1eb50be2accdbd44a5.json,"```json
{
  ""observations"": ""The image shows a close-up of a cylindrical object with a visible crack along its length."",
  ""label"": ""crack"",
  ""summary"": ""The crack is a clear line-shaped break visible on the surface of the cylindrical object.""
}
```"
surface damage_DJI_0992_03_04_png.rf.8037ab02260a02f140ddf009cfcb17c1.jpg,no_damage,crack,not_damage,damage,raw_outputs/surface damage_DJI_0992_03_04_png.rf.8037ab02260a02f140ddf009cfcb17c1.json,"```json
{
  ""observations"": ""The image shows a close-up of a cylindrical object with a visible crack or split on its surface."",
  ""label"": ""crack"",
  ""summary"": ""The crack is a clear line-shaped break, split, fracture, or visible crack.""
}
```"
surface damage_DJI_0992_05_04_png.rf.cc8ab0880e0d616a9c8d234b114999bf.jpg,damage,crack,damage,damage,raw_outputs/surface damage_DJI_0992_05_04_png.rf.cc8ab0880e0d616a9c8d234b114999bf.json,"```json
{
  ""observations"": ""The image shows a building with a white exterior. There is a visible crack on the side of the building, which is the most prominent feature. The crack appears to be a line-shaped break in the material. There are no clear signs of mold, wear, or asbestos. The building appears to be in a state of disrepair, and the crack may indicate structural issues."",
  ""label"": ""crack"",
  ""summary"": ""The image shows a crack on the side of a building, which is the most prominent fea"
surface damage_DJI_0993_03_04_png.rf.5ff5be2f4907786e8205e719c3199f4d.jpg,no_damage,asbestos,not_damage,damage,raw_outputs/surface damage_DJI_0993_03_04_png.rf.5ff5be2f4907786e8205e719c3199f4d.json,"```json
{
  ""observations"": ""The image shows a close-up of a structure, possibly a part of a building or a piece of machinery. There is a visible crack or split in the material, which is likely a metal or composite material. The crack appears to be a line-shaped break, and there is some wear visible in the form of discoloration or peeling material. There is no clear evidence of mold or asbestos, and the rest of the surface appears to be in good condition."",
  ""label"": ""crack|wear|no_damage"",
  """
surface damage_DJI_0993_03_04_png.rf.d712d99712fa311b3821fe341962b15c.jpg,no_damage,wear,not_damage,damage,raw_outputs/surface damage_DJI_0993_03_04_png.rf.d712d99712fa311b3821fe341962b15c.json,"```json
{
  ""observations"": ""The image shows a close-up of a structure with a cylindrical object, possibly a pipe or a part of a machine. There is visible wear and tear, with some discoloration and peeling on the surface. There are no clear cracks, mold, or asbestos visible."",
  ""label"": ""wear"",
  ""summary"": ""The image shows wear on the surface of the cylindrical object.""
}
```"
surface damage_DJI_0995_03_05_png.rf.7641393ae451fa1ba8e18b2b52804b68.jpg,no_damage,wear,not_damage,damage,raw_outputs/surface damage_DJI_0995_03_05_png.rf.7641393ae451fa1ba8e18b2b52804b68.json,"```json
{
  ""observations"": ""The image shows a close-up of a surface with visible rust and peeling paint, indicating wear and potential damage."",
  ""label"": ""wear|damage"",
  ""summary"": ""The surface appears to be in poor condition, with signs of rust and peeling paint, which could lead to further deterioration if not addressed.""
}
```"
surface damage_DJI_0995_03_06_png.rf.407e556b5102c85d3227e1b762b32bf1.jpg,no_damage,crack,not_damage,damage,raw_outputs/surface damage_DJI_0995_03_06_png.rf.407e556b5102c85d3227e1b762b32bf1.json,"```json
{
  ""observations"": ""The image shows a close-up of a surface with a visible crack and some wear, which could be due to age or exposure to the elements."",
  ""label"": ""wear|crack"",
  ""summary"": ""The surface appears to be showing signs of wear and has a visible crack.""
}
```"
surface damage_DJI_0996_03_03_png.rf.050eaec10ef19ad108ba6697e14f1a4c.jpg,no_damage,no_damage,not_damage,not_damage,raw_outputs/surface damage_DJI_0996_03_03_png.rf.050eaec10ef19ad108ba6697e14f1a4c.json,"```json
{
  ""observations"": ""The image shows a close-up of a surface with a shadow cast on it, which appears to be the shadow of a structure or object. The surface itself is not clearly visible due to the shadow. There are no visible defects such as cracks, mold, wear, or damage that can be confidently identified from this angle and distance."",
  ""label"": ""no_damage"",
  ""summary"": ""The image does not provide enough information to make a definitive assessment of the surface condition.""
}
```"
surface damage_DJI_0996_03_03_png.rf.36c7187dd5a1aa4dd26179b3ca02c16d.jpg,no_damage,no_damage,not_damage,not_damage,raw_outputs/surface damage_DJI_0996_03_03_png.rf.36c7187dd5a1aa4dd26179b3ca02c16d.json,"```json
{
  ""observations"": ""The image shows a close-up of a surface with a shadow cast on it, which appears to be the shadow of a structure or object. The surface itself is not clearly visible due to the shadow. There are no visible defects such as cracks, mold, wear, or damage that can be confidently identified from this angle and distance."",
  ""label"": ""no_damage"",
  ""summary"": ""The image does not provide enough information to make a definitive assessment of the surface condition.""
}
```"
surface damage_DJI_0997_03_04_png.rf.465c34a1e09c77640645d78ab5b3ad04.jpg,no_damage,no_damage,not_damage,not_damage,raw_outputs/surface damage_DJI_0997_03_04_png.rf.465c34a1e09c77640645d78ab5b3ad04.json,"```json
{
  ""observations"": ""The image shows a close-up of a structure with a focus on a cylindrical object, possibly a pipe or a part of a larger structure. There is no clear defect visible in the image, such as a line-shaped break, damp spots, mildew, fungal growth, black mold-like patches, peeling paint, discoloration, rust, stains, aging, gradual surface deterioration, or asbestos-like surface markings. The image does not provide enough information to make a definitive assessment of the cond"
surface damage_DJI_0997_03_06_png.rf.5d6a664d91b7584a560bb1cda897805f.jpg,no_damage,crack,not_damage,damage,raw_outputs/surface damage_DJI_0997_03_06_png.rf.5d6a664d91b7584a560bb1cda897805f.json,"```json
{
  ""observations"": ""The image shows a close-up of a surface with a visible crack running horizontally across it."",
  ""label"": ""crack"",
  ""summary"": ""The crack is the most prominent feature in the image.""
}
```"
