image,true,pred,true_binary,pred_binary,raw_llava
asbestos_pc450BP0006_synt1_jpg.rf.22a9782ef71ab88328039b1de9ae287a.jpg,asbestos,no_damage,damage,not_damage,"label: no_damage
reason: The image shows a uniform, dark surface with no visible cracks, mold, wear, or asbestos-like material marks. The surface appears to be in good condition, with no signs of damage or deterioration."
asbestos_pc450BP0006_synt1_jpg.rf.7d08fb4e384059ca67706501c1cc7780.jpg,asbestos,no_damage,damage,not_damage,"label: no_damage
reason: The image shows a surface with various marks and stains, but none of the inspection-relevant issues such as damage, cracks, mold, wear, or asbestos are visible."
asbestos_pc450BP0006_synt2_jpg.rf.254202f2c3c9b36e5c8ec275767d0344.jpg,asbestos,no_damage,damage,not_damage,"label: no_damage
reason: The image appears to be a microscopic view of a surface, possibly a paint sample or a piece of fabric. There are no visible cracks, mold, wear, or asbestos-like material marks. The image does not show any inspection-relevant issues"
asbestos_pc450BP0006_synt2_jpg.rf.34e826c23968e2bb258d9f520011a806.jpg,asbestos,no_damage,damage,not_damage,"label: no_damage
reason: The image shows a surface with no visible damage, cracks, mold, wear, or asbestos-like material marks."
asbestos_pc450BP0006_synt2_jpg.rf.eed061a57d2c6f6d390cf7f141cb1eed.jpg,asbestos,no_damage,damage,not_damage,"label: no_damage
reason: The image shows a surface with various marks and stains, but none of the inspection-relevant issues such as damage, cracks, mold, wear, or asbestos are visible."
asbestos_pc450BP0011synt1_jpg.rf.568d456639c2ab61a3e2b2e07aadc12b.jpg,asbestos,no_damage,damage,not_damage,"label: no_damage
reason: The image appears to be a close-up of a surface with a uniform texture, and there are no visible signs of damage, cracks, mold, wear, or asbestos."
asbestos_pc450BP0011synt1_jpg.rf.a4369ffe56ff7d0a5a77efb964b0bc9e.jpg,asbestos,no_damage,damage,not_damage,"label: no_damage
reason: The image appears to be a close-up of a surface with no visible damage, cracks, mold, wear, or asbestos. The surface looks smooth and there are no signs of discoloration or aging."
asbestos_pc450BP0011synt2_jpg.rf.6e04f23a178ba51050321351df4a1209.jpg,asbestos,no_damage,damage,not_damage,"label: no_damage
reason: The image shows a uniform, textured surface with no visible damage, cracks, mold, wear, or asbestos-like material marks."
asbestos_pc450BP0011synt2_jpg.rf.c8236f22b93d72f782ade660e57fad13.jpg,asbestos,no_damage,damage,not_damage,"label: no_damage
reason: The image shows a uniform, dark surface with no visible cracks, mold, wear, or asbestos-like material marks. The surface appears to be in good condition, with no signs of damage or deterioration."
asbestos_pc450BP0011synt_jpg.rf.36111cfb156047c36858f0a2d03ac370.jpg,asbestos,no_damage,damage,not_damage,"label: no_damage
reason: The image shows a surface with no visible damage, cracks, mold, wear, or asbestos-like material marks."
asbestos_pc450BP0011synt_jpg.rf.7aa2d2aedb22333bf16300f10c5ba424.jpg,asbestos,no_damage,damage,not_damage,"label: no_damage
reason: The image shows a uniform, textured surface with no visible damage, cracks, mold, wear, or asbestos-like material marks."
asbestos_pc450BP0011synt_jpg.rf.82097e64af1750baa09de2e2a85393e2.jpg,asbestos,no_damage,damage,not_damage,"label: no_damage
reason: The image appears to be a close-up of a surface with no visible damage, cracks, mold, wear, or asbestos. The surface looks smooth and there are no signs of discoloration or aging."
asbestos_pc450BP0027synt2_jpg.rf.30ca56e18591523711eff3ae9083c0e3.jpg,asbestos,no_damage,damage,not_damage,"label: no_damage
reason: The image shows a uniform gray surface with no visible cracks, mold, wear, or asbestos-like material marks. The surface appears to be in good condition with no signs of damage or deterioration."
asbestos_pc450BP0027synt2_jpg.rf.901a9b9873dca44103b5d474829e29de.jpg,asbestos,no_damage,damage,not_damage,"label: no_damage
reason: The image appears to be a close-up of a surface with no visible damage, cracks, mold, wear, or asbestos. The surface looks smooth and there are no signs of discoloration or aging."
asbestos_pc450BP0027synt_jpg.rf.1633bf7cb137153e31cca57f7c5e8c46.jpg,asbestos,no_damage,damage,not_damage,"label: no_damage
reason: The image appears to be a close-up of a surface with various textures and specks, but there is no visible damage, crack, mold, wear, or asbestos-like material marks. The image does not show any inspection-relevant issues."
asbestos_pc450BP0030synt1_jpg.rf.79ebefcaaad6f359e241ab32abeadd35.jpg,asbestos,no_damage,damage,not_damage,"label: no_damage
reason: The image shows a surface with no visible damage, cracks, mold, wear, or asbestos-like material marks. It appears to be a uniform, possibly textured surface with no signs of distress or deterioration."
asbestos_pc450BP0030synt1_jpg.rf.ec4f5d87c889c0625cb12f49b24db973.jpg,asbestos,no_damage,damage,not_damage,"label: no_damage
reason: The image shows a surface with no visible damage, cracks, mold, wear, or asbestos-like material marks."
asbestos_pc450BP0030synt2_jpg.rf.035ceaa2c55ccbe98b161711fefb17d7.jpg,asbestos,no_damage,damage,not_damage,"label: no_damage
reason: The image shows a uniform, dark surface with no visible cracks, mold, wear, or asbestos-like material marks. The surface appears to be in good condition, with no signs of damage or deterioration."
asbestos_pc450BP0030synt2_jpg.rf.ebb00ab1be981e28ce201e105c358452.jpg,asbestos,no_damage,damage,not_damage,"label: no_damage
reason: The image shows a gray, textured surface with no visible damage, cracks, mold, wear, or asbestos-like material marks."
asbestos_pc450BP0030synt2_jpg.rf.fd65ed85db4bc7df53131187df20efa2.jpg,asbestos,no_damage,damage,not_damage,"label: no_damage
reason: The image shows a uniform gray surface with no visible cracks, mold, wear, or asbestos-like material marks. The surface appears to be in good condition with no inspection-relevant issues."
asbestos_pc450BP0030synt_jpg.rf.2ede67ffcc85e7ab54e1a4c83d6c0066.jpg,asbestos,no_damage,damage,not_damage,"label: no_damage
reason: The image shows a surface with no visible damage, cracks, mold, wear, or asbestos-like material marks. It appears to be a plain, textured surface without any inspection-relevant issues."
asbestos_pc450BP0030synt_jpg.rf.601b50742fb8b645d06b00a5e91685f1.jpg,asbestos,no_damage,damage,not_damage,"label: no_damage
reason: The image shows a surface with no visible damage, cracks, mold, wear, or asbestos-like material marks. It appears to be a plain, textured surface without any inspection-relevant issues."
asbestos_pc450BP0030synt_jpg.rf.ab8ee52c9330a5d12e65ee35cec8d3a2.jpg,asbestos,no_damage,damage,not_damage,"label: no_damage
reason: The image shows a surface with a uniform texture and no visible signs of damage, cracks, mold, wear, or asbestos."
asbestos_pc450BP0030synt_jpg.rf.c1cee4ee4514b94de71496219d0fdacf.jpg,asbestos,no_damage,damage,not_damage,"label: no_damage
reason: The image appears to be a close-up of a surface with no visible damage, cracks, mold, wear, or asbestos. The surface looks smooth and there are no signs of discoloration or aging."
asbestos_pc450BP0040_synt1_jpg.rf.15e98b908400a2954e2759f5b882164c.jpg,asbestos,no_damage,damage,not_damage,"label: no_damage
reason: The image shows a uniform, dark surface with no visible cracks, mold, wear, or asbestos-like material marks. The surface appears to be in good condition, with no signs of damage or deterioration."
asbestos_pc450BP0040_synt1_jpg.rf.2d0617c75f0017200cd80deabc979215.jpg,asbestos,no_damage,damage,not_damage,"label: no_damage
reason: The image shows a uniform, dark surface with no visible cracks, mold, wear, or asbestos-like material marks. The surface appears to be in good condition, with no signs of damage or deterioration."
asbestos_pc450BP0040_synt2_jpg.rf.8176903ec276974878ccafc5969d9008.jpg,asbestos,no_damage,damage,not_damage,"label: no_damage
reason: The image shows a uniform grey surface with no visible cracks, mold, wear, or asbestos-like material marks. The surface appears to be in good condition with no inspection-relevant issues."
asbestos_pc450BP0040_synt2_jpg.rf.84b6e5929a9927070c66e59a3aba485c.jpg,asbestos,no_damage,damage,not_damage,"label: no_damage
reason: The image shows a uniform, textured surface with no visible damage, cracks, mold, wear, or asbestos-like material marks."
asbestos_pc450BP0040_synt_jpg.rf.93500a34ab850f27824b81fa284ebad1.jpg,asbestos,no_damage,damage,not_damage,"label: no_damage
reason: The image appears to be a close-up of a surface with a uniform texture, and there are no visible signs of damage, cracks, mold, wear, or asbestos."
asbestos_pc450BP0040_synt_jpg.rf.bc6271cfd8225420da103bc4813a346c.jpg,asbestos,no_damage,damage,not_damage,"label: no_damage
reason: The image shows a uniform, textured surface with no visible damage, cracks, mold, wear, or asbestos-like material marks."
asbestos_pc450BP0049synt1_jpg.rf.5c36b1b89221de2e207e25bf1f809169.jpg,asbestos,no_damage,damage,not_damage,"label: no_damage
reason: The image appears to be a microscopic view of a surface, possibly a paint sample or a piece of fabric. There are no visible cracks, mold, wear, or asbestos-like material marks. The image does not show any inspection-relevant issues"
asbestos_pc450BP0049synt1_jpg.rf.b76eb6524c18e3c94d87a6a925e8c84d.jpg,asbestos,no_damage,damage,not_damage,"label: no_damage
reason: The image shows a close-up of a surface with a pattern of dark and light areas, which could be interpreted as a textured surface or a microscopic view of a material. However, there are no visible signs of damage, cracks, mold, wear,"
asbestos_pc450BP0049synt1_jpg.rf.ea5ab37b5d703fd5a19b7ac9db5490c9.jpg,asbestos,no_damage,damage,not_damage,"label: no_damage
reason: The image appears to be a close-up of a surface with various small spots and marks, but there is no clear evidence of damage, cracks, mold, wear, or asbestos. The image does not show any significant issues that would require inspection or repair."
asbestos_pc450BP0049synt2_jpg.rf.9797bc947f99a84b6ae1e20d4cdc428a.jpg,asbestos,no_damage,damage,not_damage,"label: no_damage
reason: The image shows a surface with no visible damage, cracks, mold, wear, or asbestos-like material marks."
asbestos_pc450BP0049synt_jpg.rf.64f1002b158813d9c759a475f483bce6.jpg,asbestos,no_damage,damage,not_damage,"label: no_damage
reason: The image appears to be a close-up of a surface with no visible damage, cracks, mold, wear, or asbestos. The surface looks smooth and there are no signs of discoloration or aging."
asbestos_pc450BP0049synt_jpg.rf.b8e78435204d47506491d877b1d955e4.jpg,asbestos,no_damage,damage,not_damage,"label: no_damage
reason: The image appears to be a close-up of a surface with no visible damage, cracks, mold, wear, or asbestos. It looks like a uniform texture without any inspection-relevant issues."
asbestos_pc450BP0055_synt1_jpg.rf.0fdc9ba7254f7b96ae1a51e7aafa6df0.jpg,asbestos,no_damage,damage,not_damage,"label: no_damage
reason: The image shows a surface with no visible damage, cracks, mold, wear, or asbestos-like material marks. It appears to be a plain, unremarkable surface with no inspection-relevant issues."
asbestos_pc450BP0055_synt1_jpg.rf.836ed632e1462932d24c62a14f522a87.jpg,asbestos,no_damage,damage,not_damage,"label: no_damage
reason: The image shows a surface with no visible damage, cracks, mold, wear, or asbestos-like material marks. It appears to be a plain, dark surface with some indistinct marks, but nothing that would indicate a specific issue requiring inspection."
asbestos_pc450BP0055_synt2_jpg.rf.0df1385bb7fee1be3d45fa3db1191ee3.jpg,asbestos,no_damage,damage,not_damage,"label: no_damage
reason: The image shows a uniform, dark surface with no visible cracks, mold, wear, or asbestos-like material marks. The surface appears to be in good condition, with no signs of damage or deterioration."
asbestos_pc450BP0055_synt2_jpg.rf.20bb89877041764a2749cc0ab21ca68e.jpg,asbestos,no_damage,damage,not_damage,"label: no_damage
reason: The image shows a surface with no visible damage, cracks, mold, wear, or asbestos-like material marks. It appears to be a plain, unremarkable surface with no inspection-relevant issues."
asbestos_pc450BP0055_synt2_jpg.rf.84ac6022ce0e7cb67433c34ca3a35e98.jpg,asbestos,no_damage,damage,not_damage,"label: no_damage
reason: The image shows a uniform, dark surface with no visible cracks, mold, wear, or asbestos-like material marks. The surface appears to be in good condition, with no signs of damage or deterioration."
asbestos_pc450BP0055_synt3_jpg.rf.8aa0a2450000ec3d201c38191ec4799a.jpg,asbestos,no_damage,damage,not_damage,"label: no_damage
reason: The image appears to be a close-up of a textured surface, possibly a wall or ceiling, with no visible damage, cracks, mold, wear, or asbestos. The surface appears to be in good condition."
asbestos_pc450BP0055_synt_jpg.rf.685d19c361b0732c4b552125599c938b.jpg,asbestos,no_damage,damage,not_damage,"label: no_damage
reason: The image shows a surface with no visible damage, cracks, mold, wear, or asbestos-like material marks."
asbestos_pc450BP0055_synt_jpg.rf.74370b596a389adce2445b8b47e7dcf1.jpg,asbestos,no_damage,damage,not_damage,"label: no_damage
reason: The image appears to be a close-up of a surface with no visible damage, cracks, mold, wear, or asbestos. The surface looks smooth and there are no signs of discoloration or aging."
asbestos_pc450BP0055_synt_jpg.rf.e2cbb0bb0dab0d572025a8b8e178ea0b.jpg,asbestos,no_damage,damage,not_damage,"label: no_damage
reason: The image shows a uniform, textured surface with no visible damage, cracks, mold, wear, or asbestos-like material marks."
asbestos_pc450BP0058-synt2_jpg.rf.bf027700f41fe8e0416f148405d5dfd5.jpg,asbestos,no_damage,damage,not_damage,"label: no_damage
reason: The image shows a dark, textured surface that could be a wall or ceiling, but there are no visible signs of damage, cracks, mold, wear, or asbestos. The surface appears to be in good condition."
asbestos_pc450BP0058-synt2_jpg.rf.d09291fc1fa3ff1c8f3d2f4a6afb2624.jpg,asbestos,no_damage,damage,not_damage,"label: no_damage
reason: The image appears to be a dark, grainy surface with no visible damage, cracks, mold, wear, or asbestos. It is difficult to discern any specific details due to the low resolution and lack of contrast."
asbestos_pc450BP0058-synt_jpg.rf.91129a73bf9825b5c1e10511b09cae6f.jpg,asbestos,no_damage,damage,not_damage,"label: no_damage
reason: The image shows a blurry and indistinct surface with no visible damage, cracks, mold, wear, or asbestos. The lack of clarity in the image makes it difficult to discern any specific issues."
asbestos_pc450newF-041_jpg.rf.e5ccca7a96c56d1390ef7d4bede18fe5.jpg,asbestos,no_damage,damage,not_damage,"label: no_damage
reason: The image shows a dark, textured surface with no visible damage, cracks, mold, wear, or asbestos-like material marks."
asbestos_pc450newF-042_jpg.rf.601d9f0d35de1d632a5d657a3bafa086.jpg,asbestos,no_damage,damage,not_damage,"label: no_damage
reason: The image appears to be a dark, grainy texture with no visible damage, cracks, mold, wear, or asbestos-like material marks. It is difficult to discern specific details due to the low resolution and lack of contrast."
asbestos_pc450newF-042_jpg.rf.ce1eda557f3ba431bf7910f7317028b3.jpg,asbestos,no_damage,damage,not_damage,"label: no_damage
reason: The image shows a dark, textured surface with no visible damage, cracks, mold, wear, or asbestos-like material marks."
asbestos_pc450newF-043_jpg.rf.29cbfde5ba2c1f5dffb0676408943f9a.jpg,asbestos,no_damage,damage,not_damage,"label: no_damage
reason: The image shows a uniform, dark surface with no visible cracks, mold, wear, or asbestos-like material marks. The surface appears to be in good condition, with no signs of damage or deterioration."
asbestos_pc450newF-043_jpg.rf.2d4ca6e7e5c70cf9c5e58f8a71eeb2bd.jpg,asbestos,no_damage,damage,not_damage,"label: no_damage
reason: The image shows a uniform, dark surface with no visible cracks, mold, wear, or asbestos-like material marks. The surface appears to be in good condition, with no signs of damage or deterioration."
asbestos_pc450newF-043_jpg.rf.6d6e048bc4fb489ab9302b298e17f601.jpg,asbestos,no_damage,damage,not_damage,"label: no_damage
reason: The image shows a uniform, dark surface with no visible cracks, mold, wear, or asbestos-like material marks. The surface appears to be in good condition, with no signs of damage or deterioration."
asbestos_pc450newF-043_jpg.rf.ed13f2fc1a2e213174d92c59c3840ef6.jpg,asbestos,no_damage,damage,not_damage,"label: no_damage
reason: The image shows a uniform, dark surface with no visible cracks, mold, wear, or asbestos-like material marks. The surface appears to be in good condition, with no signs of damage or deterioration."
asbestos_pc450newF-044_jpg.rf.094209508db9d2444d187f6b456c7410.jpg,asbestos,no_damage,damage,not_damage,"label: no_damage
reason: The image shows a uniform, dark grey surface with no visible cracks, mold, wear, or asbestos-like material marks. The surface appears to be in good condition, with no signs of damage or deterioration."
asbestos_pc450newF-044_jpg.rf.3bd246a60c5cd8fd5dcc5665373c7efb.jpg,asbestos,no_damage,damage,not_damage,"label: no_damage
reason: The image shows a uniformly dark and textured surface with no visible cracks, mold, wear, or asbestos-like material marks. The surface appears to be a solid color with no signs of damage or deterioration."
asbestos_pc450newF-045_jpg.rf.72b2ff60c5ba4a91ca901f217f39ad28.jpg,asbestos,no_damage,damage,not_damage,"label: no_damage
reason: The image shows a uniform, dark grey surface with no visible cracks, mold, wear, or asbestos-like material marks. The surface appears to be in good condition, with no signs of damage or deterioration."
asbestos_pc450newF-047_jpg.rf.16c9ce0552ca2101d0de961d6d62f566.jpg,asbestos,no_damage,damage,not_damage,"label: no_damage
reason: The image appears to be a black and white photograph of a surface with no visible damage, cracks, mold, wear, or asbestos. The surface looks smooth and there are no signs of discoloration or paint wear."
asbestos_pc450newF-050_jpg.rf.d236cb023215f081ffe308fd6f1c0054.jpg,asbestos,no_damage,damage,not_damage,"label: no_damage
reason: The image shows a uniform, textured surface with no visible damage, cracks, mold, wear, or asbestos-like material marks."
asbestos_pc450newF-051_jpg.rf.38c9b8a48d2085154347dc441684b480.jpg,asbestos,no_damage,damage,not_damage,"label: no_damage
reason: The image shows a uniform, dark surface with no visible cracks, mold, wear, or asbestos-like material marks. The surface appears to be in good condition, with no signs of damage or deterioration."
asbestos_pc450newF-051_jpg.rf.a87b202faab8fabb1a42be16ebe21d9c.jpg,asbestos,no_damage,damage,not_damage,"label: no_damage
reason: The image shows a uniform, textured surface with no visible damage, cracks, mold, wear, or asbestos-like material marks."
asbestos_pc450newF-054_jpg.rf.5b915cc3c1b7aaa022abe61fd88b2292.jpg,asbestos,no_damage,damage,not_damage,"label: no_damage
reason: The image shows a uniform, textured surface with no visible damage, cracks, mold, wear, or asbestos-like material marks."
asbestos_pc450newF-054_jpg.rf.844c51aac105d04b53c96743c004c4e3.jpg,asbestos,no_damage,damage,not_damage,"label: no_damage
reason: The image shows a uniform, textured surface with no visible damage, cracks, mold, wear, or asbestos-like material marks."
asbestos_pc450newF-054_jpg.rf.d3d6af1a45296a8979fc5606c0665ebe.jpg,asbestos,no_damage,damage,not_damage,"label: no_damage
reason: The image shows a uniform, textured surface with no visible damage, cracks, mold, wear, or asbestos-like material marks."
asbestos_pc450newF-054_jpg.rf.d88561b0b0ec51ee78b0af5685aaef1a.jpg,asbestos,no_damage,damage,not_damage,"label: no_damage
reason: The image shows a uniform, dark surface with no visible cracks, mold, wear, or asbestos-like material marks. The surface appears to be in good condition, with no signs of damage or deterioration."
asbestos_pc450newF-055_jpg.rf.33726caaa861b8616caca50e733984b2.jpg,asbestos,no_damage,damage,not_damage,"label: no_damage
reason: The image shows a uniform, textured surface with no visible damage, cracks, mold, wear, or asbestos-like material marks."
asbestos_pc450newF-056_jpg.rf.a226c4e38e03cf1be4634fcab202bb3f.jpg,asbestos,no_damage,damage,not_damage,"label: no_damage
reason: The image shows a uniform, dark surface with no visible cracks, mold, wear, or asbestos-like material marks. The surface appears to be in good condition, with no signs of damage or deterioration."
asbestos_pc450newF-056_jpg.rf.e87ac995b75ed9c00c9ff8e5e3226fcc.jpg,asbestos,no_damage,damage,not_damage,"label: no_damage
reason: The image shows a uniform, dark surface with no visible cracks, mold, wear, or asbestos-like material marks. The surface appears to be in good condition, with no signs of damage or deterioration."
asbestos_pc450newF-057_jpg.rf.750f7cb94eb7118982616c829e57860f.jpg,asbestos,no_damage,damage,not_damage,"label: no_damage
reason: The image shows a uniform, dark surface with no visible cracks, mold, wear, or asbestos-like material marks. The surface appears to be in good condition, with no signs of damage or deterioration."
asbestos_pc450newF-058_jpg.rf.13b753163d106d744cc376421673231c.jpg,asbestos,no_damage,damage,not_damage,"label: no_damage
reason: The image shows a uniform, dark surface with no visible cracks, mold, wear, or asbestos-like material marks. The surface appears to be in good condition, with no signs of damage or deterioration."
asbestos_pc450newF-058_jpg.rf.43f330ba9ce7eb13b2802356ea68be61.jpg,asbestos,no_damage,damage,not_damage,"label: no_damage
reason: The image shows a uniform, dark surface with no visible cracks, mold, wear, or asbestos-like material marks. The surface appears to be in good condition, with no signs of damage or deterioration."
asbestos_pc450newF-059_jpg.rf.4c4efc33e86fdc6cc13199aa2a5e0adf.jpg,asbestos,no_damage,damage,not_damage,"label: no_damage
reason: The image shows a uniform, textured surface with no visible damage, cracks, mold, wear, or asbestos-like material marks."
asbestos_pc450newF-059_jpg.rf.7106897ea77196e99fd0da55c60295a3.jpg,asbestos,no_damage,damage,not_damage,"label: no_damage
reason: The image shows a surface with a few small dark spots, which could be dirt or debris, but there is no visible damage, crack, mold, wear, or asbestos-like material marks."
asbestos_pc450newF-059_jpg.rf.7d07f5083167e97a16ac39b7dafad252.jpg,asbestos,no_damage,damage,not_damage,"label: no_damage
reason: The image shows a uniform, textured surface with no visible damage, cracks, mold, wear, or asbestos-like material marks."
asbestos_pc450newF-059_jpg.rf.a9760281e3db599202a6c419af19c01a.jpg,asbestos,no_damage,damage,not_damage,"label: no_damage
reason: The image shows a uniform, textured surface with no visible damage, cracks, mold, wear, or asbestos-like material marks."
asbestos_pc450newF-060_jpg.rf.241853bdc0933824f3a52e0516050e92.jpg,asbestos,no_damage,damage,not_damage,"label: no_damage
reason: The image shows a uniform, textured surface with no visible damage, cracks, mold, wear, or asbestos-like material marks."
asbestos_pc450newF-061_jpg.rf.a3ac7ddfe5eb5b2d95c945cd7fc66969.jpg,asbestos,no_damage,damage,not_damage,"label: no_damage
reason: The image shows a uniform, dark surface with no visible cracks, mold, wear, or asbestos-like material marks. The surface appears to be in good condition, with no signs of damage or deterioration."
asbestos_pc450newF-061_jpg.rf.fee6a4f144272d26abced5b1dcb1e993.jpg,asbestos,no_damage,damage,not_damage,"label: no_damage
reason: The image shows a uniform, textured surface with no visible damage, cracks, mold, wear, or asbestos-like material marks."
asbestos_pc450newF-062_jpg.rf.9b8eeb968245aca574c180beb7d91db6.jpg,asbestos,no_damage,damage,not_damage,"label: no_damage
reason: The image shows a uniform, dark surface with no visible cracks, mold, wear, or asbestos-like material marks. The surface appears to be in good condition, with no signs of damage or deterioration."
asbestos_pc450newF-063_jpg.rf.170aca6af94de8fcba7a3937040f0f84.jpg,asbestos,no_damage,damage,not_damage,"label: no_damage
reason: The image shows a uniform, textured surface with no visible damage, cracks, mold, wear, or asbestos-like material marks."
asbestos_pc450newF-063_jpg.rf.38e9659c39c4990ac597951fcc0362d9.jpg,asbestos,no_damage,damage,not_damage,"label: no_damage
reason: The image shows a uniform, dark surface with no visible cracks, mold, wear, or asbestos-like material marks. The surface appears to be in good condition, with no signs of damage or deterioration."
asbestos_pc450newF-064_jpg.rf.2a47f02e2b49fc84c12b6ac92666517b.jpg,asbestos,no_damage,damage,not_damage,"label: no_damage
reason: The image shows a surface with no visible damage, cracks, mold, wear, or asbestos-like material marks."
asbestos_pc450newF-066_jpg.rf.8e41ba51af3fc04cd09eb3730a83179a.jpg,asbestos,no_damage,damage,not_damage,"label: no_damage
reason: The image shows a uniform, dark surface with no visible cracks, mold, wear, or asbestos-like material marks. The surface appears to be in good condition, with no signs of damage or deterioration."
asbestos_pc450newF-066_jpg.rf.95f15dd13ce5bea84172d4030d27db18.jpg,asbestos,no_damage,damage,not_damage,"label: no_damage
reason: The image shows a uniform, textured surface with no visible damage, cracks, mold, wear, or asbestos-like material marks."
asbestos_pc450newF-066_jpg.rf.e2e7c1214951dd0d5cc612cda416e8f0.jpg,asbestos,no_damage,damage,not_damage,"label: no_damage
reason: The image shows a uniform, textured surface with no visible damage, cracks, mold, wear, or asbestos-like material marks."
asbestos_pc450newF-066_jpg.rf.ede880a1c55fdd7c363ef93b020255a5.jpg,asbestos,no_damage,damage,not_damage,"label: no_damage
reason: The image shows a uniform, textured surface with no visible damage, cracks, mold, wear, or asbestos-like material marks."
asbestos_pc450newF-067_jpg.rf.64bdc298c9141c398fbd2c884f052118.jpg,asbestos,no_damage,damage,not_damage,"label: no_damage
reason: The image shows a uniform, textured surface with no visible damage, cracks, mold, wear, or asbestos-like material marks."
asbestos_pc450newF-067_jpg.rf.816c2e233b63d1802c360f86b37ab066.jpg,asbestos,no_damage,damage,not_damage,"label: no_damage
reason: The image shows a surface with no visible damage, cracks, mold, wear, or asbestos-like material marks."
asbestos_pc450newF-068_jpg.rf.206ce078473d704cea94c315ddef9619.jpg,asbestos,no_damage,damage,not_damage,"label: no_damage
reason: The image shows a uniform, dark surface with no visible cracks, mold, wear, or asbestos-like material marks. The surface appears to be in good condition, with no signs of damage or deterioration."
asbestos_pc450newF-069_jpg.rf.0819ad7f2f80404c2c8f5a85add41007.jpg,asbestos,no_damage,damage,not_damage,"label: no_damage
reason: The image shows a uniform, textured surface with no visible damage, cracks, mold, wear, or asbestos-like material marks."
asbestos_pc450newF-069_jpg.rf.b710f0041ac2b107e80a09c6b5b3b09e.jpg,asbestos,no_damage,damage,not_damage,"label: no_damage
reason: The image shows a uniform, textured surface with no visible damage, cracks, mold, wear, or asbestos-like material marks."
asbestos_pc450newF-072_jpg.rf.767030750151ce8b9a2b4ff6325ea478.jpg,asbestos,no_damage,damage,not_damage,"label: no_damage
reason: The image shows a uniform, textured surface with no visible damage, cracks, mold, wear, or asbestos-like material marks."
asbestos_pc450newF-073_jpg.rf.1cab8c05ca8fed2ee016e3fde6b307db.jpg,asbestos,no_damage,damage,not_damage,"label: no_damage
reason: The image shows a uniform, dark surface with no visible cracks, mold, wear, or asbestos-like material marks. The surface appears to be in good condition, with no signs of damage or deterioration."
asbestos_pc450newF-073_jpg.rf.2389f02d49f693e347f802caf454735f.jpg,asbestos,no_damage,damage,not_damage,"label: no_damage
reason: The image shows a uniform, dark surface with no visible cracks, mold, wear, or asbestos-like material marks. The surface appears to be in good condition, with no signs of damage or deterioration."
asbestos_pc450newF-074_jpg.rf.2c11244b78c35999ba3ab3c7c43bd999.jpg,asbestos,no_damage,damage,not_damage,"label: no_damage
reason: The image shows a uniform, dark grey surface with no visible cracks, mold, wear, or asbestos-like material marks. The surface appears to be in good condition, with no signs of damage or deterioration."
asbestos_pc450newF-075_jpg.rf.b7d9145404ffa3d24875485819487695.jpg,asbestos,no_damage,damage,not_damage,"label: no_damage
reason: The image shows a uniform, dark surface with no visible cracks, mold, wear, or asbestos-like material marks. The surface appears to be in good condition, with no signs of damage or deterioration."
asbestos_pc450newF-076_jpg.rf.cebc652bd5a2466ad9c4d2fb578f36ab.jpg,asbestos,no_damage,damage,not_damage,"label: no_damage
reason: The image shows a uniform, textured surface with no visible damage, cracks, mold, wear, or asbestos-like material marks."
asbestos_pc450newF-077_jpg.rf.d787556b22551598fd5530abf537147e.jpg,asbestos,no_damage,damage,not_damage,"label: no_damage
reason: The image shows a uniform, textured surface with no visible damage, cracks, mold, wear, or asbestos-like material marks."
asbestos_pc450newF-078_jpg.rf.32257920c3969041932fce1906a31975.jpg,asbestos,no_damage,damage,not_damage,"label: no_damage
reason: The image shows a uniform, textured surface with no visible damage, cracks, mold, wear, or asbestos-like material marks."
asbestos_pc450newF-080_jpg.rf.6fc6051e25405e8930c89ad58938fa7c.jpg,asbestos,no_damage,damage,not_damage,"label: no_damage
reason: The image shows a uniform, textured surface with no visible damage, cracks, mold, wear, or asbestos-like material marks."
asbestos_pc450newF-080_jpg.rf.749b5e53205edf9d626c8b7ffd155c21.jpg,asbestos,no_damage,damage,not_damage,"label: no_damage
reason: The image shows a uniform, textured surface with no visible damage, cracks, mold, wear, or asbestos-like material marks."
asbestos_pc450newF-082_jpg.rf.1c2eeca5d85be6dea63558f04b72751e.jpg,asbestos,no_damage,damage,not_damage,"label: no_damage
reason: The image shows a uniform, textured surface with no visible damage, cracks, mold, wear, or asbestos-like material marks."
asbestos_pc450newF-083_jpg.rf.8c4d14aba1c23b76998248d93bde51c8.jpg,asbestos,no_damage,damage,not_damage,"label: no_damage
reason: The image shows a uniform, dark surface with no visible cracks, mold, wear, or asbestos-like material marks. The surface appears to be in good condition, with no signs of damage or deterioration."
asbestos_pc450newF-083_jpg.rf.a16ce8c2d0098a887e0274593e339317.jpg,asbestos,no_damage,damage,not_damage,"label: no_damage
reason: The image shows a uniform, textured surface with no visible damage, cracks, mold, wear, or asbestos-like material marks."
asbestos_pc450newF-084_jpg.rf.0837a6bf2e537a4916cd8964fea411f1.jpg,asbestos,no_damage,damage,not_damage,"label: no_damage
reason: The image shows a textured surface with no visible damage, cracks, mold, wear, or asbestos-like material marks."
asbestos_pc450newF-085_jpg.rf.1cbf60f719e5aa68e591cc9955e8d9eb.jpg,asbestos,no_damage,damage,not_damage,"label: no_damage
reason: The image shows a uniform, textured surface with no visible damage, cracks, mold, wear, or asbestos-like material marks."
asbestos_pc450newF-087_jpg.rf.dc1088a236200ec49ac016b224d2491e.jpg,asbestos,no_damage,damage,not_damage,"label: no_damage
reason: The image shows a uniform, textured surface with no visible damage, cracks, mold, wear, or asbestos-like material marks."
asbestos_pc450newF-088_jpg.rf.ef1b85d1ac0be16dcf20fa4c952b24c1.jpg,asbestos,no_damage,damage,not_damage,"label: no_damage
reason: The image appears to be a close-up of a surface with no visible damage, cracks, mold, wear, or asbestos. The surface looks smooth and there are no signs of discoloration or aging."
asbestos_pc450newF-089_jpg.rf.800a5a3b8fffdacfa1a784b8d9525f6e.jpg,asbestos,no_damage,damage,not_damage,"label: no_damage
reason: The image shows a uniform, textured surface with no visible damage, cracks, mold, wear, or asbestos-like material marks."
asbestos_pc450newF-089_jpg.rf.84dfc5488bc63a06a6360cc7d3b6509f.jpg,asbestos,no_damage,damage,not_damage,"label: no_damage
reason: The image shows a uniform, textured surface with no visible damage, cracks, mold, wear, or asbestos-like material marks."
asbestos_pc450newF-089_jpg.rf.e406d25716aa0d2236f4f8ede9bcfa31.jpg,asbestos,no_damage,damage,not_damage,"label: no_damage
reason: The image shows a uniform, textured surface with no visible damage, cracks, mold, wear, or asbestos-like material marks."
asbestos_pc450newF-090_jpg.rf.862c9594853c67107743883af3f1c048.jpg,asbestos,no_damage,damage,not_damage,"label: no_damage
reason: The image shows a uniform, dark surface with no visible cracks, mold, wear, or asbestos-like material marks. The surface appears to be in good condition, with no signs of damage or deterioration."
asbestos_pc450newF-091_jpg.rf.86deb9733be398780ebeb5074c5f3c9f.jpg,asbestos,no_damage,damage,not_damage,"label: no_damage
reason: The image shows a uniform, dark surface with no visible cracks, mold, wear, or asbestos-like material marks. The surface appears to be in good condition, with no signs of damage or deterioration."
asbestos_pc450newF-092_jpg.rf.163f9a6067796b5f6ddaf62067d8f11f.jpg,asbestos,no_damage,damage,not_damage,"label: no_damage
reason: The image shows a uniform, textured surface with no visible damage, cracks, mold, wear, or asbestos-like material marks."
asbestos_pc450newF-092_jpg.rf.27312994640363f3f70e5d410c8239b7.jpg,asbestos,no_damage,damage,not_damage,"label: no_damage
reason: The image shows a uniform, textured surface with no visible damage, cracks, mold, wear, or asbestos-like material marks."
asbestos_pc450newF-093_jpg.rf.802779cee57af73e00b375dc359a04dc.jpg,no_damage,no_damage,not_damage,not_damage,"label: no_damage
reason: The image shows a uniform, textured surface with no visible damage, cracks, mold, wear, or asbestos-like material marks."
asbestos_pc450newF-093_jpg.rf.8d7eea0b9c3adb196681dff797e56ab1.jpg,asbestos,no_damage,damage,not_damage,"label: no_damage
reason: The image shows a uniform, dark surface with no visible cracks, mold, wear, or asbestos-like material marks. The surface appears to be in good condition, with no signs of damage or deterioration."
asbestos_pc450newF-094_jpg.rf.3ddbfa4e9758815c10bc814f80da17fc.jpg,asbestos,no_damage,damage,not_damage,"label: no_damage
reason: The image shows a uniform, dark surface with no visible cracks, mold, wear, or asbestos-like material marks. The surface appears to be in good condition, with no signs of damage or deterioration."
asbestos_pc450newF-094_jpg.rf.47943ccd1c95e21a865cd112bdb97268.jpg,asbestos,no_damage,damage,not_damage,"label: no_damage
reason: The image shows a blurry, indistinct object that does not exhibit any of the characteristics of damage, crack, mold, wear, or asbestos. The lack of clarity and detail in the image makes it impossible to accurately assess the condition of the object."
asbestos_pc450newF-094_jpg.rf.655cb57448716fc9fe082a39ffa72523.jpg,asbestos,no_damage,damage,not_damage,"label: no_damage
reason: The image shows a uniform, textured surface with no visible damage, cracks, mold, wear, or asbestos-like material marks."
asbestos_pc450newF-095_jpg.rf.1da8c50fc4e189a5256e0d42941bc264.jpg,asbestos,no_damage,damage,not_damage,"label: no_damage
reason: The image shows a uniform, textured surface with no visible damage, cracks, mold, wear, or asbestos-like material marks."
asbestos_pc450newF-097_jpg.rf.a69156c585226cf635724cf7ccfd5b92.jpg,asbestos,no_damage,damage,not_damage,"label: no_damage
reason: The image shows a uniform, textured surface with no visible damage, cracks, mold, wear, or asbestos-like material marks."
asbestos_pc450newF-098_jpg.rf.11ea4281fdee2b09c9e256da60f9b6c2.jpg,asbestos,no_damage,damage,not_damage,"label: no_damage
reason: The image shows a uniform, textured surface with no visible damage, cracks, mold, wear, or asbestos-like material marks."
asbestos_pc450newF-098_jpg.rf.7b8c96c949de4fe61bc40d3196b60f77.jpg,asbestos,no_damage,damage,not_damage,"label: no_damage
reason: The image shows a uniform, textured surface with no visible damage, cracks, mold, wear, or asbestos-like material marks."
asbestos_pc450newF-102_jpg.rf.9a73062c0e3d43887bdce4adde28cbf6.jpg,asbestos,no_damage,damage,not_damage,"label: no_damage
reason: The image shows a uniform, textured surface with no visible damage, cracks, mold, wear, or asbestos-like material marks."
asbestos_pc450newF-103_jpg.rf.2c9e1892176fb09353058bd9c1124062.jpg,asbestos,no_damage,damage,not_damage,"label: no_damage
reason: The image shows a uniform, textured surface with no visible damage, cracks, mold, wear, or asbestos-like material marks."
asbestos_pc450newF-103_jpg.rf.47cef06992e0f28246ca78341e686301.jpg,asbestos,no_damage,damage,not_damage,"label: no_damage
reason: The image shows a uniform, textured surface with no visible damage, cracks, mold, wear, or asbestos-like material marks."
asbestos_pc450newF-103_jpg.rf.8f80de938b2e5470ff63e78c159553c3.jpg,asbestos,no_damage,damage,not_damage,"label: no_damage
reason: The image shows a uniform, textured surface with no visible damage, cracks, mold, wear, or asbestos-like material marks."
asbestos_pc450newF-104_jpg.rf.3a2813654d719a91003b73123a724e9a.jpg,asbestos,no_damage,damage,not_damage,"label: no_damage
reason: The image shows a uniform, textured surface with no visible damage, cracks, mold, wear, or asbestos-like material marks."
asbestos_pc450newF-105_jpg.rf.a66ae1f12407fdf852b07bf26d6bb376.jpg,asbestos,no_damage,damage,not_damage,"label: no_damage
reason: The image shows a uniform, dark surface with no visible cracks, mold, wear, or asbestos-like material marks. The surface appears to be in good condition, with no signs of damage or deterioration."
asbestos_pc450newF-106_jpg.rf.752630473c6a4ca999ffaa28abd1f295.jpg,asbestos,no_damage,damage,not_damage,"label: no_damage
reason: The image shows a plain, grey surface with no visible damage, cracks, mold, wear, or asbestos-like material marks."
asbestos_pc450newF-112_jpg.rf.09171b6b9e1d024a589d314eb07113e6.jpg,asbestos,no_damage,damage,not_damage,"label: no_damage
reason: The image shows a uniform, textured surface with no visible damage, cracks, mold, wear, or asbestos-like material marks."
asbestos_pc450newF-112_jpg.rf.7b47e5b2927cc70bc86320d912e044c8.jpg,asbestos,no_damage,damage,not_damage,"label: no_damage
reason: The image shows a uniform, textured surface with no visible damage, cracks, mold, wear, or asbestos-like material marks."
asbestos_pc450newF-112_jpg.rf.d35bfb18e13c8b87a6ec8167a786f780.jpg,asbestos,no_damage,damage,not_damage,"label: no_damage
reason: The image appears to be a black and white photograph of a surface with no visible damage, cracks, mold, wear, or asbestos. The surface appears to be a uniform color with no distinguishable features that would indicate any of the inspection-relevant issues."
asbestos_pc450newF-112_jpg.rf.daa4cf80ace1588a938f2a05f0ed49bc.jpg,asbestos,no_damage,damage,not_damage,"label: no_damage
reason: The image shows a uniform, textured surface with no visible damage, cracks, mold, wear, or asbestos-like material marks."
asbestos_pc450newF-113_jpg.rf.f4db63b24f9982e6dd747be1293efef5.jpg,asbestos,no_damage,damage,not_damage,"label: no_damage
reason: The image shows a uniform, textured surface with no visible damage, cracks, mold, wear, or asbestos-like material marks."
asbestos_pc450newF-113_jpg.rf.fad8b518afa802ea08fb191c2ba77e08.jpg,asbestos,no_damage,damage,not_damage,"label: no_damage
reason: The image shows a uniform, textured surface with no visible damage, cracks, mold, wear, or asbestos-like material marks."
asbestos_pc450newF-114_jpg.rf.db80bafc0d5a272e3a2ad70a9f4c9b77.jpg,asbestos,no_damage,damage,not_damage,"label: no_damage
reason: The image shows a uniform, textured surface with no visible damage, cracks, mold, wear, or asbestos-like material marks."
asbestos_pc450newF-116_jpg.rf.53cbaaf90996c271a3b3a66be256bd38.jpg,asbestos,no_damage,damage,not_damage,"label: no_damage
reason: The image shows a uniform, textured surface with no visible damage, cracks, mold, wear, or asbestos-like material marks."
asbestos_pc450newF-122_jpg.rf.c4f66431de1797d63bbc3272921fe81e.jpg,asbestos,no_damage,damage,not_damage,"label: no_damage
reason: The image appears to be a black and white photograph of a surface with various small marks and specks, but there is no clear evidence of damage, cracks, mold, wear, or asbestos. The image does not show any significant issues that would require inspection or"
asbestos_pc450newF-126_jpg.rf.dff0a9da9671f92fddc5daf0b9de0cf4.jpg,asbestos,no_damage,damage,not_damage,"label: no_damage
reason: The image shows a surface with no visible damage, cracks, mold, wear, or asbestos-like material marks."
asbestos_pc450newF-127_jpg.rf.2df00779998953f1e32301e5e2436d32.jpg,asbestos,no_damage,damage,not_damage,"label: no_damage
reason: The image appears to be a black and white photograph of a surface with no visible damage, cracks, mold, wear, or asbestos. The surface appears to be uniform and there are no discernible issues that would require inspection or repair."
asbestos_pc450newF-131_jpg.rf.199e7b8ea953f27e9b2f157bc4a0ef20.jpg,asbestos,no_damage,damage,not_damage,"label: no_damage
reason: The image shows a uniform, textured surface with no visible damage, cracks, mold, wear, or asbestos-like material marks."
asbestos_pc450newF-142_jpg.rf.7b39969e6e83c27abb191e7ae370913a.jpg,asbestos,no_damage,damage,not_damage,"label: no_damage
reason: The image shows a smooth, uniform surface with no visible damage, cracks, mold, wear, or asbestos-like material marks."
asbestos_pc450newF-142_jpg.rf.c0e433467474ff545c17d220c5e4910a.jpg,asbestos,no_damage,damage,not_damage,"label: no_damage
reason: The image shows a surface with no visible damage, cracks, mold, wear, or asbestos-like material marks."
asbestos_pc450newF-143_jpg.rf.491f28aa25f37f742691209e78758afd.jpg,asbestos,no_damage,damage,not_damage,"label: no_damage
reason: The image shows a uniform, textured surface with no visible damage, cracks, mold, wear, or asbestos-like material marks."
asbestos_pc450newF-143_jpg.rf.9492dab1d5bda5036a058947a22eb81a.jpg,asbestos,no_damage,damage,not_damage,"label: no_damage
reason: The image shows a uniform, textured surface with no visible damage, cracks, mold, wear, or asbestos-like material marks."
asbestos_pc450newF-145_jpg.rf.205bc11686ec0b5a2175b861b65305db.jpg,asbestos,no_damage,damage,not_damage,"label: no_damage
reason: The image appears to be a close-up of a surface with no visible damage, cracks, mold, wear, or asbestos. The surface looks smooth and there are no signs of discoloration or aging."
asbestos_pc450newF-145_jpg.rf.c5c9c67100dc7c2e8cf36d263466108b.jpg,asbestos,no_damage,damage,not_damage,"label: no_damage
reason: The image appears to be a close-up of a surface with no visible damage, cracks, mold, wear, or asbestos. The surface looks smooth and there are no signs of discoloration or aging."
asbestos_pc450newF-146_jpg.rf.1e4c5f5d7e6a6433c14b124bd669f22d.jpg,asbestos,no_damage,damage,not_damage,"label: no_damage
reason: The image appears to be a uniform, textured surface without any visible damage, cracks, mold, wear, or asbestos-like material marks."
asbestos_pc450newF-149_jpg.rf.5ec30b50224bc68894c48fb3ea2cf9e3.jpg,asbestos,no_damage,damage,not_damage,"label: no_damage
reason: The image appears to be a microscopic view of a surface, possibly a paint sample or a piece of fabric. There are no visible cracks, mold, wear, or asbestos-like material marks. The surface appears to be in good condition, with no"
asbestos_pc450newF-149_jpg.rf.a8c59ef2b720fc69df4f163bf251b01c.jpg,asbestos,no_damage,damage,not_damage,"label: no_damage
reason: The image appears to be a close-up of a surface with a uniform texture, and there are no visible signs of damage, cracks, mold, wear, or asbestos."
asbestos_pc450newF-149_jpg.rf.d6d843c7f84b11232a852ca1e38ff8e3.jpg,asbestos,no_damage,damage,not_damage,"label: no_damage
reason: The image appears to be a black and white or grayscale photo of a surface with no visible damage, cracks, mold, wear, or asbestos. The surface looks smooth and there are no discernible issues that would require inspection or repair."
asbestos_pc450newF-149_jpg.rf.fbc65f3c9df5c3c3fa3181621d1e17cc.jpg,no_damage,no_damage,not_damage,not_damage,"label: no_damage
reason: The image shows a surface with no visible damage, cracks, mold, wear, or asbestos-like material marks."
asbestos_pc450newF-157_jpg.rf.2b89d4fa6900be22c543bf3c9f270a0d.jpg,asbestos,no_damage,damage,not_damage,"label: no_damage
reason: The image appears to be a close-up of a surface with no visible damage, cracks, mold, wear, or asbestos. The surface looks uniform and there are no signs of discoloration or aging."
asbestos_pc450newF-157_jpg.rf.7af1b03c1c44f4b46277a515fa5791fd.jpg,asbestos,no_damage,damage,not_damage,"label: no_damage
reason: The image appears to be a close-up of a textured surface, possibly a wall or ceiling, with no visible damage, cracks, mold, wear, or asbestos. The surface appears to be uniform and there are no signs of discoloration, paint"
asbestos_pc450newF-157_jpg.rf.e6de77972d2f123986e6fd6558401924.jpg,asbestos,no_damage,damage,not_damage,"label: no_damage
reason: The image appears to be a black and white photograph of a surface with no visible damage, cracks, mold, wear, or asbestos. The surface appears to be a uniform texture without any distinguishable features that would indicate damage or wear."
asbestos_pc450newF-158_jpg.rf.0af349692ddf4b6a7c20209687489e6a.jpg,asbestos,no_damage,damage,not_damage,"label: no_damage
reason: The image appears to be a microscopic view of a surface, possibly a paint sample or a material sample. There are no visible cracks, mold, wear, or asbestos-like material marks. The surface appears to be in good condition, with no signs"
asbestos_pc450newF-158_jpg.rf.72657d2179c01c7a6e947f4b9ee7cf77.jpg,asbestos,no_damage,damage,not_damage,"label: no_damage
reason: The image appears to be a close-up of a surface with no visible damage, cracks, mold, wear, or asbestos. The surface looks uniform and there are no signs of discoloration, paint wear, stains, aging, or surface deterior"
asbestos_pc450newF-158_jpg.rf.9095839806b6acc22e1941a1b76e9c25.jpg,asbestos,no_damage,damage,not_damage,"label: no_damage
reason: The image shows a uniform, textured surface with no visible damage, cracks, mold, wear, or asbestos-like material marks."
asbestos_pc450newF-161_jpg.rf.c8ddb8cb68b2c0c2f2fe5a6d5661a1d3.jpg,asbestos,no_damage,damage,not_damage,"label: no_damage
reason: The image appears to be a close-up of a surface with no visible damage, cracks, mold, wear, or asbestos. The surface looks smooth and uniform, suggesting no inspection-relevant issues are present."
asbestos_pc450newF-168_jpg.rf.6f14e2c7fb63506e9894c3ff8a16376e.jpg,asbestos,no_damage,damage,not_damage,"label: no_damage
reason: The image appears to be a close-up of a surface with no visible damage, cracks, mold, wear, or asbestos. The surface looks uniform and there are no signs of discoloration, paint wear, stains, aging, or surface deterior"
asbestos_pc450newF-168_jpg.rf.801d2e3670ed5a067513c92c8c2cb817.jpg,asbestos,no_damage,damage,not_damage,"label: no_damage
reason: The image shows a surface with no visible damage, cracks, mold, wear, or asbestos-like material marks."
asbestos_pc450newF-169_jpg.rf.1982757cbe84379b953fa0055466a25f.jpg,asbestos,no_damage,damage,not_damage,"label: no_damage
reason: The image appears to be a close-up of a surface with a uniform texture, and there are no visible signs of damage, cracks, mold, wear, or asbestos."
asbestos_pc450newF-169_jpg.rf.8d863c8ecedaf9de7b6ba77b819494d0.jpg,asbestos,no_damage,damage,not_damage,"label: no_damage
reason: The image appears to be a close-up of a textured surface, possibly a wall or ceiling, with no visible damage, cracks, mold, wear, or asbestos. The surface appears to be uniform and there are no signs of discoloration, paint"
asbestos_pc450newF-170_jpg.rf.035fc6c8790e966741c6c8f55cec9b7f.jpg,asbestos,no_damage,damage,not_damage,"label: no_damage
reason: The image appears to be a close-up of a surface with no visible damage, cracks, mold, wear, or asbestos. The surface looks smooth and there are no discernible issues that would require inspection or repair."
asbestos_pc450newF-170_jpg.rf.adb548e739564a5036617ab5fafd4cd8.jpg,asbestos,no_damage,damage,not_damage,"label: no_damage
reason: The image appears to be a microscopic view of a surface, possibly a paint sample or a piece of fabric. There are no visible cracks, mold, wear, or asbestos-like material marks. The image does not show any inspection-relevant issues"
asbestos_pc450newF-172_jpg.rf.4a8bb3819619ff99a7cac5a21ba6396b.jpg,asbestos,no_damage,damage,not_damage,"label: no_damage
reason: The image appears to be a close-up of a surface with a uniform texture, and there are no visible signs of damage, cracks, mold, wear, or asbestos."
asbestos_pc450newF-172_jpg.rf.8b5d37cf473db8277b192a83796a3b46.jpg,asbestos,no_damage,damage,not_damage,"label: no_damage
reason: The image appears to be a close-up of a surface with a few small, dark spots that could be dirt or debris, but there are no visible cracks, mold, wear, or asbestos-like material marks. The surface looks relatively smooth and there are"
asbestos_pc450newF-177_jpg.rf.674a55ea986662c5e119c31adc2630b3.jpg,asbestos,no_damage,damage,not_damage,"label: no_damage
reason: The image appears to be a close-up of a surface with a uniform texture, and there are no visible signs of damage, cracks, mold, wear, or asbestos."
asbestos_pc450newF-178_jpg.rf.12762954d6926ddb78fb2233c24241fc.jpg,asbestos,no_damage,damage,not_damage,"label: no_damage
reason: The image appears to be a close-up of a surface with a uniform texture, and there are no visible signs of damage, cracks, mold, wear, or asbestos."
asbestos_pc450newF-181_jpg.rf.21c6c2f4aede04916cefc71fcc855c8b.jpg,asbestos,no_damage,damage,not_damage,"label: no_damage
reason: The image appears to be a close-up of a surface with no visible damage, cracks, mold, wear, or asbestos. The surface looks smooth and there are no signs of discoloration or aging."
asbestos_pc450newF-181_jpg.rf.48016b12e9328c2d110d1ba660764713.jpg,asbestos,no_damage,damage,not_damage,"label: no_damage
reason: The image appears to be a microscopic view of a surface, possibly a paint sample or a material sample. There are no visible cracks, mold, wear, or asbestos-like material marks. The image does not show any inspection-relevant issues."
asbestos_pc450newF-181_jpg.rf.5b03ae2ca14bd60cd97fd850c11ea488.jpg,asbestos,no_damage,damage,not_damage,"label: no_damage
reason: The image appears to be a close-up of a surface with a uniform texture, and there are no visible signs of damage, cracks, mold, wear, or asbestos."
asbestos_pc450newF-182_jpg.rf.16c229a3fe9e74e87b00c702c39218de.jpg,asbestos,no_damage,damage,not_damage,"label: no_damage
reason: The image shows a uniform, textured surface with no visible damage, cracks, mold, wear, or asbestos-like material marks."
asbestos_pc450newF-182_jpg.rf.6a624e928ccf3ce2b6ce7906338eeebe.jpg,asbestos,no_damage,damage,not_damage,"label: no_damage
reason: The image appears to be a close-up of a surface with no visible damage, cracks, mold, wear, or asbestos. The surface looks smooth and there are no discernible issues that would require inspection or repair."
asbestos_pc450newF-182_jpg.rf.6fac28c622b809bd6b8052b17155668a.jpg,asbestos,no_damage,damage,not_damage,"label: no_damage
reason: The image appears to be a microscopic view of a surface, possibly a paint sample or a piece of fabric. However, there are no visible signs of damage, cracks, mold, wear, or asbestos. The image is too small and lacks detail"
asbestos_pc450newF-184_jpg.rf.66ed48a5b2a1dc73106bda87cde4a62a.jpg,asbestos,no_damage,damage,not_damage,"label: no_damage
reason: The image appears to be a close-up of a surface with no visible damage, cracks, mold, wear, or asbestos. The surface looks smooth and there are no signs of discoloration or aging."
asbestos_pc450newF-187_jpg.rf.cd7ee063074edc146cf89fb0be1981f3.jpg,asbestos,no_damage,damage,not_damage,"label: no_damage
reason: The image appears to be a close-up of a textured surface, possibly a wall or ceiling, with no visible damage, cracks, mold, wear, or asbestos. The surface appears to be uniform and there are no signs of discoloration, paint"
asbestos_pc450newF-187_jpg.rf.dc650a37afac5627885efd958fba66e1.jpg,asbestos,no_damage,damage,not_damage,"label: no_damage
reason: The image appears to be a close-up of a surface with no visible damage, cracks, mold, wear, or asbestos. The surface looks smooth and there are no signs of discoloration or aging."
asbestos_pc450newF-190_jpg.rf.0dc422fdd85fc6a01c552d51f557dbbe.jpg,asbestos,no_damage,damage,not_damage,"label: no_damage
reason: The image appears to be a close-up of a surface with no visible damage, cracks, mold, wear, or asbestos. The surface looks smooth and there are no signs of discoloration or aging."
asbestos_pc450newF-190_jpg.rf.7ebb8cbeb0a7f0d219324a126b2665f0.jpg,asbestos,no_damage,damage,not_damage,"label: no_damage
reason: The image appears to be a close-up of a surface with no visible damage, cracks, mold, wear, or asbestos. The surface looks smooth and there are no signs of discoloration or aging."
asbestos_pc450newF-197_jpg.rf.c5b4eb552da540021c995f190149bce0.jpg,asbestos,no_damage,damage,not_damage,"label: no_damage
reason: The image appears to be a close-up of a surface with no visible damage, cracks, mold, wear, or asbestos. The surface looks smooth and there are no signs of discoloration or aging."
asbestos_pc450newF-198_jpg.rf.9e0625f5c0799e0c66dcaa7ad1f8c448.jpg,asbestos,no_damage,damage,not_damage,"label: no_damage
reason: The image appears to be a close-up of a surface with a uniform texture, and there are no visible signs of damage, cracks, mold, wear, or asbestos."
asbestos_pc450newF-199_jpg.rf.3498feada01050000a87b351d3bf6d2f.jpg,asbestos,no_damage,damage,not_damage,"label: no_damage
reason: The image shows a surface with no visible damage, cracks, mold, wear, or asbestos-like material marks. It appears to be a normal, unblemished surface."
asbestos_pc450newF-199_jpg.rf.38186ae8f4393b30494de76132d528b3.jpg,asbestos,no_damage,damage,not_damage,"label: no_damage
reason: The image shows a uniform, dark surface with no visible cracks, mold, wear, or asbestos-like material marks. The surface appears to be a solid, unbroken material without any signs of damage or deterioration."
asbestos_pc450newF-199_jpg.rf.97bc3545068af330f729a672f6c8f20a.jpg,asbestos,no_damage,damage,not_damage,"label: no_damage
reason: The image appears to be a close-up of a surface with no visible damage, cracks, mold, wear, or asbestos. The surface looks smooth and there are no signs of discoloration or aging."
asbestos_pc450newF-199_jpg.rf.c9d2d7820eaa75a50ee861a37700a14e.jpg,asbestos,no_damage,damage,not_damage,"label: no_damage
reason: The image appears to be a close-up of a surface with a uniform texture, and there are no visible signs of damage, cracks, mold, wear, or asbestos."
asbestos_pc450newF-204_jpg.rf.48d622cd140087bb6df7cd1bfd37f949.jpg,asbestos,no_damage,damage,not_damage,"label: no_damage
reason: The image appears to be a close-up of a surface with no visible damage, cracks, mold, wear, or asbestos. The surface looks smooth and there are no signs of discoloration or aging."
asbestos_pc450newF-204_jpg.rf.6851dd7323643751ac70ed83dceee68b.jpg,asbestos,no_damage,damage,not_damage,"label: no_damage
reason: The image appears to be a close-up of a surface with no visible damage, cracks, mold, wear, or asbestos-like material marks. The surface looks smooth and undamaged."
asbestos_pc450newF-204_jpg.rf.bd2aa4764edd9a57f6a3b874b5ba66b0.jpg,asbestos,no_damage,damage,not_damage,"label: no_damage
reason: The image appears to be a close-up of a surface with no visible damage, cracks, mold, wear, or asbestos. The surface looks smooth and there are no signs of discoloration or aging."
asbestos_pc450newF-204_jpg.rf.cebcbe2f6ec65affcc8f06b0e50cf29c.jpg,asbestos,no_damage,damage,not_damage,"label: no_damage
reason: The image appears to be a close-up of a surface with no visible damage, cracks, mold, wear, or asbestos-like material marks. The surface appears to be a uniform color with no distinguishable features that would indicate any of the inspection-re"
asbestos_pc450newF-205_jpg.rf.045ef8528b3d5a84282093fa74ca6a67.jpg,asbestos,no_damage,damage,not_damage,"label: no_damage
reason: The image appears to be a microscopic view of a surface, possibly a paint sample or a piece of fabric. However, there are no visible signs of damage, cracks, mold, wear, or asbestos. The image is too small and lacks detail"
asbestos_pc450newF-205_jpg.rf.57a1f240620a7601f8326757f11be3ce.jpg,asbestos,no_damage,damage,not_damage,"label: no_damage
reason: The image appears to be a close-up of a textured surface, possibly a wall or ceiling, with no visible damage, cracks, mold, wear, or asbestos. The surface appears to be uniform and there are no signs of discoloration, paint"
asbestos_pc450newF-205_jpg.rf.7552d02a0c15be9a565f4cdfbf1b4249.jpg,asbestos,no_damage,damage,not_damage,"label: no_damage
reason: The image shows a uniform, textured surface with no visible damage, cracks, mold, wear, or asbestos-like material marks."
asbestos_pc450newF-205_jpg.rf.a1523ed00ced0c5afd80f98929b42cac.jpg,asbestos,no_damage,damage,not_damage,"label: no_damage
reason: The image appears to be a close-up of a surface with a uniform texture, and there are no visible signs of damage, cracks, mold, wear, or asbestos."
asbestos_pc450newF-205_jpg.rf.a5f2660f862ede8c6401f71db6089267.jpg,asbestos,no_damage,damage,not_damage,"label: no_damage
reason: The image shows a uniform, dark surface with no visible cracks, mold, wear, or asbestos-like material marks. The surface appears to be in good condition, with no signs of damage or deterioration."
asbestos_pc450newF-205_jpg.rf.b16a2b0446f2cdd5c21576c5d06befc4.jpg,asbestos,no_damage,damage,not_damage,"label: no_damage
reason: The image appears to be a close-up of a surface with no visible damage, cracks, mold, wear, or asbestos. The surface looks smooth and there are no signs of discoloration or aging."
asbestos_pc450newF-205_jpg.rf.e36dbf5a4ea2a05e8a9acd4a2f8c97eb.jpg,asbestos,no_damage,damage,not_damage,"label: no_damage
reason: The image appears to be a close-up of a surface with no visible damage, cracks, mold, wear, or asbestos. The surface looks smooth and there are no signs of discoloration or aging."
crack_1231.rf.926bbdda64bad09c5eb0358396ae86c2.jpg,crack,crack,damage,damage,"label: crack
reason: The image shows a visible crack in the surface, which is a sign of damage."
crack_1325.rf.1d8b0cb834547793ef90ac8527c4437f.jpg,crack,no_damage,damage,not_damage,"label: no_damage
reason: The image shows a plain, white surface with no visible damage, cracks, mold, wear, or asbestos-like material marks."
crack_1385.rf.7dbd894022946b6cc6741fb684e77613.jpg,crack,no_damage,damage,not_damage,"label: no_damage
reason: The image shows a plain, light-colored surface with no visible damage, cracks, mold, wear, or asbestos."
crack_1607.rf.5e65f55fb6c8d45ad9052b4cc1900d46.jpg,crack,crack,damage,damage,"label: crack
reason: The image shows a visible crack in the surface, which is a sign of damage."
crack_1608.rf.e7484f1ea9dd06f0f2eac5d665d76143.jpg,crack,no_damage,damage,not_damage,"label: no_damage
reason: The image shows a plain white wall with a visible crack, but no other signs of damage, mold, wear, or asbestos are present."
crack_1619.rf.5a42efe0c04aca69843e73fcc3a1a1bc.jpg,crack,crack,damage,damage,"label: crack
reason: The image shows a visible crack in the surface of the wall."
crack_1630.rf.98b22fd7d9d3fab4edbabaeb38c49275.jpg,crack,no_damage,damage,not_damage,"label: no_damage
reason: The image shows a plain white wall with no visible damage, cracks, mold, wear, or asbestos-like material marks."
crack_1630.rf.ec6838f405f0cf5e1ea8fdc0a06c22cb.jpg,crack,crack,damage,damage,"label: crack
reason: There is a visible crack in the surface of the material."
crack_165.rf.2a4593d9b6e2d3b0ac1235451ec36e9c.jpg,crack,crack,damage,damage,"label: crack
reason: The image shows a visible crack in the concrete surface."
crack_1650.rf.79643439c920dc1200301c14fc253cf4.jpg,crack,no_damage,damage,not_damage,"label: no_damage
reason: The image shows a concrete surface with some natural variations in color and texture, but there are no visible signs of damage, cracks, mold, wear, or asbestos."
crack_1654.rf.b95ef2b7b66e5e709879f599a6eb14a3.jpg,crack,crack,damage,damage,"label: crack
reason: The image shows a visible crack in the surface, which is a sign of damage."
crack_1660.rf.c04a0365264956abd6c8196b5f41489e.jpg,crack,no_damage,damage,not_damage,"label: no_damage
reason: The image shows a plain, white surface with no visible damage, cracks, mold, wear, or asbestos-like material marks."
crack_1661.rf.6d85cbaf1c86254b84015f4121edd810.jpg,crack,no_damage,damage,not_damage,"label: no_damage
reason: The image shows a plain, white surface with no visible damage, cracks, mold, wear, or asbestos-like material marks."
crack_1664.rf.983e2c588e155a753c994411ddcb1b07.jpg,crack,no_damage,damage,not_damage,"label: no_damage
reason: The image shows a plain, white surface with no visible damage, cracks, mold, wear, or asbestos-like material marks."
crack_1676.rf.5f750c0964875bc8d9de449becef78c9.jpg,crack,no_damage,damage,not_damage,"label: no_damage
reason: The image shows a plain, white surface with no visible damage, cracks, mold, wear, or asbestos-like material marks."
crack_1680.rf.ae254e5b787b249ce267bcd004602f96.jpg,crack,no_damage,damage,not_damage,"label: no_damage
reason: The image shows a plain, white surface with no visible damage, cracks, mold, wear, or asbestos-like material marks."
crack_1688.rf.42b9eb1adb83b6921a5b0f4a28253d3d.jpg,crack,no_damage,damage,not_damage,"label: no_damage
reason: The image shows a smooth, unblemished surface with no visible cracks, mold, wear, or asbestos-like material marks."
crack_1689.rf.f8e1839c836ad255dc7584aabeee31e8.jpg,crack,no_damage,damage,not_damage,"label: no_damage
reason: The image shows a plain, light-colored surface with no visible damage, cracks, mold, wear, or asbestos-like material marks."
crack_1692.rf.cc124a6b0f20f422bc9925312cef83c8.jpg,crack,no_damage,damage,not_damage,"label: no_damage
reason: The image shows a plain, light-colored wall with a thin, dark line running down it. This line could be a crack, but it is not visibly damaged or showing any signs of wear, mold, or asbestos. The image does not provide enough information"
crack_1695.rf.0f54d403501995b473592764461e4087.jpg,crack,no_damage,damage,not_damage,"label: no_damage
reason: The image shows a plain, light-colored wall with no visible damage, cracks, mold, wear, or asbestos."
crack_1701.rf.47458ce0d44d998f8234f75afa14d4af.jpg,crack,wear,damage,damage,"label: wear
reason: The image shows a surface with visible signs of wear, such as discoloration and surface deterioration, but no other inspection-relevant issues like damage, cracks, mold, or asbestos are visible."
crack_1703.rf.f75692d2d512df728da3d2e205a50058.jpg,crack,no_damage,damage,not_damage,"label: no_damage
reason: The image shows a white wall with a shadow cast on it, but there are no visible signs of damage, crack, mold, wear, or asbestos."
crack_1704.rf.f894a16d7341c02200d55d26376082a1.jpg,crack,wear,damage,damage,"label: wear
reason: The image shows a surface with visible signs of wear, such as discoloration and aging, but no other inspection-relevant issues like damage, cracks, mold, or asbestos are visible."
crack_1706.rf.011d213c21ec78896c36728dcbc156f5.jpg,crack,no_damage,damage,not_damage,"label: no_damage
reason: The image shows a close-up of a concrete surface with small pebbles and rocks embedded in it. There are no visible cracks, mold, wear, or asbestos-like material marks. The surface appears to be in good condition with no inspection-re"
crack_1708.rf.24e2f1f4231226896558f4f929a68a6c.jpg,crack,no_damage,damage,not_damage,"label: no_damage
reason: The image shows a smooth, textured surface with no visible damage, cracks, mold, wear, or asbestos-like material marks."
crack_1716.rf.85ea38b36008beaa72c5d8541f734eb0.jpg,crack,no_damage,damage,not_damage,"label: no_damage
reason: The image shows a plain, white surface with no visible damage, cracks, mold, wear, or asbestos-like material marks."
crack_1720.rf.bf161bea9b7233feb33e58a232550c6a.jpg,crack,no_damage,damage,not_damage,"label: no_damage
reason: The image shows a close-up of a concrete surface with a visible crack. However, there is no visible damage such as holes, broken material, fire damage, or water damage. There is no mold or mould visible, and there is no asbestos-like"
crack_1721.rf.85833887211c6e7630b7d6c2ae300657.jpg,crack,no_damage,damage,not_damage,"label: no_damage
reason: The image shows a plain, white wall with no visible damage, cracks, mold, wear, or asbestos."
crack_1726.rf.4a55ff9fc8788b0898d9862082782276.jpg,crack,damage,damage,damage,"label: damage
reason: The image shows a large crack in the wall, which is a form of damage."
crack_1728.rf.8bbbf38c1012ab49adabef3f5df778ff.jpg,crack,no_damage,damage,not_damage,"label: no_damage
reason: The image shows a plain, white surface with no visible damage, cracks, mold, wear, or asbestos-like material marks."
crack_1728.rf.e15f30a88a384bd6369263f9091567ba.jpg,crack,no_damage,damage,not_damage,"label: no_damage
reason: The image shows a plain, white surface with no visible damage, cracks, mold, wear, or asbestos-like material marks."
crack_1730.rf.05ffd9748627b1c3d5d244f22d838491.jpg,crack,crack,damage,damage,"label: crack
reason: There is a visible crack in the surface of the material."
crack_1732.rf.624e7325b6518766431271bf652f5dec.jpg,crack,no_damage,damage,not_damage,"label: no_damage
reason: The image shows a plain, white surface with no visible damage, cracks, mold, wear, or asbestos-like material marks."
crack_1739.rf.85562ad3e76ff4da3e2ab4aecad48597.jpg,crack,wear,damage,damage,"label: wear
reason: The image shows a surface with visible signs of wear, such as discoloration and surface deterioration."
crack_1744.rf.1d36a859430caa6ac0259a77a487c2a7.jpg,crack,no_damage,damage,not_damage,"label: no_damage
reason: The image shows a plain, grey surface with no visible damage, cracks, mold, wear, or asbestos-like material marks."
crack_1745.rf.e22c99aea77764bf452e1702a3013213.jpg,crack,no_damage,damage,not_damage,"label: no_damage
reason: The image shows a plain, white surface with no visible damage, cracks, mold, wear, or asbestos-like material marks."
crack_1746.rf.5b03d884171e79bac0ee466b98a7c2cf.jpg,crack,no_damage,damage,not_damage,"label: no_damage
reason: The image shows a plain, white surface with no visible damage, cracks, mold, wear, or asbestos-like material marks."
crack_1748.rf.cc0f6216978617935abcd670e48cc1ef.jpg,crack,no_damage,damage,not_damage,"label: no_damage
reason: The image shows a plain, textured surface with no visible damage, cracks, mold, wear, or asbestos-like material marks."
crack_1752.rf.fa17d2eb44dc06ed93571ce88333f180.jpg,crack,damage,damage,damage,"label: damage
reason: visible crack in the surface"
crack_1758.rf.b32d503ef13023c781a180da138a9bda.jpg,crack,no_damage,damage,not_damage,"label: no_damage
reason: The image shows a plain, white surface with no visible damage, cracks, mold, wear, or asbestos-like material marks."
crack_1760.rf.0f3db06b0b674724e5fe5428fda7f2a4.jpg,crack,no_damage,damage,not_damage,"label: no_damage
reason: The image shows a plain, white surface with a single, thin crack running across it. There is no visible damage, mold, wear, or asbestos-like material marks. The surface appears to be in good condition."
crack_1761.rf.e5f5ebce460b27fb3bb65f6da9bd4712.jpg,crack,no_damage,damage,not_damage,"label: no_damage
reason: The image shows a plain, light-colored surface with no visible damage, cracks, mold, wear, or asbestos-like material marks."
crack_1763.rf.7fa38a85f66c8cd964d45e11891075db.jpg,crack,no_damage,damage,not_damage,"label: no_damage
reason: The image shows a smooth, unblemished surface with no visible damage, cracks, mold, wear, or asbestos-like material marks."
crack_1765.rf.89baed145b93b2a0bf67133a8aa2a4e3.jpg,crack,no_damage,damage,not_damage,"label: no_damage
reason: The image shows a plain, white wall with no visible damage, cracks, mold, wear, or asbestos-like material marks."
crack_1766.rf.fe7831a8d2c84ef1859a84f04b5a34ed.jpg,crack,wear,damage,damage,"label: wear
reason: The image shows a surface with visible signs of wear, such as discoloration and surface deterioration, but no other inspection-relevant issues like damage, cracks, mold, or asbestos are visible."
crack_1769.rf.f46accb57bb53a8ea2eeedf5d924ec61.jpg,crack,no_damage,damage,not_damage,"label: no_damage
reason: The image shows a textured wall with no visible damage, cracks, mold, wear, or asbestos-like material marks."
crack_1781.rf.3e21ef1e683a45f2f7c7885bdcf936cc.jpg,crack,no_damage,damage,not_damage,"label: no_damage
reason: The image shows a plain, white wall with no visible damage, cracks, mold, wear, or asbestos-like material marks."
crack_1782.rf.20b73f5796d71dc480cb6859068d828e.jpg,crack,no_damage,damage,not_damage,"label: no_damage
reason: The image shows a plain, white surface with no visible damage, cracks, mold, wear, or asbestos-like material marks."
crack_1782.rf.eb9b8d324f2cd0e6b43c77edcdfb8651.jpg,crack,no_damage,damage,not_damage,"label: no_damage
reason: The image shows a plain, white surface with no visible damage, cracks, mold, wear, or asbestos-like material marks."
crack_1786.rf.73b7e8575e70b2c788d1eb88db31c6fa.jpg,crack,no_damage,damage,not_damage,"label: no_damage
reason: The image shows a plain, light-colored wall with no visible damage, cracks, mold, wear, or asbestos-like material marks."
crack_1788.rf.394f94468516c12e4947991e899cc9e4.jpg,crack,no_damage,damage,not_damage,"label: no_damage
reason: The image shows a plain white surface with no visible damage, cracks, mold, wear, or asbestos-like material marks."
crack_1789.rf.25772c238d07d3d8112a909e11a9db26.jpg,crack,wear,damage,damage,"label: wear
reason: The image shows a surface with visible signs of wear, such as discoloration and aging, but no other inspection-relevant issues like damage, cracks, mold, or asbestos are visible."
crack_1796.rf.275fb13c398ac3c6ac6064168d2510a7.jpg,crack,no_damage,damage,not_damage,"label: no_damage
reason: The image shows a close-up of a textured surface that appears to be a wall or ceiling, and there are no visible signs of damage, cracks, mold, wear, or asbestos. The surface looks smooth and undamaged."
crack_1801.rf.56fc2a741a1a809d6bbdf4027692ea68.jpg,crack,no_damage,damage,not_damage,"label: no_damage
reason: The image shows a plain, light-colored surface with no visible damage, cracks, mold, wear, or asbestos-like material marks."
crack_1802.rf.c8a8df7a6b2dcd463dd0bac49c377cde.jpg,crack,no_damage,damage,not_damage,"label: no_damage
reason: The image shows a close-up of a textured surface that appears to be a wall or floor, with no visible damage, cracks, mold, wear, or asbestos. The surface looks smooth and undamaged."
crack_1803.rf.7d87ade794f2fccdf8eaf6978fc98463.jpg,crack,crack,damage,damage,"label: crack
reason: The image shows a visible crack in the surface, which is a sign of damage."
crack_1807.rf.de5b6f84e4d4592a0f666d78b3ba85e5.jpg,crack,no_damage,damage,not_damage,"label: no_damage
reason: The image shows a close-up of a concrete surface with no visible damage, cracks, mold, wear, or asbestos. The surface appears to be in good condition."
crack_1807.rf.fe906e2c2e269b7f1835c532053eff0a.jpg,crack,no_damage,damage,not_damage,"label: no_damage
reason: The image shows a close-up of a wall with a visible crack, but there are no signs of damage, mold, wear, or asbestos. The crack is the only inspection-relevant issue visible in the image."
crack_1813.rf.79f1af872f76dd8b46df4a83ed5f54c6.jpg,crack,crack,damage,damage,"label: crack
reason: There is a visible crack in the wall."
crack_1814.rf.47301b8b8e9d2106bd3e8ed758693663.jpg,crack,no_damage,damage,not_damage,"label: no_damage
reason: The image shows a close-up of a textured surface that appears to be a concrete or stone surface with no visible damage, cracks, mold, wear, or asbestos. The surface looks relatively smooth and there are no signs of discoloration, paint wear"
crack_1816.rf.7c9f11884cbd0f3c194060d5ec5e84ce.jpg,crack,no_damage,damage,not_damage,"label: no_damage
reason: The image shows a plain white surface with no visible damage, cracks, mold, wear, or asbestos-like material marks."
crack_1825.rf.c312b85db639d96209e1d3d309934bab.jpg,crack,no_damage,damage,not_damage,"label: no_damage
reason: The image shows a surface with a few small cracks, but no other visible damage, mold, wear, or asbestos."
crack_1825.rf.eccb3dc28b1d314cb1870d39a6af7e32.jpg,crack,no_damage,damage,not_damage,"label: no_damage
reason: The image shows a plain, white surface with no visible damage, cracks, mold, wear, or asbestos-like material marks."
crack_1834.rf.e2c4fcd75a47fe26056a74fdf3274038.jpg,crack,wear,damage,damage,"label: wear
reason: The image shows a surface with visible signs of wear, such as discoloration and surface deterioration, but no other inspection-relevant issues like damage, cracks, mold, or asbestos are visible."
crack_1836.rf.5d0d4fe80615967cb1382ec1cc4e2603.jpg,crack,crack,damage,damage,"label: crack
reason: There is a visible crack in the surface of the material."
crack_1836.rf.b347f76972041b2d99629f09907b3a2c.jpg,crack,crack,damage,damage,"label: crack
reason: There is a visible crack in the surface of the material."
crack_1841.rf.dc1e42a0abaabd82ca45f13d6c7a4174.jpg,crack,no_damage,damage,not_damage,"label: no_damage
reason: The image shows a close-up of a surface with a visible crack, but no other signs of damage, mold, wear, or asbestos are present."
crack_1845.rf.549d65e97598d7aca97375740b742d34.jpg,crack,no_damage,damage,not_damage,"label: no_damage
reason: The image shows a plain, white surface with no visible damage, cracks, mold, wear, or asbestos-like material marks."
crack_1845.rf.acb9a632b49abfa31433be870bd7a15c.jpg,crack,no_damage,damage,not_damage,"label: no_damage
reason: The image shows a plain, white surface with no visible damage, cracks, mold, wear, or asbestos-like material marks."
crack_1846.rf.e018a5855ad64323cf4230ab64824276.jpg,crack,no_damage,damage,not_damage,"label: no_damage
reason: The image shows a plain, white surface with no visible damage, cracks, mold, wear, or asbestos-like material marks."
crack_1849.rf.784d6d78b5f85f6e8be2015f4e5c943c.jpg,crack,no_damage,damage,not_damage,"label: no_damage
reason: The image shows a plain, white surface with no visible damage, cracks, mold, wear, or asbestos-like material marks."
crack_1850.rf.189425ff46d28988d7404df964bf33ed.jpg,crack,crack,damage,damage,"label: crack
reason: The image shows a visible crack in the surface, which is a sign of damage."
crack_1855.rf.3a47ddc0d76fb8a9d61c61b240f3af1a.jpg,crack,damage,damage,damage,"label: damage
reason: Crack in the concrete surface."
crack_1855.rf.67458b0fae12fdfa450d0c48d4c17280.jpg,crack,damage,damage,damage,"label: damage
reason: The image shows a crack in the surface, which is a form of damage."
crack_1855.rf.a7defc947f3dc7b262c99e6ed800273c.jpg,crack,no_damage,damage,not_damage,"label: no_damage
reason: The image shows a plain, white surface with no visible damage, cracks, mold, wear, or asbestos-like material marks."
crack_1856.rf.125d78b2981a6cc6371fa7418a77c1be.jpg,crack,no_damage,damage,not_damage,"label: no_damage
reason: The image shows a plain, light-colored surface with no visible damage, cracks, mold, wear, or asbestos-like material marks."
crack_1856.rf.57d70cbffc8419ffc40ae4baefd7e780.jpg,crack,no_damage,damage,not_damage,"label: no_damage
reason: The image shows a smooth, unblemished surface with no visible damage, cracks, mold, wear, or asbestos-like material marks."
crack_1857.rf.0a7ef01474061074d9027de2d021b16e.jpg,crack,no_damage,damage,not_damage,"label: no_damage
reason: The image shows a plain, light-colored surface with no visible damage, cracks, mold, wear, or asbestos-like material marks."
crack_1864.rf.4cec0a0c1b5040a935bf454ba293a5e5.jpg,crack,no_damage,damage,not_damage,"label: no_damage
reason: The image shows a close-up of a textured surface that appears to be a concrete or stone surface with no visible damage, cracks, mold, wear, or asbestos. The surface looks smooth and there are no signs of discoloration, paint wear,"
crack_1867.rf.9a2614949fdffb516b9f45e0a847357b.jpg,crack,crack,damage,damage,"label: crack
reason: The image shows a visible crack in the surface, which is a sign of damage."
crack_1874.rf.390ef42307a5d487bdfe68867a3e2dac.jpg,crack,no_damage,damage,not_damage,"label: no_damage
reason: The image shows a plain, white surface with no visible damage, cracks, mold, wear, or asbestos-like material marks."
crack_1874.rf.937faaf3d568c74ed5e3cb2b1906f175.jpg,crack,no_damage,damage,not_damage,"label: no_damage
reason: The image shows a plain, white surface with no visible damage, cracks, mold, wear, or asbestos-like material marks."
crack_1875.rf.7cad31ca6a88e7b173f837891ce4eecc.jpg,crack,no_damage,damage,not_damage,"label: no_damage
reason: The image shows a plain, white surface with no visible damage, cracks, mold, wear, or asbestos-like material marks."
crack_1876.rf.7e5a55204a6adabce8ebbac77c2bb896.jpg,crack,crack,damage,damage,"label: crack
reason: The image shows a visible crack in the surface, which is a sign of damage."
crack_1878.rf.d08376419788b76ab8c1015f2976e467.jpg,crack,no_damage,damage,not_damage,"label: no_damage
reason: The image shows a smooth, uniform surface with no visible damage, cracks, mold, wear, or asbestos-like material marks."
crack_1878.rf.dfdefc9d139946d169c8dfa890b3987d.jpg,crack,no_damage,damage,not_damage,"label: no_damage
reason: The image shows a smooth, white surface with no visible damage, cracks, mold, wear, or asbestos-like material marks."
crack_1879.rf.c54ee04443eb51a8deba86d150b714d7.jpg,crack,crack,damage,damage,"label: crack
reason: The image shows a visible crack in the surface of the material, which is indicative of damage."
crack_1884.rf.8ee67a56640346c19e84f983a00d5e69.jpg,crack,wear,damage,damage,"label: wear
reason: The image shows a wall with visible signs of wear, such as discoloration and surface deterioration."
crack_1889.rf.8ef1882b20e82498c16dfe40c26a2557.jpg,crack,no_damage,damage,not_damage,"label: no_damage
reason: The image shows a plain, white surface with no visible damage, cracks, mold, wear, or asbestos-like material marks."
crack_1893.rf.b99fe5d1fbe145ee51de21b8bd7c76e4.jpg,crack,crack,damage,damage,"label: crack
reason: The image shows a visible crack in the surface, which is a sign of damage."
crack_1903.rf.42f0b145a662953cc954281f099f5dc7.jpg,crack,no_damage,damage,not_damage,"label: no_damage
reason: The image shows a close-up of a textured surface that appears to be a wall or a similar structure. There are no visible cracks, mold, wear, or asbestos-like material marks. The surface looks smooth and there are no signs of damage or"
crack_1903.rf.fcde61244262d1033370ebc1666d621d.jpg,crack,no_damage,damage,not_damage,"label: no_damage
reason: The image shows a close-up of a textured surface that appears to be a wall or a similar structure. There are no visible signs of damage, such as holes, cracks, or broken material. There is no visible mold or mould, and no asbest"
crack_1906.rf.58b3bf4d6f1c68228ecc260358d6a55d.jpg,crack,no_damage,damage,not_damage,"label: no_damage
reason: The image shows a concrete surface with a visible crack, but no other signs of damage, mold, wear, or asbestos are present."
crack_1909.rf.7d448f405a38454568bebe346cf3f2e3.jpg,crack,wear,damage,damage,"label: wear
reason: The image shows a surface with visible signs of wear, such as discoloration and surface deterioration, but no other inspection-relevant issues like damage, cracks, mold, or asbestos are visible."
crack_1915.rf.b247a0edab5af8731fa7942737ec7849.jpg,crack,no_damage,damage,not_damage,"label: no_damage
reason: The image shows a plain, light-colored wall with no visible damage, cracks, mold, wear, or asbestos."
crack_1917.rf.a5c819a7211a6e476a79479799865d4c.jpg,crack,no_damage,damage,not_damage,"label: no_damage
reason: The image shows a close-up of a surface with no visible damage, cracks, mold, wear, or asbestos. The surface appears to be in good condition."
crack_1918.rf.9f62bcab116c031ea67b90b0181c5ac8.jpg,crack,no_damage,damage,not_damage,"label: no_damage
reason: The image shows a plain, white surface with no visible damage, cracks, mold, wear, or asbestos-like material marks."
crack_1921.rf.e704f0b0e352f4ac12f23e71ffa6d9ad.jpg,crack,wear,damage,damage,"label: wear
reason: The image shows a concrete wall with visible signs of wear, such as discoloration and surface deterioration."
crack_1925.rf.1f017dee67732ee313bfb4fb7786c9ac.jpg,crack,wear,damage,damage,"label: wear
reason: The image shows a wall with visible signs of wear, such as discoloration and stains, which are indicative of aging or surface deterioration."
crack_1925.rf.591631f2fb1d8308a33ba0df19f042c9.jpg,crack,no_damage,damage,not_damage,"label: no_damage
reason: The image shows a plain, textured surface with no visible damage, cracks, mold, wear, or asbestos-like material marks."
crack_1930.rf.cae0bd7c3847b22536c7ff979a6f6559.jpg,crack,no_damage,damage,not_damage,"label: no_damage
reason: The image shows a close-up of a textured surface with no visible damage, cracks, mold, wear, or asbestos-like material marks. The surface appears to be in good condition."
crack_1930.rf.f96e3bc51fea5ee9269ddaa186213f9b.jpg,crack,wear,damage,damage,"label: wear
reason: The image shows a surface with visible signs of wear, such as discoloration and surface deterioration, but no other inspection-relevant issues like damage, cracks, mold, or asbestos are visible."
crack_1934.rf.93db13874bf21cf54f235391e72e3f86.jpg,crack,no_damage,damage,not_damage,"label: no_damage
reason: The image shows a close-up of a surface with a few small imperfections, but no significant damage, cracks, mold, wear, or asbestos is visible."
crack_1934.rf.e58a51a584b6a3e0694c3f951302c0d1.jpg,crack,crack,damage,damage,"label: crack
reason: There is a visible crack in the wall."
crack_1938.rf.07cd4437968f4e1dbb7150078d400e66.jpg,crack,no_damage,damage,not_damage,"label: no_damage
reason: The image shows a concrete surface with a visible crack, but no other signs of damage, mold, wear, or asbestos are present."
crack_1941.rf.3d0e1eda5b3c37b13b9e607923203340.jpg,crack,crack,damage,damage,"label: crack
reason: The image shows a visible crack in the surface, which is a sign of damage."
crack_1945.rf.6b3260cfc78dd875173ccd73163478f0.jpg,crack,crack,damage,damage,"label: crack
reason: There is a visible crack in the surface of the material."
crack_1962.rf.87a85247674d535192cd30622db96155.jpg,crack,crack,damage,damage,"label: crack
reason: There is a visible crack in the material."
crack_1969.rf.aba680f47f381299ef1df754b5566724.jpg,crack,damage,damage,damage,"label: damage
reason: The image shows a visible crack in the surface, which is a form of damage."
crack_1972.rf.77f4030524bc10d3526611f5a181d6c3.jpg,crack,no_damage,damage,not_damage,"label: no_damage
reason: The image shows a plain, white surface with no visible damage, cracks, mold, wear, or asbestos-like material marks."
crack_1973.rf.2e7484a48dc49ed7388f7a137c46406c.jpg,crack,no_damage,damage,not_damage,"label: no_damage
reason: The image shows a plain, light-colored surface with no visible damage, cracks, mold, wear, or asbestos-like material marks."
crack_1976.rf.153564648aecf6c0e5493daf99d933a0.jpg,crack,wear,damage,damage,"label: wear
reason: The image shows a surface with visible signs of wear, such as discoloration and surface deterioration, but no other inspection-relevant issues like damage, cracks, mold, or asbestos are visible."
crack_1976.rf.28941468f28682ac593bf6a7238d0469.jpg,crack,wear,damage,damage,"label: wear
reason: The image shows a surface with visible signs of wear, such as discoloration and aging, but no other inspection-relevant issues like damage, cracks, mold, or asbestos are visible."
crack_1979.rf.d3ee9d85b659ee844d1c26680f05d419.jpg,crack,wear,damage,damage,"label: wear
reason: The image shows a surface with visible signs of wear, such as discoloration and surface deterioration, but no other inspection-relevant issues like damage, cracks, mold, or asbestos are visible."
crack_1981.rf.a17e2813bcbeb73fa11f0712344b0430.jpg,crack,damage,damage,damage,"label: damage
reason: The image shows a visible crack in the wall, which is a form of damage."
crack_1991.rf.b0814b2196c9fb55bbda5471c0089d3c.jpg,crack,crack,damage,damage,"label: crack
reason: The image shows a visible crack in the material, which is a sign of damage."
crack_1995.rf.1973c959e42b7132ed38623b7b0dc7c2.jpg,crack,damage,damage,damage,"label: damage
reason: The image shows a crack in the surface, which is a form of damage."
crack_2005.rf.c78f1a39a95d992fc37fe91daf70ea94.jpg,crack,damage,damage,damage,"label: damage
reason: visible crack in the wall"
crack_2007.rf.4ba0e3221ac24f131841a32ab02057ff.jpg,crack,crack,damage,damage,"label: crack
reason: The image shows a visible crack in the surface, which is a sign of damage."
crack_2014.rf.e5e4312e7b056a921b2a305c555eeb05.jpg,crack,no_damage,damage,not_damage,"label: no_damage
reason: The image shows a close-up of a surface with a visible crack, but there are no signs of damage, mold, wear, or asbestos. The crack is the only inspection-relevant issue visible in the image."
crack_2019.rf.b35951ee6c1d1ce3a1c83571f4b4bb32.jpg,crack,damage,damage,damage,"label: damage
reason: The image shows a visible crack in the wall, which is a form of damage."
crack_2031.rf.51cc6c7f8cd28eccd4c312ce1b8ce380.jpg,crack,no_damage,damage,not_damage,"label: no_damage
reason: The image shows a plain, white surface with no visible damage, cracks, mold, wear, or asbestos-like material marks."
crack_2032.rf.15ad70af595cf31885f6411e275b877c.jpg,crack,no_damage,damage,not_damage,"label: no_damage
reason: The image shows a concrete surface with some natural variations in color and texture, but there are no visible signs of damage, cracks, mold, wear, or asbestos."
crack_2034.rf.fee0283d4648445853911d5c9c937980.jpg,crack,no_damage,damage,not_damage,"label: no_damage
reason: The image shows a white surface with a visible crack, but no other signs of damage, mold, wear, or asbestos are present."
crack_2041.rf.3dffe5bc02801b0f5e564155687b2520.jpg,crack,crack,damage,damage,"label: crack
reason: The image shows a visible crack in the surface, which is a sign of damage."
crack_2042.rf.581194e2a09b92bd0e018e64e5269f87.jpg,crack,no_damage,damage,not_damage,"label: no_damage
reason: The image shows a plain, white surface with no visible damage, cracks, mold, wear, or asbestos-like material marks."
crack_2043.rf.37ea25ead4d12143a2825d97dbb5c6a5.jpg,crack,crack,damage,damage,"label: crack
reason: The image shows a visible crack in the wall."
crack_2046.rf.bd5facc10099db62c1947112c1385228.jpg,crack,no_damage,damage,not_damage,"label: no_damage
reason: The image shows a plain, white surface with no visible damage, cracks, mold, wear, or asbestos-like material marks."
crack_2047.rf.2d1895b03bbd020d97f5bd886957ff6d.jpg,crack,no_damage,damage,not_damage,"label: no_damage
reason: The image shows a surface with a crack, but there are no other visible signs of damage, mold, wear, or asbestos."
crack_2047.rf.7611c49df9c483192310068e3c610b9b.jpg,crack,no_damage,damage,not_damage,"label: no_damage
reason: The image shows a close-up of a surface with a visible crack, but there are no signs of damage, mold, wear, or asbestos. The surface appears to be in good condition."
crack_2048.rf.5ea6940ef5444b0e0cb1c93270e4038f.jpg,crack,crack,damage,damage,"label: crack
reason: The image shows a visible crack in the surface, which is a sign of damage."
crack_2049.rf.c29cec438ed78242f888402d4aa2631c.jpg,crack,no_damage,damage,not_damage,"label: no_damage
reason: The image shows a plain, light-colored surface with no visible damage, cracks, mold, wear, or asbestos-like material marks."
crack_2056.rf.32eb7ae44229842a094bdeb2d3d906d3.jpg,crack,no_damage,damage,not_damage,"label: no_damage
reason: The image shows a plain, white surface with no visible damage, cracks, mold, wear, or asbestos-like material marks."
crack_2057.rf.ecb0a3b7aef8d469a3e95df9183dba4c.jpg,crack,crack,damage,damage,"label: crack
reason: The image shows a visible crack in the wall."
crack_2061.rf.d4cdc462e0bf33dd6ad45e94e77a57f0.jpg,crack,no_damage,damage,not_damage,"label: no_damage
reason: The image shows a plain, white surface with no visible damage, cracks, mold, wear, or asbestos-like material marks."
crack_2064.rf.f9f37327dfaaa571b91ccc5d25cc8039.jpg,crack,no_damage,damage,not_damage,"label: no_damage
reason: The image shows a plain, light-colored wall with no visible damage, cracks, mold, wear, or asbestos."
crack_2068.rf.1b1443817e5999d2121c601f90162c8c.jpg,crack,damage,damage,damage,"label: damage
reason: The image shows a crack in the surface, which is a form of damage."
crack_2070.rf.f39e5185a9dbba2961bf7eee26950b55.jpg,crack,no_damage,damage,not_damage,"label: no_damage
reason: The image shows a plain, white surface with no visible damage, cracks, mold, wear, or asbestos-like material marks."
crack_2075.rf.64a1939ef13d3570829a24d6cebf0971.jpg,crack,no_damage,damage,not_damage,"label: no_damage
reason: The image shows a surface with no visible damage, cracks, mold, wear, or asbestos-like material marks. The surface appears to be in good condition."
crack_2077.rf.d4ccb0d78a3f475850b0b5770b8aa76e.jpg,crack,wear,damage,damage,"label: wear
reason: The image shows a surface with visible signs of wear, such as discoloration and surface deterioration."
crack_2080.rf.18393801464812fbfd6c63825a1452c0.jpg,crack,crack,damage,damage,"label: crack
reason: The image shows a visible crack in the surface, which is a sign of damage."
crack_2082.rf.9c72a5dd0a1690f1932e25438e9db8dd.jpg,crack,no_damage,damage,not_damage,"label: no_damage
reason: The image shows a green surface with a crack, but there are no other visible signs of damage, mold, wear, or asbestos."
crack_2090.rf.93d332d96d5f732a08433d693e0eedef.jpg,crack,no_damage,damage,not_damage,"label: no_damage
reason: The image shows a green surface with a visible crack, but no other inspection-relevant issues are visible."
crack_2091.rf.ab9d969f82e8610c30ec3f7576494f44.jpg,crack,crack,damage,damage,"label: crack
reason: The image shows a visible crack in the wall."
crack_2098.rf.399f5a1ae7a286a9029d5caae51de922.jpg,crack,no_damage,damage,not_damage,"label: no_damage
reason: The image shows a surface with a visible crack, but no other inspection-relevant issues such as damage, mold, wear, or asbestos are visible."
crack_2102.rf.6d7ee4010dd896a302ce8da781da1287.jpg,crack,no_damage,damage,not_damage,"label: no_damage
reason: The image shows a plain, light-colored surface with no visible damage, cracks, mold, wear, or asbestos-like material marks."
crack_2104.rf.c7b7a0f15ad87675eadfa9955e2c6f36.jpg,crack,crack,damage,damage,"label: crack
reason: The image shows a visible crack in the surface of the wall."
crack_2108.rf.70ed95a2d3b0ad59bd84ed33b9782a87.jpg,crack,no_damage,damage,not_damage,"label: no_damage
reason: The image shows a close-up of a surface with a visible crack, but no other signs of damage, mold, wear, or asbestos are present."
crack_2109.rf.94400b80adeaff7d8abaae675bec1ab3.jpg,crack,no_damage,damage,not_damage,"label: no_damage
reason: The image shows a plain, white wall with no visible damage, cracks, mold, wear, or asbestos."
crack_2110.rf.4b6b6097bcf738428bb7156380269cb7.jpg,crack,no_damage,damage,not_damage,"label: no_damage
reason: The image shows a plain, light-colored surface with no visible damage, cracks, mold, wear, or asbestos-like material marks."
crack_2125.rf.257bb85be6426c71f1dd06b171fafa58.jpg,crack,no_damage,damage,not_damage,"label: no_damage
reason: The image shows a plain, white wall with a visible crack. However, there is no visible damage such as holes, broken material, fire damage, or water damage. There is no mold or mould visible, and there is no asbestos-like material marks."
crack_2129.rf.86f24e1d2405375dff04f7bf7197f3d5.jpg,crack,crack,damage,damage,"label: crack
reason: The image shows a visible crack in the surface, which is a sign of damage."
crack_2135.rf.d3e5faea08114e456df197fa6f8300cf.jpg,crack,no_damage,damage,not_damage,"label: no_damage
reason: The image shows a plain, white surface with no visible damage, cracks, mold, wear, or asbestos-like material marks."
crack_2138.rf.04946cc91228e58798e2a169403fd5d4.jpg,crack,no_damage,damage,not_damage,"label: no_damage
reason: The image shows a plain, textured surface with no visible damage, cracks, mold, wear, or asbestos-like material marks."
crack_2138.rf.ab06e88e23ab24db68999f75ad8e9a67.jpg,crack,damage,damage,damage,"label: damage
reason: The image shows a crack in the surface, which is a form of damage."
crack_2140.rf.07b63530ee40817d3ca7a1821d5834c1.jpg,crack,crack,damage,damage,"label: crack
reason: The image shows a visible crack in the surface, which is a sign of damage."
crack_2140.rf.54d2855d59c85fe5869a897fa437be7c.jpg,crack,crack,damage,damage,"label: crack
reason: The image shows a visible crack in the surface, which is a sign of damage."
crack_2142.rf.c1290de5d7aaf9dfd960d6f00d26dcf4.jpg,crack,no_damage,damage,not_damage,"label: no_damage
reason: The image shows a plain white surface with no visible damage, cracks, mold, wear, or asbestos-like material marks."
crack_2144.rf.9b0ce49d9a6060bb5874d1ec8ac24121.jpg,crack,no_damage,damage,not_damage,"label: no_damage
reason: The image shows a plain, white wall with no visible damage, cracks, mold, wear, or asbestos."
crack_2148.rf.0685c50aefe08a1761715f071de4341a.jpg,crack,no_damage,damage,not_damage,"label: no_damage
reason: The image shows a plain, white surface with no visible damage, cracks, mold, wear, or asbestos-like material marks."
crack_2149.rf.46a2a3abf5a7fed538f65fdf9428d92e.jpg,crack,no_damage,damage,not_damage,"label: no_damage
reason: The image shows a plain, light-colored surface with no visible damage, cracks, mold, wear, or asbestos-like material marks."
crack_2154.rf.ff0c0e8ded4d1fc09c69a704a26ceb35.jpg,crack,wear,damage,damage,"label: wear
reason: The image shows a surface with visible signs of wear, such as discoloration and surface deterioration, but no other inspection-relevant issues like damage, cracks, mold, or asbestos are visible."
crack_2155.rf.7f005331f72b89b374bd5fd96ce84693.jpg,crack,damage,damage,damage,"label: damage
reason: visible crack in the surface"
crack_2156.rf.bc87c42eff88a58346f529d83b8b432a.jpg,crack,no_damage,damage,not_damage,"label: no_damage
reason: The image shows a surface with no visible damage, cracks, mold, wear, or asbestos-like material marks."
crack_2162.rf.e4cc0488526780562d76ecb8b10b5684.jpg,crack,damage,damage,damage,"label: damage
reason: visible crack in the wall"
crack_2163.rf.ecfbf7fcb8f1c423aedbe32f1e42a0c2.jpg,crack,damage,damage,damage,"label: damage
reason: visible crack in the surface"
crack_2166.rf.f58d30b9567e662aa1dbade49b12a7ac.jpg,crack,no_damage,damage,not_damage,"label: no_damage
reason: The image shows a close-up of a textured surface with no visible damage, cracks, mold, wear, or asbestos. The surface appears to be in good condition."
crack_2174.rf.bfb41da636dca811e4be029b970db9b6.jpg,crack,no_damage,damage,not_damage,"label: no_damage
reason: The image shows a plain, light-colored surface with no visible damage, cracks, mold, wear, or asbestos-like material marks."
crack_2187.rf.4d776c223eb81b630e221c034ff6eaef.jpg,crack,no_damage,damage,not_damage,"label: no_damage
reason: The image shows a plain, white surface with no visible damage, cracks, mold, wear, or asbestos-like material marks."
crack_2187.rf.90e2ea57db6be7db900df38a246e1e7e.jpg,crack,no_damage,damage,not_damage,"label: no_damage
reason: The image shows a plain, white wall with no visible damage, cracks, mold, wear, or asbestos-like material marks."
crack_2189.rf.1dc5d833a0046bb4ccb0e082037d48ed.jpg,crack,wear,damage,damage,"label: wear
reason: The image shows a wall with visible signs of wear, such as discoloration and surface deterioration."
crack_2198.rf.964c1fff31dd2a8515027bb9cdc256e7.jpg,crack,no_damage,damage,not_damage,"label: no_damage
reason: The image shows a smooth, gray surface with no visible cracks, mold, wear, or asbestos-like material marks. The surface appears to be in good condition."
crack_2199.rf.54c31fc74b4e51bcbb7c96d36cc9328a.jpg,crack,no_damage,damage,not_damage,"label: no_damage
reason: The image shows a surface with a crack, but no other visible damage, mold, wear, or asbestos-like material marks."
crack_2200.rf.c82ff6f603f0a25b976fcb29dc54c252.jpg,crack,no_damage,damage,not_damage,"label: no_damage
reason: The image shows a plain, light-colored surface with no visible damage, cracks, mold, wear, or asbestos-like material marks."
crack_2200.rf.ee2b3156a4c9f03c18520ccfd1524f26.jpg,crack,no_damage,damage,not_damage,"label: no_damage
reason: The image shows a plain, white surface with no visible damage, cracks, mold, wear, or asbestos-like material marks."
crack_2201.rf.5d1471c14288b2ea68129a5e44cf41c8.jpg,crack,crack,damage,damage,"label: crack
reason: The image shows a visible crack in the surface, which is a sign of damage."
crack_2202.rf.e7d87903264d57eb109372b5c86574a7.jpg,crack,no_damage,damage,not_damage,"label: no_damage
reason: The image shows a concrete surface with some stains and minor wear, but no visible damage, cracks, mold, or asbestos."
crack_2203.rf.f0fdd46c37fb2c78c63444fb0aad017e.jpg,crack,no_damage,damage,not_damage,"label: no_damage
reason: The image shows a smooth, gray surface with no visible cracks, mold, wear, or asbestos-like material marks. The surface appears to be in good condition."
crack_2204.rf.137d20b8f981ba4855081a91dbd521d2.jpg,crack,no_damage,damage,not_damage,"label: no_damage
reason: The image shows a plain, white wall with no visible damage, cracks, mold, wear, or asbestos."
crack_2204.rf.ec7ac80085d595d60fa57d4449ab032f.jpg,crack,crack,damage,damage,"label: crack
reason: There is a visible crack in the surface of the wall."
crack_2209.rf.c3e2fb0de10963b292e70d2b4edad015.jpg,crack,damage,damage,damage,"label: damage
reason: The image shows a crack in the surface, which is a form of damage."
crack_2220.rf.1a8e4be2eb2149aa7dc5ab4135761e99.jpg,crack,no_damage,damage,not_damage,"label: no_damage
reason: The image shows a plain, white wall with a visible crack. However, there is no visible damage, mold, wear, or asbestos-like material marks. The crack is the only inspection-relevant issue visible in the image."
crack_2221.rf.2da8a9a619bf53ed234b152d44ab7b73.jpg,crack,no_damage,damage,not_damage,"label: no_damage
reason: The image shows a plain, textured surface with no visible damage, cracks, mold, wear, or asbestos-like material marks."
crack_2223.rf.b2fd5e71c9494821d67d9bfd1ba026d0.jpg,crack,crack,damage,damage,"label: crack
reason: The image shows a visible crack in the surface, which is a sign of damage."
crack_2225.rf.ef530f3387e327bcdfef4f61e3d08beb.jpg,crack,no_damage,damage,not_damage,"label: no_damage
reason: The image shows a concrete surface with a visible crack, but no other signs of damage, mold, wear, or asbestos are present."
crack_2226.rf.ae6ece18168ce33d9d5707f6024b68f3.jpg,crack,wear,damage,damage,"label: wear
reason: The image shows a surface with visible signs of wear, such as discoloration and surface deterioration, but no other inspection-relevant issues like damage, cracks, mold, or asbestos are visible."
crack_2227.rf.4f0bfdf30cfbde721a67e380d3ba74fc.jpg,crack,no_damage,damage,not_damage,"label: no_damage
reason: The image shows a plain, textured surface with no visible damage, cracks, mold, wear, or asbestos-like material marks."
crack_2227.rf.7efac326b49acddc2686ce684fa51ec5.jpg,crack,no_damage,damage,not_damage,"label: no_damage
reason: The image shows a plain, light-colored surface with no visible damage, cracks, mold, wear, or asbestos."
crack_2237.rf.5902d6b2a19de07b53f94ef97d82714a.jpg,crack,no_damage,damage,not_damage,"label: no_damage
reason: The image shows a plain, light-colored surface with no visible damage, cracks, mold, wear, or asbestos-like material marks."
crack_2237.rf.c01575573c487a7a7b073200b8349bd3.jpg,crack,no_damage,damage,not_damage,"label: no_damage
reason: The image shows a plain, light-colored surface with no visible damage, cracks, mold, wear, or asbestos."
crack_2239.rf.2b59a5a5eac26ba7e3845a1df37b17c1.jpg,crack,crack,damage,damage,"label: crack
reason: The image shows a visible crack in the surface, which is a sign of damage."
crack_2246.rf.590cd47e6562f9013cdab0089418ab05.jpg,crack,no_damage,damage,not_damage,"label: no_damage
reason: The image shows a surface with a visible crack, but no other inspection-relevant issues such as damage, mold, wear, or asbestos are visible."
crack_2246.rf.a3b519864a1951380a00035a2ba3675c.jpg,crack,no_damage,damage,not_damage,"label: no_damage
reason: The image shows a smooth, white surface with no visible cracks, mold, wear, or asbestos-like material marks. The surface appears to be in good condition."
crack_2246.rf.a864aeac4b30e9b72764fcba1802fd20.jpg,crack,no_damage,damage,not_damage,"label: no_damage
reason: The image shows a plain, white surface with no visible damage, cracks, mold, wear, or asbestos-like material marks."
crack_2248.rf.46aae1640ff9880795ec046b93badf92.jpg,crack,no_damage,damage,not_damage,"label: no_damage
reason: The image shows a smooth, uniform surface with no visible damage, cracks, mold, wear, or asbestos-like material marks."
crack_2253.rf.fe4128e70ac3f0e6d46cdf2ea4ff7ca7.jpg,crack,wear,damage,damage,"label: wear
reason: The image shows a wall with visible signs of wear, such as discoloration and surface deterioration."
crack_2255.rf.582bd58a52b31fa0f17a22109fdfda1e.jpg,crack,no_damage,damage,not_damage,"label: no_damage
reason: The image shows a close-up of a textured surface that appears to be a wall or floor, but there are no visible signs of damage, cracks, mold, wear, or asbestos. The surface looks smooth and there are no noticeable imperfections or"
crack_2256.rf.34a9499d1424e9517fbfd0bd4f934c3b.jpg,crack,no_damage,damage,not_damage,"label: no_damage
reason: The image shows a plain, textured surface with no visible damage, cracks, mold, wear, or asbestos-like material marks."
crack_2256.rf.41159e6265d326395a93a55e84cffde0.jpg,crack,no_damage,damage,not_damage,"label: no_damage
reason: The image shows a plain, white surface with no visible damage, cracks, mold, wear, or asbestos-like material marks."
crack_2258.rf.697d904261394c4c2915c7b64fdcddc7.jpg,crack,crack,damage,damage,"label: crack
reason: The image shows a visible crack in the surface, which is a sign of damage."
crack_2262.rf.6c812bd01c439aa52fc590f2de448bfb.jpg,crack,crack,damage,damage,"label: crack
reason: The image shows a visible crack in the wall."
crack_2264.rf.5b3f023335d38117354998980580edbd.jpg,crack,no_damage,damage,not_damage,"label: no_damage
reason: The image shows a plain, white surface with no visible damage, cracks, mold, wear, or asbestos-like material marks."
crack_2271.rf.8da6d46618460757719f6df2f8d89297.jpg,crack,damage,damage,damage,"label: damage
reason: Crack in the surface of the wall."
crack_2272.rf.254a991ef7fd98ec6a6308ebbbc51485.jpg,crack,damage,damage,damage,"label: damage
reason: The image shows a visible crack in the wall, which is a form of damage."
crack_2272.rf.e80da05133d540a3ecae3dda9b9eede8.jpg,crack,damage,damage,damage,"label: damage
reason: The image shows a visible crack in the wall, which is a form of damage."
crack_2273.rf.4c6138048c9309ca67f994e1963c0a32.jpg,crack,no_damage,damage,not_damage,"label: no_damage
reason: The image shows a close-up of a textured surface with no visible damage, cracks, mold, wear, or asbestos. The surface appears to be in good condition."
crack_2274.rf.5712706f169ad5ab788f546227533d28.jpg,crack,crack,damage,damage,"label: crack
reason: The image shows a visible crack in the wall."
crack_2276.rf.4c835b70f62038f7630376de94ae6647.jpg,crack,no_damage,damage,not_damage,"label: no_damage
reason: The image shows a plain, white surface with no visible damage, cracks, mold, wear, or asbestos-like material marks."
crack_2276.rf.a11cc193c9ad2f2274fdab5f8810bd4a.jpg,crack,crack,damage,damage,"label: crack
reason: The image shows a visible crack in the surface, which is a sign of damage."
crack_2278.rf.ba3e37333907da0a21d2d7bd8b3b4a65.jpg,crack,no_damage,damage,not_damage,"label: no_damage
reason: The image shows a plain, white surface with no visible damage, cracks, mold, wear, or asbestos-like material marks."
crack_2280.rf.2b5f6d4866f4e1688984e0c98a5f18d4.jpg,crack,no_damage,damage,not_damage,"label: no_damage
reason: The image shows a plain, light-colored wall with a visible crack. However, there is no visible damage such as holes, broken material, fire damage, or water damage. There is no mold or mould visible, and there is no asbestos-like material"
crack_2286.rf.a9ed1c448ccd583765f0eb0ef78d23ee.jpg,crack,crack,damage,damage,"label: crack
reason: There is a visible crack in the wall."
crack_2287.rf.2ae2a08b5c4ef031dc5093662c36df00.jpg,crack,no_damage,damage,not_damage,"label: no_damage
reason: The image shows a plain, light-colored surface with no visible damage, cracks, mold, wear, or asbestos-like material marks."
crack_2292.rf.bf6c5f27e96e4e4604ba063a8187be85.jpg,crack,crack,damage,damage,"label: crack
reason: The image shows a visible crack in the surface, which is a sign of damage."
crack_2294.rf.c7bfed4b3df66d0b72ea52bdb19db226.jpg,crack,no_damage,damage,not_damage,"label: no_damage
reason: The image shows a plain, light-colored wall with no visible damage, cracks, mold, wear, or asbestos."
crack_2296.rf.ea4fedccd6134557e39efc1e0033fcea.jpg,crack,no_damage,damage,not_damage,"label: no_damage
reason: The image shows a plain, light-colored surface with no visible damage, cracks, mold, wear, or asbestos-like material marks."
crack_2301.rf.69d6956e46333d6addfe66437376e0a8.jpg,crack,crack,damage,damage,"label: crack
reason: The image shows a visible crack in the surface of the wall."
crack_2302.rf.75b985249451598cb1d613509f214d2a.jpg,crack,no_damage,damage,not_damage,"label: no_damage
reason: The image shows a plain, white surface with no visible damage, cracks, mold, wear, or asbestos-like material marks."
crack_2303.rf.68b8820741740c46acf08ac37f14bbe4.jpg,crack,damage,damage,damage,"label: damage
reason: The image shows a crack in the surface, which is a form of damage."
crack_2305.rf.9cba4415beb5d35e59c71ac7ed4cb9e5.jpg,crack,crack,damage,damage,"label: crack
reason: There is a visible crack in the wall."
crack_2306.rf.466a69170184d2d5bc4dec52f95e9366.jpg,crack,no_damage,damage,not_damage,"label: no_damage
reason: The image shows a concrete surface with no visible damage, cracks, mold, wear, or asbestos-like material marks."
crack_2306.rf.4a456119e71f2508b61ba4a49fada584.jpg,crack,no_damage,damage,not_damage,"label: no_damage
reason: The image shows a concrete surface with no visible damage, cracks, mold, wear, or asbestos-like material marks."
crack_2309.rf.73ab1c5297af2752892813e08875b615.jpg,crack,crack,damage,damage,"label: crack
reason: There is a visible crack in the surface of the wall."
crack_2310.rf.382b83e653072fba919b16c8a5af967a.jpg,crack,wear,damage,damage,"label: wear
reason: The image shows a wall with visible signs of wear, such as discoloration and surface deterioration."
crack_2312.rf.7daa19029cff590a74885ec1b5cebdaa.jpg,crack,no_damage,damage,not_damage,"label: no_damage
reason: The image shows a plain, white surface with no visible damage, cracks, mold, wear, or asbestos-like material marks."
crack_2315.rf.04abaad821bab4471abba07c5c0d8626.jpg,crack,crack,damage,damage,"label: crack
reason: The image shows a visible crack in the wall."
crack_2315.rf.86cbea531c2792c4faef3a8180bd13df.jpg,crack,no_damage,damage,not_damage,"label: no_damage
reason: The image shows a smooth, unblemished surface with no visible damage, cracks, mold, wear, or asbestos-like material marks."
crack_2323.rf.06768caef93b3a44d3c59325a03230eb.jpg,crack,crack,damage,damage,"label: crack
reason: The image shows a visible crack in the surface, which is a sign of damage."
crack_2324.rf.ed4d3b41a502b28f061b8b72d267037f.jpg,crack,no_damage,damage,not_damage,"label: no_damage
reason: The image shows a plain, white wall with no visible damage, cracks, mold, wear, or asbestos-like material marks."
crack_2329.rf.c5c77915c076b0ee963c1aa07dd74313.jpg,crack,no_damage,damage,not_damage,"label: no_damage
reason: The image shows a smooth, unblemished surface with no visible damage, cracks, mold, wear, or asbestos-like material marks."
crack_2332.rf.3364ecc58576bfbc97f0acac90b3eaa4.jpg,crack,crack,damage,damage,"label: crack
reason: The image shows a visible crack in the surface, which is a sign of damage."
crack_2333.rf.7cead9672df7b9dc1986f246f15f9926.jpg,crack,crack,damage,damage,"label: crack
reason: The image shows a visible crack in the surface, which is a sign of damage."
crack_2336.rf.2a9cbaa93c1eb4b9f6147107550365c8.jpg,crack,crack,damage,damage,"label: crack
reason: There is a visible crack in the surface of the material."
crack_2341.rf.b3beab1f9fe553c47f3e61962a289a77.jpg,crack,no_damage,damage,not_damage,"label: no_damage
reason: The image shows a plain, light-colored surface with no visible damage, cracks, mold, wear, or asbestos-like material marks."
crack_2346.rf.7c02fc5b93ff88eb3a91fdbb5e284151.jpg,crack,damage,damage,damage,"label: damage
reason: The image shows a crack in the surface, which is a form of damage."
crack_2347.rf.52948772e140f9e63d1fbe807a368e98.jpg,crack,no_damage,damage,not_damage,"label: no_damage
reason: The image shows a close-up of a textured surface with no visible damage, cracks, mold, wear, or asbestos. The surface appears to be in good condition."
crack_2349.rf.bd7541bb112ff92d3065d84b461ba5a9.jpg,crack,no_damage,damage,not_damage,"label: no_damage
reason: The image shows a plain, white wall with no visible damage, cracks, mold, wear, or asbestos."
crack_2351.rf.82406b9335e50c01b0186e9f0a19ea5d.jpg,crack,crack,damage,damage,"label: crack
reason: The image shows a visible crack in the surface, which is a sign of damage."
crack_2352.rf.13d894635b7d1c9765f6d1a2404156b7.jpg,crack,no_damage,damage,not_damage,"label: no_damage
reason: The image shows a plain, white surface with no visible damage, cracks, mold, wear, or asbestos-like material marks."
crack_2356.rf.2eb14dbc718c5e7a0707653c608cd63b.jpg,crack,no_damage,damage,not_damage,"label: no_damage
reason: The image shows a plain white wall with a visible crack, but no other signs of damage, mold, wear, or asbestos are present."
crack_2356.rf.95835676e0f13d687c7d205967605baf.jpg,crack,no_damage,damage,not_damage,"label: no_damage
reason: The image shows a plain white wall with no visible damage, cracks, mold, wear, or asbestos-like material marks."
crack_2357.rf.fb036fec97f18c6952b595d2a6b2785d.jpg,crack,no_damage,damage,not_damage,"label: no_damage
reason: The image shows a plain white surface with no visible damage, cracks, mold, wear, or asbestos-like material marks."
crack_2362.rf.570872b79b5430ec936fec93eff0b03f.jpg,crack,no_damage,damage,not_damage,"label: no_damage
reason: The image shows a plain, textured surface with no visible damage, cracks, mold, wear, or asbestos-like material marks."
crack_2364.rf.7d5f320a08707658cfc1c22f23cf1cdc.jpg,crack,no_damage,damage,not_damage,"label: no_damage
reason: The image shows a plain, white surface with no visible damage, cracks, mold, wear, or asbestos-like material marks."
crack_2368.rf.4a27c8f916b5acbbb9903019a5e69bd2.jpg,crack,no_damage,damage,not_damage,"label: no_damage
reason: The image shows a plain, white surface with no visible damage, cracks, mold, wear, or asbestos-like material marks."
crack_2370.rf.3e81997dc2ac7d8e4bb11671d6b7e6ac.jpg,crack,crack,damage,damage,"label: crack
reason: The image shows a visible crack in the surface, which is a sign of damage."
crack_2372.rf.bc30be3d6aa86eb0cb6390d63d646ef9.jpg,crack,damage,damage,damage,"label: damage
reason: visible crack in the wall"
crack_2378.rf.1463c1fa573fa809c5ef9a9a980a1248.jpg,crack,no_damage,damage,not_damage,"label: no_damage
reason: The image shows a surface with a crack, but there are no visible signs of damage, mold, wear, or asbestos. The crack is the only issue that can be identified in the image."
crack_2378.rf.fc09e03696cd8c5d311373daf2d06a6c.jpg,crack,crack,damage,damage,"label: crack
reason: The image shows a visible crack in the surface, which is a sign of damage."
crack_2380.rf.4925032442dec8a511de7494fa335596.jpg,crack,no_damage,damage,not_damage,"label: no_damage
reason: The image shows a smooth, uniform surface with no visible damage, cracks, mold, wear, or asbestos-like material marks."
crack_2381.rf.ca4ecb8e991fd4f9fb02acf50cb37ae4.jpg,crack,no_damage,damage,not_damage,"label: no_damage
reason: The image shows a plain, light-colored surface with no visible damage, cracks, mold, wear, or asbestos-like material marks."
crack_2384.rf.02977e3224a7a0626d4271a88a434911.jpg,crack,crack,damage,damage,"label: crack
reason: There is a visible crack in the surface of the wall."
crack_2386.rf.27c59ea07f58cb1643d9e70e3e468562.jpg,crack,crack,damage,damage,"label: crack
reason: The image shows a visible crack in the surface, which is a sign of damage."
crack_2387.rf.fecdfa2ae61704588a7dc402bfb13a85.jpg,crack,crack,damage,damage,"label: crack
reason: The image shows a visible crack in the surface, which is a sign of damage."
crack_2390.rf.3991cd94d83fbf8da78db30bde9f6539.jpg,crack,no_damage,damage,not_damage,"label: no_damage
reason: The image shows a concrete surface with no visible damage, cracks, mold, wear, or asbestos-like material marks."
crack_2392.rf.712064bfad2f75f724219c6560e0ccee.jpg,crack,crack,damage,damage,"label: crack
reason: The image shows a visible crack in the surface, which is a sign of damage."
crack_2393.rf.0e5c9a203b3741d3a7033c16ca808e4d.jpg,crack,no_damage,damage,not_damage,"label: no_damage
reason: The image shows a plain, light-colored wall with no visible damage, cracks, mold, wear, or asbestos."
crack_2394.rf.01c35ed925496049f8c687397fd06bfe.jpg,crack,no_damage,damage,not_damage,"label: no_damage
reason: The image shows a plain, light-colored surface with no visible damage, cracks, mold, wear, or asbestos-like material marks."
crack_2398.rf.2623458c105f8a805c60e2ddd29d6b09.jpg,crack,crack,damage,damage,"label: crack
reason: The image shows a visible crack in the surface, which is a sign of damage."
crack_2398.rf.e3af952262e8467cbffbc06d5f6895df.jpg,crack,crack,damage,damage,"label: crack
reason: The image shows a visible crack in the surface, which is a sign of damage."
crack_2403.rf.15dcbe5ef75cac1f7cfe28d7749c627a.jpg,crack,no_damage,damage,not_damage,"label: no_damage
reason: The image shows a plain, light-colored surface with no visible damage, cracks, mold, wear, or asbestos-like material marks."
crack_2403.rf.910d31dbce3f33e0fca649d8ecdb5d88.jpg,crack,no_damage,damage,not_damage,"label: no_damage
reason: The image shows a smooth, white surface with no visible cracks, mold, wear, or asbestos-like material marks. The surface appears to be in good condition."
crack_2405.rf.31f2668822d3721e005e98e836bf4a72.jpg,crack,no_damage,damage,not_damage,"label: no_damage
reason: The image shows a concrete surface with some natural variations in color and texture, but there are no visible signs of damage, cracks, mold, wear, or asbestos."
crack_2405.rf.e5660f89cecfd197857c0369fd468ab9.jpg,crack,no_damage,damage,not_damage,"label: no_damage
reason: The image shows a concrete surface with some natural variations in color and texture, but there are no visible signs of damage, cracks, mold, wear, or asbestos."
crack_2405.rf.ed5d9fdffad2d8ed2ab5364638533c13.jpg,crack,no_damage,damage,not_damage,"label: no_damage
reason: The image shows a concrete surface with some natural variations in color and texture, but there are no visible signs of damage, cracks, mold, wear, or asbestos."
crack_2406.rf.4687869747f3e2bfeaf3a22879b8bf15.jpg,crack,no_damage,damage,not_damage,"label: no_damage
reason: The image shows a plain, light-colored surface with no visible damage, cracks, mold, wear, or asbestos-like material marks."
crack_2407.rf.ff6c69effa54640b94be6f7526e9bf0e.jpg,crack,no_damage,damage,not_damage,"label: no_damage
reason: The image shows a plain, textured surface with no visible damage, cracks, mold, wear, or asbestos-like material marks."
crack_2415.rf.21db62c8d950d1a1dca49a41562bf3ab.jpg,crack,no_damage,damage,not_damage,"label: no_damage
reason: The image shows a smooth, white surface with no visible damage, cracks, mold, wear, or asbestos-like material marks."
crack_2416.rf.0daa5b77c15dedd67a5b013075476db8.jpg,crack,no_damage,damage,not_damage,"label: no_damage
reason: The image shows a plain, textured surface with no visible damage, cracks, mold, wear, or asbestos-like material marks."
crack_2417.rf.5d4d564b97d8c52e5944b329cac3092f.jpg,crack,no_damage,damage,not_damage,"label: no_damage
reason: The image shows a smooth, uniform surface with no visible damage, cracks, mold, wear, or asbestos-like material marks."
crack_2419.rf.0b1e2026da5e6b6aa82fe32e22959e2d.jpg,crack,crack,damage,damage,"label: crack
reason: The image shows a visible crack in the surface of the wall."
crack_2421.rf.cfefcc0f4ecc924a6aaedd634a37d1c4.jpg,crack,no_damage,damage,not_damage,"label: no_damage
reason: The image shows a plain, light-colored surface with no visible damage, cracks, mold, wear, or asbestos-like material marks."
crack_2422.rf.79dec6d06dd2b39fd33b8e6845f57900.jpg,crack,no_damage,damage,not_damage,"label: no_damage
reason: The image shows a plain, light-colored surface with no visible damage, cracks, mold, wear, or asbestos-like material marks."
crack_2425.rf.f2f71c172518c14bb24375c4d1e9acf2.jpg,crack,no_damage,damage,not_damage,"label: no_damage
reason: The image shows a plain white wall with no visible damage, cracks, mold, wear, or asbestos-like material marks."
crack_2425.rf.f7791bb19af193d5575a12996ec9b65b.jpg,crack,no_damage,damage,not_damage,"label: no_damage
reason: The image shows a plain white wall with a visible crack, but no other signs of damage, mold, wear, or asbestos are present."
crack_2427.rf.6e5942474af135f378fc2bc86791d42c.jpg,crack,no_damage,damage,not_damage,"label: no_damage
reason: The image shows a smooth, uniform surface with no visible cracks, mold, wear, or asbestos-like material marks. The surface appears to be in good condition."
crack_2428.rf.56e0c2e86fe135faea2411ced5d51b1f.jpg,crack,crack,damage,damage,"label: crack
reason: The image shows a visible crack in the surface, which is a sign of damage."
crack_2429.rf.f46f49795c1937522832eb1487e3e0ef.jpg,crack,no_damage,damage,not_damage,"label: no_damage
reason: The image shows a plain, white wall with a visible crack. However, there is no visible damage such as holes, broken material, fire damage, or water damage. There is no mold or mould visible, and there is no asbestos-like material or wear"
crack_2436.rf.10547057741a6b7a2882d408e8aebfa0.jpg,crack,damage,damage,damage,"label: damage
reason: visible crack in the wall"
crack_2436.rf.700d42219daecdbce23f8089df829e7e.jpg,crack,crack,damage,damage,"label: crack
reason: The image shows a visible crack in the wall."
crack_2438.rf.a0d839bc87a17e476ecca0b47e3d2188.jpg,crack,crack,damage,damage,"label: crack
reason: The image shows a visible crack in the material, which is a sign of damage."
crack_2439.rf.cddd62bfd5dfe1daa3c9d1f485232d8f.jpg,crack,no_damage,damage,not_damage,"label: no_damage
reason: The image shows a plain, white surface with no visible damage, cracks, mold, wear, or asbestos-like material marks."
crack_2441.rf.64100db82f3d2e724cf6e151d8e3fc1e.jpg,crack,crack,damage,damage,"label: crack
reason: The image shows a visible crack in the wall."
crack_2442.rf.e36538eddd7a1d8adcc67af16aa4e139.jpg,crack,no_damage,damage,not_damage,"label: no_damage
reason: The image shows a yellow surface with a visible crack, but no other signs of damage, mold, wear, or asbestos are present."
crack_2445.rf.c05de866e52d672e04b6c767426b1638.jpg,crack,no_damage,damage,not_damage,"label: no_damage
reason: The image shows a plain, white surface with a single, thin crack running across it. There is no visible damage, mold, wear, or asbestos-like material marks. The surface appears to be in good condition."
crack_2445.rf.d5a231a0338c5d33bf7857ea5c830da7.jpg,crack,no_damage,damage,not_damage,"label: no_damage
reason: The image shows a plain, white surface with a single, thin crack running across it. There is no visible damage, mold, wear, or asbestos-like material marks. The surface appears to be in good condition."
crack_2447.rf.051699e45d975c0d183ed578fac595ba.jpg,crack,no_damage,damage,not_damage,"label: no_damage
reason: The image shows a close-up of a concrete surface with a visible crack. However, there is no visible damage such as holes, broken material, fire damage, or water damage. There is no mold or mould visible, and there is no wear or aging evident."
crack_2451.rf.9f731d3b645a324791906fce6a38fd69.jpg,crack,wear,damage,damage,"label: wear
reason: The image shows a surface with visible signs of wear, such as discoloration and aging, but no other inspection-relevant issues like damage, cracks, mold, or asbestos are visible."
crack_2455.rf.54edda81d77b83ad9112c6fb51c49600.jpg,crack,crack,damage,damage,"label: crack
reason: The image shows a visible crack in the wall."
crack_2455.rf.de08fb00b20d885f3bd3f245f5154bba.jpg,crack,no_damage,damage,not_damage,"label: no_damage
reason: The image shows a plain white wall with a visible crack, but no other signs of damage, mold, wear, or asbestos are present."
crack_2458.rf.038fc7783ae3899afd2e470f9f34e02b.jpg,crack,no_damage,damage,not_damage,"label: no_damage
reason: The image shows a plain, white surface with no visible damage, cracks, mold, wear, or asbestos-like material marks."
crack_2459.rf.a5857b13ed3d564617a3f90ad1b5cf07.jpg,crack,wear,damage,damage,"label: wear
reason: The image shows a wall with visible signs of wear, such as discoloration and surface deterioration."
crack_2461.rf.0b6a3f73dfefa77c58a3d793bca342e2.jpg,crack,crack,damage,damage,"label: crack
reason: The image shows a visible crack in the surface, which is a sign of damage."
crack_2469.rf.61993db3330cc58d92cdc42ffad14522.jpg,crack,no_damage,damage,not_damage,"label: no_damage
reason: The image shows a plain, light-colored surface with no visible damage, cracks, mold, wear, or asbestos."
crack_2477.rf.2b58216fe25e1c2a0931b5b94b36ed40.jpg,crack,no_damage,damage,not_damage,"label: no_damage
reason: The image shows a plain white surface with no visible damage, cracks, mold, wear, or asbestos-like material marks."
crack_2479.rf.7032e57e04bbfe67ec2397ff731f4869.jpg,crack,crack,damage,damage,"label: crack
reason: The image shows a visible crack in the concrete surface."
crack_2479.rf.ec4d0769bc1ed9c1cd7ed48e3d51aec2.jpg,crack,no_damage,damage,not_damage,"label: no_damage
reason: The image shows a concrete surface with a visible crack, but no other signs of damage, mold, wear, or asbestos are present."
crack_2483.rf.c08623d337dce85dae0bc77dc39d244a.jpg,crack,crack,damage,damage,"label: crack
reason: There is a visible crack in the surface of the material."
crack_2489.rf.f41957cdbd16962ca1a38c852712c55c.jpg,crack,no_damage,damage,not_damage,"label: no_damage
reason: The image shows a plain, light-colored surface with no visible damage, cracks, mold, wear, or asbestos-like material marks."
crack_2495.rf.020ba175fec3e3b431fab0ca4542286f.jpg,crack,wear,damage,damage,"label: wear
reason: The image shows a surface with visible signs of wear, such as discoloration and surface deterioration, but no other inspection-relevant issues like damage, cracks, mold, or asbestos are visible."
crack_2496.rf.3c4af0f29a713e7b8599c35b9c96c215.jpg,crack,no_damage,damage,not_damage,"label: no_damage
reason: The image shows a plain, light-colored wall with no visible damage, cracks, mold, wear, or asbestos."
crack_2501.rf.6e2690521a6df0cf52ec9c0978c14064.jpg,crack,no_damage,damage,not_damage,"label: no_damage
reason: The image shows a plain, light-colored surface with no visible damage, cracks, mold, wear, or asbestos-like material marks."
crack_2502.rf.9706630f82cdc22383639c1f6a81d36f.jpg,crack,no_damage,damage,not_damage,"label: no_damage
reason: The image shows a plain, light-colored wall with a visible crack. However, there is no evidence of damage, mold, wear, or asbestos in the image. The crack is the only inspection-relevant issue visible."
crack_2508.rf.01165820c5447cd8187f32c583967e15.jpg,crack,no_damage,damage,not_damage,"label: no_damage
reason: The image shows a plain, white surface with no visible damage, cracks, mold, wear, or asbestos-like material marks."
crack_2513.rf.4be83b4a835d5ea5191bb1fa9bdd4441.jpg,crack,no_damage,damage,not_damage,"label: no_damage
reason: The image shows a close-up of a wall with a visible crack, but no other signs of damage, mold, wear, or asbestos are present."
crack_2518.rf.0f22f6bedd8376b0b3d6749158046da6.jpg,crack,no_damage,damage,not_damage,"label: no_damage
reason: The image shows a plain, white wall with no visible damage, cracks, mold, wear, or asbestos-like material marks."
crack_2519.rf.8b584682dcef35aaa5bb06b1744be188.jpg,crack,wear,damage,damage,"label: wear
reason: The image shows a surface with visible signs of wear, such as discoloration and surface deterioration, but no other inspection-relevant issues like damage, cracks, mold, or asbestos are visible."
crack_2522.rf.c97caf96a38e77c30091c4445b894f7a.jpg,crack,crack,damage,damage,"label: crack
reason: The image shows a visible crack in the material, which is a sign of damage."
crack_2524.rf.07d0349c67d9cc040b638d72ec3ef72b.jpg,crack,no_damage,damage,not_damage,"label: no_damage
reason: The image shows a concrete surface with no visible damage, cracks, mold, wear, or asbestos-like material marks."
crack_2525.rf.872ee63005c4ef26019057b5b542e2d2.jpg,crack,no_damage,damage,not_damage,"label: no_damage
reason: The image shows a concrete surface with a visible crack, but no other signs of damage, mold, wear, or asbestos are present."
crack_2528.rf.8d3671f22a62a9b3a7551200440121ce.jpg,crack,no_damage,damage,not_damage,"label: no_damage
reason: The image shows a plain, grey concrete surface with a visible crack. However, there is no visible damage, mold, wear, or asbestos-like material marks. The crack is the only inspection-relevant issue visible in the image."
crack_2529.rf.d007fff8ace3ffe245a5eb4e4f50a337.jpg,crack,no_damage,damage,not_damage,"label: no_damage
reason: The image shows a plain, white surface with no visible damage, cracks, mold, wear, or asbestos-like material marks."
crack_2530.rf.b9fe1f7980e75bf7501eb23a98e66136.jpg,crack,crack,damage,damage,"label: crack
reason: The image shows a visible crack in the surface, which is a sign of damage."
crack_2533.rf.9489fe39cd91c2f4f9cc8d53dc18c0ac.jpg,crack,wear,damage,damage,"label: wear
reason: The image shows a surface with visible signs of wear, such as discoloration and surface deterioration, but no other inspection-relevant issues like damage, cracks, mold, or asbestos are visible."
crack_2534.rf.7afa175f54cd5ca6e15a2bb0c9649be7.jpg,crack,no_damage,damage,not_damage,"label: no_damage
reason: The image shows a plain, white surface with no visible damage, cracks, mold, wear, or asbestos-like material marks."
crack_2538.rf.de2b4492d8deefc04858922712da80c4.jpg,crack,no_damage,damage,not_damage,"label: no_damage
reason: The image shows a concrete surface with a few small spots, but there are no visible cracks, mold, wear, or asbestos-like material marks. The surface appears to be in good condition."
crack_2539.rf.96db098a7e86efdd8ff3d0f28d7a1cb4.jpg,crack,crack,damage,damage,"label: crack
reason: The image shows a visible crack in the surface, which is a sign of damage."
crack_2551.rf.ff02947067f5c5b2fd9f9e4244a31e60.jpg,crack,crack,damage,damage,"label: crack
reason: The image shows a visible crack in the wall, which is a sign of damage."
crack_2557.rf.9e29140ecc1edd878b956ea9e81d575f.jpg,crack,no_damage,damage,not_damage,"label: no_damage
reason: The image shows a plain, light-colored surface with no visible damage, cracks, mold, wear, or asbestos-like material marks."
crack_2558.rf.c8997e740e170df25dd8f85fb57f1710.jpg,crack,damage,damage,damage,"label: damage
reason: There is a visible crack in the wall, which indicates damage."
crack_2561.rf.5a5ac8a4d5add0413a4d78aaccd25c76.jpg,crack,no_damage,damage,not_damage,"label: no_damage
reason: The image shows a close-up of a concrete surface with a visible crack. However, there is no visible damage such as holes, broken material, fire damage, or water damage. There is no mold or mould visible, and there is no asbestos-like"
crack_2562.rf.c4eed176e6d2a1978957393755cf47b9.jpg,crack,no_damage,damage,not_damage,"label: no_damage
reason: The image shows a plain, light-colored surface with no visible damage, cracks, mold, wear, or asbestos-like material marks."
crack_2562.rf.faac319856debc43fa6c5eb9e1262da8.jpg,crack,no_damage,damage,not_damage,"label: no_damage
reason: The image shows a plain, light-colored surface with no visible damage, cracks, mold, wear, or asbestos-like material marks."
crack_2568.rf.93d8cba59dd939920a200c415b610ec9.jpg,crack,crack,damage,damage,"label: crack
reason: The image shows a visible crack in the surface, which is a sign of damage."
crack_2569.rf.0ec566e801f5b0ab78446b11d1f5e1f9.jpg,crack,no_damage,damage,not_damage,"label: no_damage
reason: The image shows a plain, light-colored surface with no visible damage, cracks, mold, wear, or asbestos-like material marks."
crack_2571.rf.c75438f9101243c57b97df7b91963eec.jpg,crack,crack,damage,damage,"label: crack
reason: There is a visible crack in the wall."
crack_2580.rf.09f733f921f5a82ae31e0b6e94390800.jpg,crack,no_damage,damage,not_damage,"label: no_damage
reason: The image shows a plain, white surface with no visible damage, cracks, mold, wear, or asbestos-like material marks."
crack_2583.rf.8921825ad0e51c4e6c5c86ad5fa12071.jpg,crack,damage,damage,damage,"label: damage
reason: visible crack in the wall"
crack_2590.rf.e37f836b03078ec4fda627c6b4722741.jpg,crack,no_damage,damage,not_damage,"label: no_damage
reason: The image shows a plain, light-colored surface with no visible damage, cracks, mold, wear, or asbestos-like material marks."
crack_2596.rf.430f86d3efe2283e7b4ddbca16d17710.jpg,crack,no_damage,damage,not_damage,"label: no_damage
reason: The image shows a plain, white wall with no visible damage, cracks, mold, wear, or asbestos."
crack_2601.rf.0c3f9f365c4ff383c754e243e801120b.jpg,crack,no_damage,damage,not_damage,"label: no_damage
reason: The image shows a plain, white surface with no visible damage, cracks, mold, wear, or asbestos-like material marks."
crack_3006.rf.ae9e3b6429cb07b2856615c3cdf71190.jpg,crack,no_damage,damage,not_damage,"label: no_damage
reason: The image shows a plain, textured surface with no visible damage, cracks, mold, wear, or asbestos-like material marks."
crack_3009.rf.b93c46894d021e25a9791271db518fab.jpg,crack,crack,damage,damage,"label: crack
reason: There is a visible crack in the wall."
crack_3010.rf.5900957bd5e4001d5570025ec6f6e9ff.jpg,crack,damage,damage,damage,"label: damage
reason: The image shows a crack in the wall, which is a form of damage."
crack_3012.rf.fdffc4a4f8fe20f9e38a33853c79098c.jpg,crack,no_damage,damage,not_damage,"label: no_damage
reason: The image shows a plain, white surface with no visible damage, cracks, mold, wear, or asbestos-like material marks."
crack_3014.rf.ea5b690c0a7f0a91a725b2d436a6463c.jpg,crack,crack,damage,damage,"label: crack
reason: The image shows a visible crack in the surface, which is a sign of damage."
crack_3015.rf.5232abb7412fc4a2cb6f2900adb580ea.jpg,crack,no_damage,damage,not_damage,"label: no_damage
reason: The image shows a plain, textured surface with no visible damage, cracks, mold, wear, or asbestos-like material marks."
crack_3019.rf.e853b8d502af917ed6417f18b930cc34.jpg,crack,crack,damage,damage,"label: crack
reason: The image shows a visible crack in the material, which is a sign of damage."
crack_3020.rf.995ec976cf548e7b1a1a97195a44d7b6.jpg,crack,crack,damage,damage,"label: crack
reason: There is a visible crack in the surface of the material."
crack_3024.rf.63b5dd56ddde3f2f2c47e0b05eb235b5.jpg,crack,damage,damage,damage,"label: damage
reason: The image shows a large crack in the surface, which is a form of damage."
crack_3025.rf.a92f9c02513605517e3007536597a2a3.jpg,crack,damage,damage,damage,"label: damage
reason: Crack in the wall visible in the image."
crack_3027.rf.f4157045c809cf80959457e7856856ba.jpg,crack,no_damage,damage,not_damage,"label: no_damage
reason: The image shows a plain, textured surface with no visible damage, cracks, mold, wear, or asbestos-like material marks."
crack_3030.rf.31a9aca163874f5b5cc55a07c966a48c.jpg,crack,no_damage,damage,not_damage,"label: no_damage
reason: The image shows a plain, white surface with no visible damage, cracks, mold, wear, or asbestos-like material marks."
crack_3035.rf.d6cb2528d1ad92dadb012aa4f6a32a24.jpg,crack,crack,damage,damage,"label: crack
reason: There is a visible crack in the wall."
crack_3038.rf.107c56a25de06030d2810067e992ca73.jpg,crack,no_damage,damage,not_damage,"label: no_damage
reason: The image shows a plain white surface with no visible damage, cracks, mold, wear, or asbestos-like material marks."
crack_3039.rf.37407c9cfc997b2d2d2f964f6ab9ac97.jpg,crack,crack,damage,damage,"label: crack
reason: The image shows a visible crack in the surface, which is a sign of damage."
crack_3041.rf.81c72169b7af2d18824a4ade329de532.jpg,crack,crack,damage,damage,"label: crack
reason: There is a visible crack in the surface of the material."
crack_3045.rf.10937c63953849518bb40824b467ac3e.jpg,crack,no_damage,damage,not_damage,"label: no_damage
reason: The image shows a smooth, unblemished surface with no visible damage, cracks, mold, wear, or asbestos-like material marks."
crack_3047.rf.e264ef332ce288a029eba17eba374b72.jpg,crack,no_damage,damage,not_damage,"label: no_damage
reason: The image shows a plain, white wall with no visible damage, cracks, mold, wear, or asbestos-like material marks."
crack_3049.rf.4cf26f933dc21c9d1fda9807c0b3d35d.jpg,crack,crack,damage,damage,"label: crack
reason: There is a visible crack in the surface of the material."
crack_3054.rf.b1337a81ecb13b3927a0583c586101f7.jpg,crack,no_damage,damage,not_damage,"label: no_damage
reason: The image shows a clean, white surface with no visible damage, cracks, mold, wear, or asbestos-like material marks."
crack_3058.rf.3037cd45e3fdb337581b635044d5ae7f.jpg,crack,crack,damage,damage,"label: crack
reason: The image shows a visible crack in the surface, which is a sign of damage."
crack_3059.rf.9b12940252371cbc325856401701b448.jpg,crack,crack,damage,damage,"label: crack
reason: The image shows a visible crack in the surface, which is a sign of damage."
crack_3061.rf.09d72e1e17e69f7fb6c015fd1d2de232.jpg,crack,no_damage,damage,not_damage,"label: no_damage
reason: The image shows a close-up of a concrete surface with a visible crack. However, there are no signs of damage, mold, wear, or asbestos in the image. The surface appears to be in good condition, with no visible issues that would require inspection or"
crack_3062.rf.5dd25dac53d02a09b2f193c369b36347.jpg,crack,no_damage,damage,not_damage,"label: no_damage
reason: The image shows a plain, light-colored surface with no visible damage, cracks, mold, wear, or asbestos-like material marks."
crack_3064.rf.bf05f4db34a651f344421faf397465da.jpg,crack,no_damage,damage,not_damage,"label: no_damage
reason: The image shows a plain, white surface with no visible damage, cracks, mold, wear, or asbestos-like material marks."
crack_3065.rf.66ce0ba540a84a79522cb4f10412f5b4.jpg,crack,crack,damage,damage,"label: crack
reason: The image shows a visible crack in the surface, which is a sign of damage."
crack_3070.rf.687261f46172c653a2554a6e0d333e3e.jpg,crack,crack,damage,damage,"label: crack
reason: The image shows a visible crack in the surface, which is a sign of damage."
crack_3073.rf.db548fbef1d77fd1551b9da1b7f4c76f.jpg,crack,wear,damage,damage,"label: wear
reason: The image shows a surface with visible signs of wear, such as discoloration and aging, but no other inspection-relevant issues like damage, cracks, mold, or asbestos are visible."
crack_3074.rf.63d92fcf393c6cd4a012890eb4e0840b.jpg,crack,crack,damage,damage,"label: crack
reason: The image shows a visible crack in the wall."
crack_3076.rf.d118523f1ee4758f16cccda36708c02b.jpg,crack,no_damage,damage,not_damage,"label: no_damage
reason: The image shows a plain, light-colored wall with a visible crack running down the center. However, there are no signs of damage, mold, wear, or asbestos in the visible area."
crack_3078.rf.70a281221c83ae3e03097311f8573433.jpg,crack,crack,damage,damage,"label: crack
reason: The image shows a visible crack in the surface, which is a sign of damage."
crack_3079.rf.c10cdb3f6bc032236a5c3e229fd8afe4.jpg,crack,no_damage,damage,not_damage,"label: no_damage
reason: The image shows a plain white wall with no visible damage, cracks, mold, wear, or asbestos-like material marks."
crack_3079.rf.dcbce5b0d1316f96bab50135d320d548.jpg,crack,crack,damage,damage,"label: crack
reason: There is a visible crack in the wall."
crack_3080.rf.78e9f9fbe0f9e63889841edd2d256389.jpg,crack,crack,damage,damage,"label: crack
reason: The image shows a visible crack in the surface, which is a sign of damage."
crack_3081.rf.41340d92925a9c3064aa3d9bd45e1e61.jpg,crack,no_damage,damage,not_damage,"label: no_damage
reason: The image shows a close-up of a concrete surface with a visible crack running through it. However, there are no signs of damage, mold, wear, or asbestos in the image."
crack_3081.rf.d7df0f3a9be5086c19156b0f5bead28c.jpg,crack,no_damage,damage,not_damage,"label: no_damage
reason: The image shows a smooth, unblemished surface with no visible cracks, mold, wear, or asbestos-like material marks."
crack_3084.rf.570b7f1120e1b11a17740dff5508a726.jpg,crack,no_damage,damage,not_damage,"label: no_damage
reason: The image shows a smooth, white surface with no visible damage, cracks, mold, wear, or asbestos-like material marks."
crack_3086.rf.47d57167edbc96c4fccb3067a1355161.jpg,crack,no_damage,damage,not_damage,"label: no_damage
reason: The image shows a plain white wall with no visible damage, cracks, mold, wear, or asbestos-like material marks."
crack_3088.rf.b3f854bd65f7bbabda3670ab396df635.jpg,crack,damage,damage,damage,"label: damage
reason: The image shows a visible crack in the surface, which is a form of damage."
crack_3089.rf.06f85fea86bac50c0858935573933207.jpg,crack,crack,damage,damage,"label: crack
reason: The image shows a visible crack in the surface, which is a sign of damage."
crack_3092.rf.c342594eb3c11bc280bd7712803f4a05.jpg,crack,crack,damage,damage,"label: crack
reason: The image shows a visible crack in the surface, which is a sign of damage."
crack_3092.rf.fcb0a71c77bb698478270c40053aed85.jpg,crack,no_damage,damage,not_damage,"label: no_damage
reason: The image shows a close-up of a textured surface that appears to be a wall or floor, but there are no visible signs of damage, cracks, mold, wear, or asbestos. The surface looks smooth and undamaged."
crack_3095.rf.eb993b8f673e3805c4b1d40fe6f193a1.jpg,crack,no_damage,damage,not_damage,"label: no_damage
reason: The image shows a plain, grey surface with no visible damage, cracks, mold, wear, or asbestos-like material marks."
crack_3097.rf.770603198aca0c70031ce33d85a98018.jpg,crack,no_damage,damage,not_damage,"label: no_damage
reason: The image shows a surface with no visible damage, cracks, mold, wear, or asbestos-like material marks."
crack_3098.rf.be4251a3ae53b9cf38f71da619bc0280.jpg,crack,no_damage,damage,not_damage,"label: no_damage
reason: The image shows a plain, light-colored surface with no visible damage, cracks, mold, wear, or asbestos-like material marks."
crack_3099.rf.3db3dc49a34e417384375751c40b1ec4.jpg,crack,crack,damage,damage,"label: crack
reason: The image shows a visible crack in the surface of the material."
crack_3105.rf.77135137675b8e2976c61035e406f757.jpg,crack,no_damage,damage,not_damage,"label: no_damage
reason: The image shows a plain, textured surface with no visible damage, cracks, mold, wear, or asbestos-like material marks."
crack_3107.rf.b26efde8b71462a34a914d1faf1b5f2d.jpg,crack,crack,damage,damage,"label: crack
reason: The image shows a visible crack in the surface, which is a sign of damage."
crack_3108.rf.76a630c29b9d71f67d9460925e4ede2f.jpg,crack,crack,damage,damage,"label: crack
reason: There is a visible crack in the surface of the material."
crack_3111.rf.b487278fab5f2308f38f04a93ded922b.jpg,crack,no_damage,damage,not_damage,"label: no_damage
reason: The image shows a plain, light-colored wall with no visible damage, cracks, mold, wear, or asbestos."
crack_3112.rf.4f99cdea8bd856bc7ebedefc9b2f9003.jpg,crack,no_damage,damage,not_damage,"label: no_damage
reason: The image shows a close-up of a surface with a crack, but there are no other visible signs of damage, mold, wear, or asbestos."
crack_3117.rf.5b723bd72c324c3876fb5624e8e3bbec.jpg,crack,crack,damage,damage,"label: crack
reason: The image shows a visible crack in the surface, which is a sign of damage."
crack_3122.rf.0df5b7bcb1c090b529d47bd473ae9955.jpg,crack,no_damage,damage,not_damage,"label: no_damage
reason: The image shows a concrete surface with no visible damage, cracks, mold, wear, or asbestos-like material marks."
crack_3122.rf.21c592b4eb5947def7fb210c1181f8dc.jpg,crack,crack,damage,damage,"label: crack
reason: The image shows a visible crack in the surface, which is a sign of damage."
crack_3126.rf.4c0671edd4f93fdce845d486517354e8.jpg,crack,no_damage,damage,not_damage,"label: no_damage
reason: The image shows a plain, textured surface with no visible damage, cracks, mold, wear, or asbestos-like material marks."
crack_3127.rf.916f3c8269ba86bbccc04370f4183444.jpg,crack,no_damage,damage,not_damage,"label: no_damage
reason: The image shows a surface with some discoloration and wear, but no visible damage, cracks, mold, or asbestos."
crack_3131.rf.564399526ea4780f988b8dfe6cbb52d6.jpg,crack,no_damage,damage,not_damage,"label: no_damage
reason: The image shows a plain, white surface with no visible damage, cracks, mold, wear, or asbestos-like material marks."
crack_3131.rf.c9e7ac6d3f28553ae52b432416d8d27f.jpg,crack,crack,damage,damage,"label: crack
reason: The image shows a visible crack in the surface, which is a sign of damage."
crack_3134.rf.4e3947593f04c5c3abdc161d1f2e2f81.jpg,crack,crack,damage,damage,"label: crack
reason: There is a visible crack in the wall."
crack_3138.rf.b03a4b15dbfcbffb7da360733341d3e9.jpg,crack,no_damage,damage,not_damage,"label: no_damage
reason: The image shows a concrete surface with a visible crack, but no other signs of damage, mold, wear, or asbestos are present."
crack_3144.rf.f5962db58c344fa4420f0566a34358d0.jpg,crack,damage,damage,damage,"label: damage
reason: The image shows a crack in the surface, which is a form of damage."
crack_3145.rf.95afb2d2437677f844c20ba94a942e25.jpg,crack,crack,damage,damage,"label: crack
reason: The image shows a visible crack in the surface, which is a sign of damage."
crack_3147.rf.623c69743c8ed22b4b5fcc40bcba9f87.jpg,crack,no_damage,damage,not_damage,"label: no_damage
reason: The image shows a plain white wall with no visible damage, cracks, mold, wear, or asbestos-like material marks."
crack_3149.rf.8ef102e16ef4b3549729174591bf968d.jpg,crack,damage,damage,damage,"label: damage
reason: The image shows a visible crack in the surface, which is a form of damage."
crack_3149.rf.b1c09cb8d6a6500a67cb83764e8f5955.jpg,crack,damage,damage,damage,"label: damage
reason: The image shows a visible crack in the surface, which is a form of damage."
crack_3150.rf.1ca4ed4a1274c78e2030b61aa874e8ed.jpg,crack,crack,damage,damage,"label: crack
reason: There is a visible crack in the wall."
crack_3153.rf.114752e74958a87fd072e4c7258f17b6.jpg,crack,wear,damage,damage,"label: wear
reason: The image shows a surface with visible signs of wear, such as discoloration and aging, but no other inspection-relevant issues like damage, cracks, mold, or asbestos are visible."
crack_3153.rf.45348910f32a87029ce794ecb37db58e.jpg,crack,no_damage,damage,not_damage,"label: no_damage
reason: The image shows a plain, textured surface with no visible damage, cracks, mold, wear, or asbestos."
crack_3154.rf.96c992d5b0c2d0fc334a116d0ecf9330.jpg,crack,no_damage,damage,not_damage,"label: no_damage
reason: The image shows a plain, white wall with no visible damage, cracks, mold, wear, or asbestos-like material marks."
crack_3155.rf.ae14ca9729647b0d7220e4730bd87183.jpg,crack,crack,damage,damage,"label: crack
reason: The image shows a visible crack in the concrete surface."
crack_3157.rf.b638e65564c5fc0de214a085721d29c7.jpg,crack,no_damage,damage,not_damage,"label: no_damage
reason: The image shows a plain, light-colored wall with a visible crack. However, there is no visible damage such as holes, broken material, fire damage, or water damage. There is no mold or mould visible, and there is no asbestos-like material"
crack_3163.rf.d260b36c30c250e937d158061dacbb9d.jpg,crack,crack,damage,damage,"label: crack
reason: The image shows a visible crack in the surface, which is a sign of damage."
crack_3164.rf.ff63686c054f70daf36d56313ef0f970.jpg,crack,no_damage,damage,not_damage,"label: no_damage
reason: The image shows a smooth, unblemished surface with no visible damage, cracks, mold, wear, or asbestos-like material marks."
crack_3169.rf.24a35061ab93fe7c6568f2c044573874.jpg,crack,no_damage,damage,not_damage,"label: no_damage
reason: The image shows a close-up of a textured surface with no visible damage, cracks, mold, wear, or asbestos-like material marks."
crack_3169.rf.3b8121eccdf5d1055e52213b4a223a12.jpg,crack,no_damage,damage,not_damage,"label: no_damage
reason: The image shows a surface with a visible crack, but no other inspection-relevant issues such as damage, mold, wear, or asbestos are visible."
crack_3170.rf.7ee22dfcd0e83dc0056f8988aadf4d63.jpg,crack,no_damage,damage,not_damage,"label: no_damage
reason: The image shows a plain, white surface with a single, thin crack running across it. There is no visible damage, mold, wear, or asbestos-like material marks. The surface appears to be in good condition."
crack_3172.rf.cb0999cf34611fb5bbdac2a5c68b926b.jpg,crack,no_damage,damage,not_damage,"label: no_damage
reason: The image shows a smooth, greenish surface with no visible damage, cracks, mold, wear, or asbestos-like material marks."
crack_3173.rf.bcad2115484dacae9382f9a4c5b8e4a2.jpg,crack,no_damage,damage,not_damage,"label: no_damage
reason: The image shows a plain, textured surface with no visible damage, cracks, mold, wear, or asbestos."
crack_3175.rf.63ee56f529ea56475699940d4da94e23.jpg,crack,no_damage,damage,not_damage,"label: no_damage
reason: The image shows a plain, white wall with no visible damage, cracks, mold, wear, or asbestos."
crack_3175.rf.f68aa022103969a3d52d2254f39963f0.jpg,crack,no_damage,damage,not_damage,"label: no_damage
reason: The image shows a plain, white wall with no visible damage, cracks, mold, wear, or asbestos."
crack_3177.rf.45a204a428862bc24f67b2c501d29bbc.jpg,crack,crack,damage,damage,"label: crack
reason: The image shows a visible crack in the surface, which is a sign of damage."
crack_3180.rf.32fb2b834a70134e2198f5e5f16c339f.jpg,crack,no_damage,damage,not_damage,"label: no_damage
reason: The image shows a concrete surface with a visible crack, but no other signs of damage, mold, wear, or asbestos are present."
crack_3182.rf.1947d24e6088345949330cb055df467a.jpg,crack,wear,damage,damage,"label: wear
reason: The image shows a surface with visible signs of wear, such as discoloration and surface deterioration."
crack_3182.rf.c9577d934036efce319399daecde96ed.jpg,crack,wear,damage,damage,"label: wear
reason: The image shows a surface with visible signs of wear, such as discoloration and surface deterioration."
crack_3183.rf.1a5c78a9b5ebbae3855fcecaf3eef66c.jpg,crack,damage,damage,damage,"label: damage
reason: visible crack in the surface"
crack_3184.rf.5e4f5a9f23a6ccb61e19ce891589dda9.jpg,crack,no_damage,damage,not_damage,"label: no_damage
reason: The image shows a plain, white surface with a single, thin crack running across it. There is no visible damage, mold, wear, or asbestos-like material marks. The surface appears to be in good condition."
crack_3187.rf.153eb501b5f32239b563b1a973a5ecd8.jpg,crack,damage,damage,damage,"label: damage
reason: visible crack in the wall"
crack_3187.rf.a5150b9727faa8b0fd36b964cf7b84f7.jpg,crack,damage,damage,damage,"label: damage
reason: Crack in the wall"
crack_3189.rf.ab29ddd14f620759f6cbec4007e2fe47.jpg,crack,no_damage,damage,not_damage,"label: no_damage
reason: The image shows a plain, light-colored surface with no visible damage, cracks, mold, wear, or asbestos-like material marks."
crack_3191.rf.2556101d73b8ca6d709bbcf3ff22e467.jpg,crack,no_damage,damage,not_damage,"label: no_damage
reason: The image shows a plain white wall with no visible damage, cracks, mold, wear, or asbestos-like material marks."
crack_3194.rf.751d855b8168674ff3be3be5c5bf7256.jpg,crack,no_damage,damage,not_damage,"label: no_damage
reason: The image shows a plain, white surface with no visible damage, cracks, mold, wear, or asbestos-like material marks."
crack_3195.rf.e3ae0cd9816c8c0601044343d91cbc09.jpg,crack,wear,damage,damage,"label: wear
reason: The image shows a surface with visible signs of wear, such as discoloration and surface deterioration, but no other inspection-relevant issues like damage, cracks, mold, or asbestos are visible."
crack_3201.rf.62d139d7fdf93872028b45b398d7fb11.jpg,crack,crack,damage,damage,"label: crack
reason: The image shows a visible crack in the surface, which is a sign of damage."
crack_3203.rf.2bb435de26ed9b905a79dccb284b5500.jpg,crack,no_damage,damage,not_damage,"label: no_damage
reason: The image shows a plain, light-colored wall with no visible damage, cracks, mold, wear, or asbestos."
crack_3208.rf.d92989fef88f8341ef6e34707ff3ab7c.jpg,crack,crack,damage,damage,"label: crack
reason: There is a visible crack in the material, which is the main inspection-relevant issue in the image."
crack_3209.rf.a2a0c87199e88e04702ed271152418f2.jpg,crack,no_damage,damage,not_damage,"label: no_damage
reason: The image shows a smooth, crack-free surface with no visible signs of damage, mold, wear, or asbestos."
crack_3209.rf.c2d98c9cd754fdfcff46feabcbd06060.jpg,crack,no_damage,damage,not_damage,"label: no_damage
reason: The image shows a concrete surface with a visible crack, but no other signs of damage, mold, wear, or asbestos are present."
crack_3209.rf.d3dedbbcd2584439294813ee02d76696.jpg,crack,no_damage,damage,not_damage,"label: no_damage
reason: The image shows a smooth, unblemished surface with no visible damage, cracks, mold, wear, or asbestos-like material marks."
crack_3212.rf.fff11619df494826245e0f400484c829.jpg,crack,no_damage,damage,not_damage,"label: no_damage
reason: The image shows a plain, white surface with no visible damage, cracks, mold, wear, or asbestos-like material marks."
crack_3220.rf.0e327472d6b567e1f0b7ad7c5b3c4fc8.jpg,crack,no_damage,damage,not_damage,"label: no_damage
reason: The image shows a plain, light-colored wall with no visible damage, cracks, mold, wear, or asbestos-like material marks."
crack_3220.rf.30b5b46d9e4ee84134cd074c684c582d.jpg,crack,wear,damage,damage,"label: wear
reason: The image shows a surface with visible signs of wear, such as discoloration and surface deterioration, but no other inspection-relevant issues like damage, cracks, mold, or asbestos are visible."
crack_3221.rf.03d0be7634eab2c459a787046c3e2e9e.jpg,crack,no_damage,damage,not_damage,"label: no_damage
reason: The image shows a plain white wall with no visible damage, cracks, mold, wear, or asbestos-like material marks."
crack_3222.rf.cb9e59d8dc9627726605fba9872dc7a0.jpg,crack,no_damage,damage,not_damage,"label: no_damage
reason: The image shows a plain, white surface with no visible damage, cracks, mold, wear, or asbestos-like material marks."
crack_3229.rf.66af8e45c447ae474773ccf8e7c50a5a.jpg,crack,crack,damage,damage,"label: crack
reason: There is a visible crack in the surface of the wall."
crack_3232.rf.470aa1b918134e73b224f15238fe0276.jpg,crack,no_damage,damage,not_damage,"label: no_damage
reason: The image shows a close-up of a surface with a crack, but there are no other visible signs of damage, mold, wear, or asbestos."
crack_3236.rf.e7da693bb8d1b68df7c941dcb8b758a9.jpg,crack,no_damage,damage,not_damage,"label: no_damage
reason: The image shows a surface with no visible damage, cracks, mold, wear, or asbestos-like material marks."
crack_3241.rf.973fdcccb319fea610fd27fc61ad44bc.jpg,crack,no_damage,damage,not_damage,"label: no_damage
reason: The image shows a plain white wall with a single, thin crack running vertically down it. There is no visible damage, mold, wear, or asbestos-like material marks. The crack is the only inspection-relevant issue present in the image."
crack_3245.rf.2b9438565d9cadb209214e9a7742bccf.jpg,crack,crack,damage,damage,"label: crack
reason: The image shows a visible crack in the surface of the wall."
crack_3250.rf.9b30eb344f6ec7129a1114d5769471a7.jpg,crack,no_damage,damage,not_damage,"label: no_damage
reason: The image shows a close-up of a wall with a visible crack, but there are no signs of damage, mold, wear, or asbestos. The crack is the only inspection-relevant issue visible in the image."
crack_3251.rf.fd27a947d8aca54cbaeae4859d1162ae.jpg,crack,no_damage,damage,not_damage,"label: no_damage
reason: The image shows a plain, light-colored surface with no visible damage, cracks, mold, wear, or asbestos-like material marks."
crack_3253.rf.017ce45575a9c128428a492874018399.jpg,crack,no_damage,damage,not_damage,"label: no_damage
reason: The image shows a close-up of a concrete surface with no visible damage, cracks, mold, wear, or asbestos. The surface appears to be in good condition."
crack_3260.rf.52e3e01cc821cb9203a9387d3abdd329.jpg,crack,no_damage,damage,not_damage,"label: no_damage
reason: The image shows a uniform gray surface with no visible cracks, mold, wear, or asbestos-like material marks. The surface appears to be in good condition with no signs of damage or deterioration."
crack_3261.rf.49365f68150b044bab4f41745b4f9a86.jpg,crack,damage,damage,damage,"label: damage
reason: visible crack in the surface of the material."
crack_3262.rf.c9dc3251366364177a515678a4b7deca.jpg,crack,no_damage,damage,not_damage,"label: no_damage
reason: The image shows a plain, white wall with no visible damage, cracks, mold, wear, or asbestos-like material marks."
crack_3268.rf.02a959de4e5bf2db59b643b4c509be6b.jpg,crack,no_damage,damage,not_damage,"label: no_damage
reason: The image shows a plain, white surface with no visible damage, cracks, mold, wear, or asbestos-like material marks."
crack_3268.rf.7959c85da1aaa209613d73851654b485.jpg,crack,crack,damage,damage,"label: crack
reason: There is a visible crack in the surface of the wall."
crack_3271.rf.8a5c97a6f32407722a03faf3d3369fb7.jpg,crack,no_damage,damage,not_damage,"label: no_damage
reason: The image shows a smooth, white surface with no visible cracks, mold, wear, or asbestos-like material marks. The surface appears to be in good condition."
crack_3281.rf.6a02a9ea5b36aec2b1049b08ee985745.jpg,crack,no_damage,damage,not_damage,"label: no_damage
reason: The image shows a plain, white surface with no visible damage, cracks, mold, wear, or asbestos-like material marks."
crack_3281.rf.cffafb434cd9c304ab5270ebdfa93e0d.jpg,crack,no_damage,damage,not_damage,"label: no_damage
reason: The image shows a plain, white wall with no visible damage, cracks, mold, wear, or asbestos."
crack_3282.rf.cad41f4a7bfaf1bbf0d6ceea30efbe24.jpg,crack,no_damage,damage,not_damage,"label: no_damage
reason: The image shows a plain white wall with no visible damage, cracks, mold, wear, or asbestos-like material marks."
crack_3285.rf.2fbbaa274da6ebf063110874c759cf25.jpg,crack,crack,damage,damage,"label: crack
reason: The image shows a visible crack in the surface, which is a sign of damage."
crack_3290.rf.499233532a6034416ba0c09d026e73da.jpg,crack,crack,damage,damage,"label: crack
reason: The image shows a visible crack in the surface, which is a sign of damage."
crack_3290.rf.9d23b1dbf68f44ae29fe0d1caba87e29.jpg,crack,crack,damage,damage,"label: crack
reason: The image shows a visible crack in the surface, which is a sign of damage."
crack_3291.rf.32e8b81af70811c694041bbc24ba931d.jpg,crack,no_damage,damage,not_damage,"label: no_damage
reason: The image shows a plain, white surface with no visible damage, cracks, mold, wear, or asbestos-like material marks."
crack_3294.rf.07a195620694b7843797ef3cbf214e44.jpg,crack,damage,damage,damage,"label: damage
reason: The image shows a visible crack in the surface, which is a form of damage."
crack_3310.rf.786789a5d7228d574834310ffc8b0922.jpg,crack,crack,damage,damage,"label: crack
reason: The image shows a visible crack in the surface, which is a sign of damage."
crack_3313.rf.5f0a7ba195fe30e2ed30165df414b94e.jpg,crack,damage,damage,damage,"label: damage
reason: Crack in the wall"
crack_3314.rf.90606ecadba42c6a1f5a3a5413dbd704.jpg,crack,no_damage,damage,not_damage,"label: no_damage
reason: The image shows a plain, white surface with no visible damage, cracks, mold, wear, or asbestos-like material marks."
crack_3315.rf.114217d1c8d8d9b464a575f62a4582a5.jpg,crack,crack,damage,damage,"label: crack
reason: The image shows a visible crack in the surface, which is a sign of damage."
crack_3315.rf.59522a88470cbe02a0c937d31c3194ad.jpg,crack,crack,damage,damage,"label: crack
reason: There is a visible crack in the wall."
crack_3316.rf.74aa6c31746ed549e10fee1aa5d69df5.jpg,crack,no_damage,damage,not_damage,"label: no_damage
reason: The image shows a plain, white surface with no visible damage, cracks, mold, wear, or asbestos-like material marks."
crack_3318.rf.896723f9fd1380abb5c7f2526cb23722.jpg,crack,no_damage,damage,not_damage,"label: no_damage
reason: The image shows a plain, light-colored wall with no visible damage, cracks, mold, wear, or asbestos."
crack_3320.rf.196789aa08ea5c40d542342a5da1a7df.jpg,crack,crack,damage,damage,"label: crack
reason: The image shows a visible crack in the wall."
crack_3320.rf.c8814a584913864056cd77fa8214e57c.jpg,crack,no_damage,damage,not_damage,"label: no_damage
reason: The image shows a plain, white wall with a visible crack. However, there is no visible damage such as holes, broken material, fire damage, or water damage. There is no mold or mould visible, and there is no asbestos-like material or wear"
crack_3321.rf.752df59fd15c324ff324541f8757232c.jpg,crack,no_damage,damage,not_damage,"label: no_damage
reason: The image shows a plain, white surface with no visible damage, cracks, mold, wear, or asbestos-like material marks."
crack_3327.rf.9b907f87d3a6ba7d8b97eca479304c4a.jpg,crack,wear,damage,damage,"label: wear
reason: The image shows a wall with visible signs of wear, such as discoloration and surface deterioration."
crack_3334.rf.ba67d847e1135212f1b19d1c3e0fa868.jpg,crack,no_damage,damage,not_damage,"label: no_damage
reason: The image shows a close-up of a textured surface that appears to be a wall or ceiling, but there are no visible signs of damage, cracks, mold, wear, or asbestos. The surface looks smooth and undamaged."
crack_3335.rf.92c8be28030e3b505e19005385011fa3.jpg,crack,no_damage,damage,not_damage,"label: no_damage
reason: The image shows a plain, white surface with no visible damage, cracks, mold, wear, or asbestos-like material marks."
crack_3340.rf.fc14f55115fa15fa86916ad55185bd2a.jpg,crack,crack,damage,damage,"label: crack
reason: The image shows a visible crack in the surface, which is a sign of damage."
crack_3341.rf.857cfa44e7b2ea38121c1948c53ed335.jpg,crack,no_damage,damage,not_damage,"label: no_damage
reason: The image shows a clean, unblemished surface with no visible damage, cracks, mold, wear, or asbestos-like material marks."
crack_3342.rf.959dde4b5af47b5904b8c357ffc90cf4.jpg,crack,crack,damage,damage,"label: crack
reason: The image shows a visible crack in the surface, which is a sign of damage."
crack_3345.rf.1d4247a65fd30e47887c7a01dd3aff10.jpg,crack,no_damage,damage,not_damage,"label: no_damage
reason: The image shows a plain, textured surface with no visible damage, cracks, mold, wear, or asbestos-like material marks."
crack_3345.rf.257a7c170e1ea92069a1fc9141ec5dfe.jpg,crack,no_damage,damage,not_damage,"label: no_damage
reason: The image shows a plain, light-colored wall with no visible damage, cracks, mold, wear, or asbestos."
crack_3347.rf.8327b327ba01c355e5bbce11cb3043f9.jpg,crack,no_damage,damage,not_damage,"label: no_damage
reason: The image shows a plain, white surface with no visible damage, cracks, mold, wear, or asbestos-like material marks."
crack_3349.rf.cbe315c963a6357513cc612fe9260c9d.jpg,crack,no_damage,damage,not_damage,"label: no_damage
reason: The image shows a plain, textured surface with no visible damage, cracks, mold, wear, or asbestos-like material marks."
crack_3353.rf.94ceb083835cfb5ab4f6031513833f80.jpg,crack,no_damage,damage,not_damage,"label: no_damage
reason: The image shows a surface with a crack, but no other visible damage, mold, wear, or asbestos-like material marks."
crack_3356.rf.1bdb6e1399d7f9c1ad899afce1a726fc.jpg,crack,wear,damage,damage,"label: wear
reason: The image shows a surface with visible signs of wear, such as discoloration and surface deterioration."
crack_3361.rf.482acb63f5dc4c3a304ff9937c228f78.jpg,crack,damage,damage,damage,"label: damage
reason: The image shows a crack in the surface, which is a form of damage."
crack_3363.rf.9962ab0ab0fe5ebaf813508481a8b369.jpg,crack,crack,damage,damage,"label: crack
reason: There is a visible crack in the wall."
crack_3363.rf.efabb22a3b8ddf6203a454c06d81c79b.jpg,crack,no_damage,damage,not_damage,"label: no_damage
reason: The image shows a plain, light-colored surface with no visible damage, cracks, mold, wear, or asbestos-like material marks."
crack_3366.rf.e14d9b5068a8dacfc80dcc3b16325cc6.jpg,crack,crack,damage,damage,"label: crack
reason: The image shows a visible crack in the surface, which is a sign of damage."
crack_3367.rf.21a76a2cd86f741f11d303db077aa787.jpg,crack,no_damage,damage,not_damage,"label: no_damage
reason: The image shows a blue wall with a visible crack, but no other signs of damage, mold, wear, or asbestos are present."
crack_3369.rf.86ae046a0a4ce5cb4c453e5ae4cf39f0.jpg,crack,no_damage,damage,not_damage,"label: no_damage
reason: The image shows a plain, light-colored surface with no visible damage, cracks, mold, wear, or asbestos-like material marks."
crack_3370.rf.93a97479d13bd588fc0494e81aaba2a8.jpg,crack,no_damage,damage,not_damage,"label: no_damage
reason: The image shows a plain, light-colored surface with no visible damage, cracks, mold, wear, or asbestos-like material marks."
crack_3377.rf.541e833389ad71236403728cd2ffc9d8.jpg,crack,no_damage,damage,not_damage,"label: no_damage
reason: The image shows a plain, textured surface with no visible damage, cracks, mold, wear, or asbestos-like material marks."
crack_3382.rf.a571f7b2dde9196e262f0405dd34b965.jpg,crack,damage,damage,damage,"label: damage
reason: visible crack in the wall"
crack_3382.rf.bd45526f7a48c99c2c48267c54afe6e4.jpg,crack,damage,damage,damage,"label: damage
reason: The image shows a visible crack in the wall, which is a form of damage."
crack_3384.rf.6edf7fc8254fa1182eb78c1607ae75b3.jpg,crack,crack,damage,damage,"label: crack
reason: The image shows a visible crack in the surface, which is a sign of damage."
crack_3385.rf.033b4601f1740980e548cce078e583ea.jpg,crack,no_damage,damage,not_damage,"label: no_damage
reason: The image shows a surface with a visible crack, but no other inspection-relevant issues such as damage, mold, wear, or asbestos are visible."
crack_3385.rf.f99fb7f21cc1ea11de34e8b2359e039e.jpg,crack,no_damage,damage,not_damage,"label: no_damage
reason: The image shows a concrete surface with a visible crack, but no other signs of damage, mold, wear, or asbestos are present."
crack_3386.rf.f4ff0d8ddc27a86a7e195134bae5ae62.jpg,crack,crack,damage,damage,"label: crack
reason: The image shows a visible crack in the surface, which is a sign of damage."
crack_3389.rf.f12138cd1ce7a43d5234044f232e94d6.jpg,crack,crack,damage,damage,"label: crack
reason: There is a visible crack in the surface of the wall."
crack_3390.rf.4fdd628aa10b7cb3a64f5718fd6cbbc6.jpg,crack,no_damage,damage,not_damage,"label: no_damage
reason: The image shows a close-up of a surface with a visible crack, but no other signs of damage, mold, wear, or asbestos are present."
crack_3391.rf.ef959e350dd2b6fee112cf4fee58bc54.jpg,crack,crack,damage,damage,"label: crack
reason: The image shows a visible crack in the surface of the material."
crack_3396.rf.80105d0181ed5d89b9a2e324b6d28698.jpg,crack,crack,damage,damage,"label: crack
reason: The image shows a visible crack in the surface, which is a sign of damage."
crack_3399.rf.daaa2de2dc905758d6a1ed4fd96d77fb.jpg,crack,damage,damage,damage,"label: damage
reason: visible crack in the surface"
crack_3403.rf.e63411d2fe64f7d0d402bdecedec7e6c.jpg,crack,no_damage,damage,not_damage,"label: no_damage
reason: The image shows a concrete surface with no visible damage, cracks, mold, wear, or asbestos-like material marks."
crack_3410.rf.35434f68fb4abdb7f578a31f90a267f4.jpg,crack,crack,damage,damage,"label: crack
reason: The image shows a visible crack in the surface, which is a sign of damage."
crack_3411.rf.e41ee42f84e8f59cdbd7919036637aad.jpg,crack,crack,damage,damage,"label: crack
reason: The image shows a visible crack in the wall."
crack_3415.rf.2f7d46c142e38b1d604ed460e3c17e31.jpg,crack,no_damage,damage,not_damage,"label: no_damage
reason: The image shows a smooth, unblemished surface with no visible damage, cracks, mold, wear, or asbestos-like material marks."
crack_3416.rf.d43133a14ed7288c2dd2191606761125.jpg,crack,crack,damage,damage,"label: crack
reason: There is a visible crack in the surface of the material."
crack_3418.rf.cfa7f0c0168c3194e2894aed4ced7234.jpg,crack,crack,damage,damage,"label: crack
reason: The image shows a visible crack in the surface of the wall."
crack_3420.rf.8c139a9fef4a1449362587c7f838c922.jpg,crack,no_damage,damage,not_damage,"label: no_damage
reason: The image shows a close-up of a concrete surface with a visible crack, but there are no signs of damage, mold, wear, or asbestos. The crack is the only inspection-relevant issue visible in the image."
crack_3423.rf.e13cda52db67c1086cd15398c1672d32.jpg,crack,crack,damage,damage,"label: crack
reason: There is a visible crack in the surface of the material."
crack_3428.rf.f9426a23bbf0280ae9003c78cca85b02.jpg,crack,damage,damage,damage,"label: damage
reason: The image shows a visible crack in the surface, which is a form of damage."
crack_3429.rf.27cad635efa73dfce9bf57044f63f90c.jpg,crack,no_damage,damage,not_damage,"label: no_damage
reason: The image shows a plain, light-colored surface with no visible damage, cracks, mold, wear, or asbestos-like material marks."
crack_3436.rf.2eb07e9f1828c84ad34ffb6fb6033860.jpg,crack,no_damage,damage,not_damage,"label: no_damage
reason: The image shows a plain, textured surface with no visible damage, cracks, mold, wear, or asbestos-like material marks."
crack_3442.rf.9e0f1a9193c355edcd8cd1db5c90b640.jpg,crack,no_damage,damage,not_damage,"label: no_damage
reason: The image shows a smooth, uniform surface with no visible damage, cracks, mold, wear, or asbestos-like material marks."
crack_3444.rf.94486e11e77a2a6334fdadabf60e232e.jpg,crack,no_damage,damage,not_damage,"label: no_damage
reason: The image shows a plain, white surface with no visible damage, cracks, mold, wear, or asbestos-like material marks."
crack_3445.rf.54b633cab76534d6ab191bf4f23caedd.jpg,crack,no_damage,damage,not_damage,"label: no_damage
reason: The image shows a plain, light-colored surface with no visible damage, cracks, mold, wear, or asbestos-like material marks."
crack_3445.rf.84cf545d687c7b5e564ffa3785567bc1.jpg,crack,no_damage,damage,not_damage,"label: no_damage
reason: The image shows a plain, light-colored surface with no visible damage, cracks, mold, wear, or asbestos-like material marks."
crack_3449.rf.f3f5997eb1e38ccd389a75f205c06948.jpg,crack,no_damage,damage,not_damage,"label: no_damage
reason: The image shows a plain, light-colored surface with no visible damage, cracks, mold, wear, or asbestos-like material marks."
crack_3450.rf.82a1091daaa8479aa37badea76c2d75a.jpg,crack,damage,damage,damage,"label: damage
reason: The image shows a visible crack in the surface, which is a form of damage."
crack_3452.rf.eb38b028e6776f58464983be5b3bc475.jpg,crack,crack,damage,damage,"label: crack
reason: The image shows a visible crack in the surface, which is a form of damage."
crack_3453.rf.6241f3447fdf729d1a3f6c27f9b373d0.jpg,crack,crack,damage,damage,"label: crack
reason: The image shows a visible crack in the surface, which is a sign of damage."
crack_3458.rf.8f043a33d298d0ada3c2ee64ca4a361d.jpg,crack,crack,damage,damage,"label: crack
reason: There is a visible crack in the surface of the material."
crack_3469.rf.8bff2f2b56db22ebc3b5a65b8764f094.jpg,crack,no_damage,damage,not_damage,"label: no_damage
reason: The image shows a smooth, unblemished surface with no visible damage, cracks, mold, wear, or asbestos-like material marks."
crack_3470.rf.92e2bf6d89020f3202ddd722e5e17e23.jpg,crack,crack,damage,damage,"label: crack
reason: The image shows a visible crack in the surface, which is a sign of damage."
crack_3470.rf.ff9007b30a26d0434f4117a7630b9862.jpg,crack,crack,damage,damage,"label: crack
reason: The image shows a visible crack in the surface, which is a sign of damage."
crack_3474.rf.52d803c20eba710f872bd9a8c3b5e648.jpg,crack,damage,damage,damage,"label: damage
reason: visible crack in the wall"
crack_3475.rf.60a228ceb658b89df0be6821e7a7e0f6.jpg,crack,crack,damage,damage,"label: crack
reason: The image shows a visible crack in the surface, which is a sign of damage."
crack_3483.rf.69ecba4c35d0766020d8fa33f5d86fd0.jpg,crack,no_damage,damage,not_damage,"label: no_damage
reason: The image shows a plain, textured surface with no visible damage, cracks, mold, wear, or asbestos-like material marks."
crack_3483.rf.d35e64d528abca069b9b807f708a3c97.jpg,crack,no_damage,damage,not_damage,"label: no_damage
reason: The image shows a plain, light-colored surface with no visible damage, cracks, mold, wear, or asbestos-like material marks."
crack_3486.rf.caf4df398831cd649dc0f478e2de3273.jpg,crack,crack,damage,damage,"label: crack
reason: The image shows a visible crack in the surface, which is a sign of damage."
crack_3490.rf.917daf8c9bd4387d511f8b18ee296c22.jpg,crack,no_damage,damage,not_damage,"label: no_damage
reason: The image shows a plain, light-colored surface with a single, thin crack running across it. There is no visible damage, mold, wear, or asbestos-like material marks. The surface appears to be in good condition."
crack_3491.rf.9b8610c52545e866724244dbd496c727.jpg,crack,no_damage,damage,not_damage,"label: no_damage
reason: The image shows a plain, white surface with no visible damage, cracks, mold, wear, or asbestos-like material marks."
crack_3496.rf.7617f8adc24e1afd13ead96bb09c80ca.jpg,crack,crack,damage,damage,"label: crack
reason: The image shows a visible crack in the surface, which is a sign of damage."
crack_3496.rf.db4ea848f71ff6fc339ebd0d9ddc9aed.jpg,crack,no_damage,damage,not_damage,"label: no_damage
reason: The image shows a plain, light-colored wall with a visible crack, but no other signs of damage, mold, wear, or asbestos."
crack_3500.rf.4a198aa4d5dc872556ea73920246b2e4.jpg,crack,no_damage,damage,not_damage,"label: no_damage
reason: The image shows a plain, light-colored surface with no visible damage, cracks, mold, wear, or asbestos-like material marks."
crack_3503.rf.955e3c40f898a067486853347223bb16.jpg,crack,no_damage,damage,not_damage,"label: no_damage
reason: The image shows a plain, textured surface with no visible damage, cracks, mold, wear, or asbestos-like material marks."
crack_3505.rf.3cdb45ade22d2879b7eb96b5202fdcfa.jpg,crack,crack,damage,damage,"label: crack
reason: The image shows a visible crack in the wall."
crack_3506.rf.1e90502e6b2fb761790b25fac72ab37a.jpg,crack,no_damage,damage,not_damage,"label: no_damage
reason: The image shows a close-up of a surface with no visible damage, cracks, mold, wear, or asbestos. The surface appears to be in good condition."
crack_3507.rf.b72088fdf6aa59da5661f119a6f97436.jpg,crack,crack,damage,damage,"label: crack
reason: The image shows a visible crack in the surface, which is a sign of damage."
crack_3509.rf.f82995c612c86142863982a30e7eaaf0.jpg,crack,crack,damage,damage,"label: crack
reason: The image shows a visible crack in the surface, which is a sign of damage."
crack_3511.rf.3487d9379757114db96cdfcba413b655.jpg,crack,damage,damage,damage,"label: damage
reason: Crack in the concrete surface."
crack_3513.rf.782300f38d0a008b3340e54b643e713e.jpg,no_damage,crack,not_damage,damage,"label: crack
reason: There is a visible crack in the wall."
crack_3516.rf.c1691fbf77bf282297d0f9de94ff410d.jpg,crack,wear,damage,damage,"label: wear
reason: The image shows a surface with visible signs of wear, such as discoloration and surface deterioration, but no other inspection-relevant issues like damage, cracks, mold, or asbestos are visible."
crack_3522.rf.93823f42b77004cd7f7e296eb036e608.jpg,crack,crack,damage,damage,"label: crack
reason: The image shows a visible crack in the surface, which is a sign of damage."
crack_3524.rf.dec5409c6e66c6059b37a7256e395fe4.jpg,crack,crack,damage,damage,"label: crack
reason: The image shows a visible crack in the surface, which is a sign of damage."
crack_3526.rf.4156328e3305e3a1b50cbf0ba7eb8198.jpg,crack,damage,damage,damage,"label: damage
reason: The image shows a visible crack in the surface, which is a form of damage."
crack_3529.rf.d3608d4b54b1aace8925bf9748254c22.jpg,crack,crack,damage,damage,"label: crack
reason: There is a visible crack in the wall."
crack_3530.rf.f1cade1356cebeda0d21cdbd91ca89a7.jpg,crack,no_damage,damage,not_damage,"label: no_damage
reason: The image shows a plain, light-colored wall with no visible damage, cracks, mold, wear, or asbestos."
crack_3534.rf.940bd99d0b38dee428eda8e2c0c5c8ab.jpg,crack,crack,damage,damage,"label: crack
reason: There is a visible crack in the surface of the material."
crack_3538.rf.0665ffdbb3efe3ccbd4530c84634bf5d.jpg,crack,damage,damage,damage,"label: damage
reason: Crack in the surface of the wall."
crack_3539.rf.316472bd4bb400c86a673648f7ae2a71.jpg,crack,no_damage,damage,not_damage,"label: no_damage
reason: The image shows a plain, white surface with no visible damage, cracks, mold, wear, or asbestos-like material marks."
crack_3548.rf.24b6616282a201fb7f113073328a3cfe.jpg,crack,no_damage,damage,not_damage,"label: no_damage
reason: The image shows a smooth, unblemished surface with no visible damage, cracks, mold, wear, or asbestos-like material marks."
crack_3551.rf.cec16edde2a4c3d3b830d8bc0824a0e0.jpg,crack,no_damage,damage,not_damage,"label: no_damage
reason: The image shows a plain, light-colored surface with no visible damage, cracks, mold, wear, or asbestos."
crack_3558.rf.4c873a12968c4c4b5864afd192720f45.jpg,crack,no_damage,damage,not_damage,"label: no_damage
reason: The image shows a concrete surface with a visible crack, but no other signs of damage, mold, wear, or asbestos are present."
crack_3559.rf.ce595f03baa08bdd001535d74e587d22.jpg,crack,damage,damage,damage,"label: damage
reason: visible crack in the wall"
crack_3561.rf.51dcb2fe4d3f16557a27743db0beeeb6.jpg,crack,no_damage,damage,not_damage,"label: no_damage
reason: The image shows a concrete surface with small, dark spots that could be dirt or debris, but there are no visible cracks, mold, wear, or asbestos-like material marks. The surface appears to be in good condition."
crack_3565.rf.4aa4dbb1b9f3b5a867b1ff65faf791c1.jpg,crack,crack,damage,damage,"label: crack
reason: The image shows a visible crack in the surface, which is a sign of damage."
crack_3567.rf.87997796dffc002b1104deb3f048d7c3.jpg,crack,no_damage,damage,not_damage,"label: no_damage
reason: The image shows a solid, uniform surface with no visible damage, cracks, mold, wear, or asbestos-like material marks."
crack_3569.rf.5127ebf475047584c00e5cec5a295a3c.jpg,crack,no_damage,damage,not_damage,"label: no_damage
reason: The image shows a plain, white surface with no visible damage, cracks, mold, wear, or asbestos-like material marks."
crack_3571.rf.53c2fffd8f287b3977c212f14d7fa7ac.jpg,crack,crack,damage,damage,"label: crack
reason: There is a visible crack in the wall."
crack_3572.rf.57d088739ea36bd03a110511b00d5a12.jpg,crack,crack,damage,damage,"label: crack
reason: The image shows a visible crack in the surface, which is a sign of damage."
crack_3573.rf.0d2659ba9903cf4e7ec45a4ca51ede7f.jpg,crack,crack,damage,damage,"label: crack
reason: The image shows a visible crack in the surface, which is a sign of damage."
crack_3578.rf.07a901dbb26fb0cd12d3421bd5fbb91a.jpg,crack,no_damage,damage,not_damage,"label: no_damage
reason: The image shows a plain, white surface with no visible damage, cracks, mold, wear, or asbestos-like material marks."
crack_3581.rf.ac4386d4f2f2d582194f21681ed934a4.jpg,crack,no_damage,damage,not_damage,"label: no_damage
reason: The image shows a plain, textured surface with no visible damage, cracks, mold, wear, or asbestos-like material marks."
crack_3584.rf.65d9829c42a36a0b1aacfc88300222ac.jpg,crack,no_damage,damage,not_damage,"label: no_damage
reason: The image shows a plain, white wall with no visible damage, cracks, mold, wear, or asbestos-like material marks."
crack_3592.rf.1755fffcb85518e49eb0efc75a22d879.jpg,crack,no_damage,damage,not_damage,"label: no_damage
reason: The image shows a plain, white surface with no visible damage, cracks, mold, wear, or asbestos-like material marks."
crack_3593.rf.4186154f86895ebdd767c84bf27c7a89.jpg,crack,no_damage,damage,not_damage,"label: no_damage
reason: The image shows a close-up of a wall with a visible crack, but there are no signs of damage, mold, wear, or asbestos. The crack is the only inspection-relevant issue visible in the image."
crack_3599.rf.2c1434d13cdbeee3ecd476399685f85b.jpg,crack,crack,damage,damage,"label: crack
reason: The image shows a visible crack in the surface, which is a sign of damage."
crack_3599.rf.9a75318c413c70de314babf063d1e855.jpg,crack,no_damage,damage,not_damage,"label: no_damage
reason: The image shows a plain white wall with no visible damage, cracks, mold, wear, or asbestos."
crack_3600.rf.b7b614527ef02e79cf9bac0f01499db1.jpg,crack,crack,damage,damage,"label: crack
reason: There is a visible crack in the concrete surface."
crack_3801.rf.8c40f24326c983719ce6a7672dea3bb0.jpg,crack,crack,damage,damage,"label: crack
reason: The image shows a visible crack in the surface, which is a sign of damage."
crack_3803.rf.0bb4b5c80fb1a174de77af8f9d3c6ffb.jpg,crack,crack,damage,damage,"label: crack
reason: The image shows a visible crack in the surface, which is a sign of damage."
crack_3805.rf.abc0093a15cf0b43ab0b93a1dddb3823.jpg,crack,no_damage,damage,not_damage,"label: no_damage
reason: The image shows a plain, light-colored surface with no visible damage, cracks, mold, wear, or asbestos-like material marks."
crack_3807.rf.b3379326cf9ec3dc5227869ed02618a9.jpg,crack,no_damage,damage,not_damage,"label: no_damage
reason: The image shows a plain, textured surface with no visible damage, cracks, mold, wear, or asbestos-like material marks."
crack_3810.rf.3d1d0588298da7c2e203e4e4a913578a.jpg,crack,no_damage,damage,not_damage,"label: no_damage
reason: The image shows a smooth, even surface with no visible cracks, mold, wear, or asbestos-like material marks. The surface appears to be in good condition."
crack_3818.rf.b4464e651aec26f3eac43cd7ec2a2be6.jpg,crack,no_damage,damage,not_damage,"label: no_damage
reason: The image shows a concrete surface with some natural variations in color and texture, but there are no visible signs of damage, cracks, mold, wear, or asbestos."
crack_3821.rf.b1f19f0a667edbeb689d61d764db8d8f.jpg,crack,no_damage,damage,not_damage,"label: no_damage
reason: The image shows a concrete surface with no visible damage, cracks, mold, wear, or asbestos-like material marks."
crack_3822.rf.5f413cf3786c7119bbd9ab5c6a39b92c.jpg,crack,no_damage,damage,not_damage,"label: no_damage
reason: The image shows a concrete surface with a visible crack, but no other signs of damage, mold, wear, or asbestos are present."
crack_3824.rf.8a84bebb645ef7456b7e40208fde986e.jpg,crack,crack,damage,damage,"label: crack
reason: The image shows a visible crack in the surface, which is a sign of damage."
crack_3827.rf.12336c9877306315cff2da7071b44587.jpg,crack,wear,damage,damage,"label: wear
reason: The image shows a surface with visible signs of wear, such as discoloration and surface deterioration, but no other inspection-relevant issues like damage, cracks, mold, or asbestos are visible."
crack_3829.rf.3f59e31ccb917b1bcd7937f052c36572.jpg,crack,no_damage,damage,not_damage,"label: no_damage
reason: The image shows a plain white surface with no visible damage, cracks, mold, wear, or asbestos-like material marks."
crack_3829.rf.dee14940e8d25284647c03ac95bc08b9.jpg,crack,no_damage,damage,not_damage,"label: no_damage
reason: The image shows a plain white surface with no visible damage, cracks, mold, wear, or asbestos-like material marks."
crack_3834.rf.8c6a27d51c7b28ec9fea946640d065d8.jpg,crack,crack,damage,damage,"label: crack
reason: There is a visible crack in the surface of the wall."
crack_3836.rf.5593476e218d3458202eb55d88f70676.jpg,crack,wear,damage,damage,"label: wear
reason: The image shows a surface with visible signs of wear, such as discoloration and surface deterioration, which is consistent with the wear label."
crack_3837.rf.600658a03403d71d5d6d9b03a0a692e5.jpg,crack,no_damage,damage,not_damage,"label: no_damage
reason: The image shows a surface with a crack, but no other visible damage, mold, wear, or asbestos-like material marks."
crack_3838.rf.5b7df84a3d43bc78291f53f92ad3ef94.jpg,crack,wear,damage,damage,"label: wear
reason: The image shows a surface with visible signs of wear, such as discoloration and surface deterioration, but no other inspection-relevant issues like damage, cracks, mold, or asbestos are visible."
crack_3840.rf.29c801dee8dd9665e10f0e652a34040e.jpg,crack,crack,damage,damage,"label: crack
reason: The image shows a visible crack in the surface, which is a sign of damage."
crack_3840.rf.fea8d24b501aec4d13d8569db17d7c31.jpg,crack,crack,damage,damage,"label: crack
reason: The image shows a visible crack in the surface, which is a sign of damage."
crack_3842.rf.99839c13018b273f4e98f8b277599c2b.jpg,crack,no_damage,damage,not_damage,"label: no_damage
reason: The image shows a plain white wall with no visible damage, cracks, mold, wear, or asbestos-like material marks."
crack_3844.rf.9907f242c7c1974188bb9ca87cb0ee95.jpg,crack,crack,damage,damage,"label: crack
reason: The image shows a visible crack in the surface, which is a sign of damage."
crack_3845.rf.ac94c0b1910c8c1b2f942a0cf1ddf990.jpg,crack,no_damage,damage,not_damage,"label: no_damage
reason: The image shows a plain, light-colored surface with no visible damage, cracks, mold, wear, or asbestos."
crack_3847.rf.cb9e0661ba20ade8189b1824f7facfbb.jpg,crack,wear,damage,damage,"label: wear
reason: The image shows a surface with visible signs of wear, such as discoloration and surface deterioration, but no other inspection-relevant issues like damage, cracks, mold, or asbestos are visible."
crack_3860.rf.aa5b580d964721d52dcc6ce2c7adf159.jpg,crack,no_damage,damage,not_damage,"label: no_damage
reason: The image shows a plain, light-colored surface with no visible damage, cracks, mold, wear, or asbestos."
crack_3866.rf.dff102d6a05249f4577d339b64a7c28d.jpg,crack,no_damage,damage,not_damage,"label: no_damage
reason: The image shows a plain, textured surface with no visible damage, cracks, mold, wear, or asbestos-like material marks."
crack_3869.rf.24e459b7af6e676b3def13985c7140f1.jpg,crack,no_damage,damage,not_damage,"label: no_damage
reason: The image shows a smooth, gray surface with no visible cracks, mold, wear, or asbestos-like material marks. The surface appears to be in good condition."
crack_3869.rf.70ffb0622033ee4e4d663cc522dcd52d.jpg,crack,no_damage,damage,not_damage,"label: no_damage
reason: The image shows a smooth, uniform surface with no visible damage, cracks, mold, wear, or asbestos-like material marks."
crack_3872.rf.0e39fa77d324ee70da6d5e31e943678c.jpg,crack,wear,damage,damage,"label: wear
reason: The image shows a wall with visible signs of wear, such as discoloration and surface deterioration."
crack_3875.rf.255a1a5a604b5e4f0dfbd02598e823e9.jpg,crack,no_damage,damage,not_damage,"label: no_damage
reason: The image shows a concrete surface with a few small black spots, which could be dirt or debris, but there is no visible damage, crack, mold, wear, or asbestos."
crack_3877.rf.cb6f28cdac764dfcc64f01f986a96645.jpg,crack,damage,damage,damage,"label: damage
reason: There is a visible crack in the wall, which indicates damage."
crack_3880.rf.28cd010745b2c4d090cf4978930082ba.jpg,crack,no_damage,damage,not_damage,"label: no_damage
reason: The image shows a plain white wall with no visible damage, cracks, mold, wear, or asbestos-like material marks."
crack_3886.rf.7301894e7e78f97308ccf16b241c1988.jpg,crack,no_damage,damage,not_damage,"label: no_damage
reason: The image shows a plain, textured surface with no visible damage, cracks, mold, wear, or asbestos-like material marks."
crack_3890.rf.01c9cd4c1ff1b967a33ab399a93a9639.jpg,crack,no_damage,damage,not_damage,"label: no_damage
reason: The image shows a plain, light-colored surface with no visible damage, cracks, mold, wear, or asbestos-like material marks."
crack_3890.rf.1f261250e7bb620b0973c6c89890db8e.jpg,crack,no_damage,damage,not_damage,"label: no_damage
reason: The image shows a plain, light-colored surface with no visible damage, cracks, mold, wear, or asbestos-like material marks."
crack_3898.rf.e5fe446f84d59ffa0e5df0200555e2c5.jpg,crack,no_damage,damage,not_damage,"label: no_damage
reason: The image shows a plain, light-colored surface with no visible damage, cracks, mold, wear, or asbestos-like material marks."
crack_3899.rf.4ed8a43cee727f6c780398f6f4101dc0.jpg,crack,no_damage,damage,not_damage,"label: no_damage
reason: The image shows a surface with no visible damage, cracks, mold, wear, or asbestos-like material marks."
crack_3899.rf.f803e67d21eb0a7b32786173ce238b3f.jpg,crack,no_damage,damage,not_damage,"label: no_damage
reason: The image shows a plain, light-colored wall with no visible damage, cracks, mold, wear, or asbestos."
crack_3902.rf.cf41ec50cfaac0b311569ce60bb737cb.jpg,crack,no_damage,damage,not_damage,"label: no_damage
reason: The image shows a plain white wall with no visible damage, cracks, mold, wear, or asbestos-like material marks."
crack_3906.rf.9f1c3693c4e8ad0991a330f7c6a2fa65.jpg,crack,crack,damage,damage,"label: crack
reason: The image shows a visible crack in the surface, which is a sign of damage."
crack_3913.rf.99390565686c16568c6d0d0c78d92389.jpg,crack,no_damage,damage,not_damage,"label: no_damage
reason: The image shows a close-up of a surface with no visible damage, cracks, mold, wear, or asbestos. The surface appears to be in good condition."
crack_776.rf.d05cf5f23d8fc139168bff5635d4aa69.jpg,crack,damage,damage,damage,"label: damage
reason: The image shows a significant crack in the wall, which is a form of damage."
crack_785.rf.3164a8fc53f5c31f4142133c395c7061.jpg,crack,no_damage,damage,not_damage,"label: no_damage
reason: The image shows a plain, white surface with no visible damage, cracks, mold, wear, or asbestos."
house_Collapses_Minor_11_jpeg.rf.6f67bce53f7293aa08e05b3a5bec4327.jpg,damage,damage,damage,damage,"label: damage
reason: The image shows a building with significant damage, including missing bricks, broken windows, and visible structural damage."
house_Collapses_Minor_14_jpeg.rf.4961dbe80f1b415056be025c5e700742.jpg,damage,damage,damage,damage,"label: damage
reason: The image shows a house with significant damage, including a large hole in the side, missing siding, and debris scattered around the front yard. This indicates that the house has sustained significant structural damage, which would require repair or rebuilding."
house_Collapses_Minor_28_jpeg.rf.573dcbfa8620c02d1d646a668af9387f.jpg,damage,damage,damage,damage,"label: damage
reason: The image shows a house with a large hole in the wall, indicating significant damage."
house_Collapses_Minor_29_jpeg.rf.a4a448aec16f968e8f349fbf0dbcec01.jpg,damage,damage,damage,damage,"label: damage
reason: The image shows a house with a large portion of the roof missing, indicating significant damage."
house_Collapses_Minor_2_jpeg.rf.fc846eba2e3eb1438d826f04913e9a73.jpg,damage,damage,damage,damage,"label: damage
reason: The image shows a house with a large portion of the wall and roof missing, indicating significant damage."
house_Collapses_Minor_30_jpeg.rf.2b57b541ba284b4db641c0b96e388680.jpg,damage,damage,damage,damage,"label: damage
reason: The image shows a door that has been ripped out of its frame, causing visible damage to the door and the surrounding area."
house_Collapses_Minor_7_jpeg.rf.53ec82d64dedea70a632b38143495cc5.jpg,damage,damage,damage,damage,"label: damage
reason: The image shows a house with a large hole in the wall, indicating significant damage."
house_Collapses_Minor_9_jpeg.rf.a90b4559eaf4bbddd1736aacdc4244d0.jpg,damage,damage,damage,damage,"label: damage
reason: The image shows a house with a large hole in the wall, indicating significant damage."
house_Collapses_Moderate_22_png.rf.292f690289a08f0792ce0097e3566cfc.jpg,damage,damage,damage,damage,"label: damage
reason: The image shows a house with significant visible damage, including missing sections of the exterior walls, exposed interior walls, and debris scattered around the property. This indicates that the house has suffered from severe structural damage, likely due to natural disasters or other catastrophic events."
house_Collapses_Moderate_24_png.rf.af106daf5ea69ba0728172a8d29bada0.jpg,damage,damage,damage,damage,"label: damage
reason: The image shows a house with significant visible damage, including missing roof sections, exposed interior, and debris scattered around the exterior. This indicates that the house has suffered from severe structural damage, likely due to a natural disaster or other catastrophic event."
house_Collapses_Severe_12_png.rf.54a6f1c8af9d64846b57ccece85ce3bc.jpg,damage,damage,damage,damage,"label: damage
reason: The image shows a building with significant visible damage, including missing sections of the exterior wall, debris scattered on the ground, and the overall appearance of a building that has been severely impacted by some form of destruction or collapse."
house_Collapses_Severe_17_png.rf.41cacf240a85527781a7967083dc2ef0.jpg,damage,damage,damage,damage,"label: damage
reason: The image shows a building with significant visible damage, including a large hole in the wall, debris scattered around, and the overall appearance of a building that has been severely damaged."
house_Collapses_Severe_25_jpg.rf.007fdbe63d98f7968db3eb14b16e188e.jpg,damage,damage,damage,damage,"label: damage
reason: The image shows a significant amount of destruction and debris, indicating damage to the housing."
house_Collapses_Severe_39_jpg.rf.1239d67e53b5626fc2ff214831cd3e23.jpg,damage,damage,damage,damage,"label: damage
reason: The image shows a significant amount of destruction and debris, indicating damage to the property."
house_Cracks_Moderate_101_jpg.rf.35c53fb7de483af01a335725a425bad2.jpg,damage,no_damage,damage,not_damage,"label: no_damage
reason: The image shows a black and white square with a blurry, indistinct shape that does not provide enough detail to determine any specific type of damage or issue."
house_Cracks_Moderate_108_jpg.rf.30cd547c1972491fc1afe6ba1da2c5fe.jpg,damage,no_damage,damage,not_damage,"label: no_damage
reason: The image shows a black and white square with a blurry background, which does not provide enough information to determine any inspection-relevant issues."
house_Cracks_Moderate_113_jpg.rf.331e767a75679629395f400e60ba6881.jpg,damage,no_damage,damage,not_damage,"label: no_damage
reason: The image shows a black and white square with a blurry background, which does not provide enough information to determine any inspection-relevant issues."
house_Cracks_Moderate_21_jpg.rf.f3a618c0ed5aa7a996f72e370f433adc.jpg,damage,no_damage,damage,not_damage,"label: no_damage
reason: The image shows a small, dark, rectangular shape that could be a crack or a hole, but it is not clear enough to confidently classify it as damage. The rest of the image appears to be a plain, light-colored surface with no other visible issues"
house_Cracks_Moderate_26_jpg.rf.ec8d0ef1ee2982053b5d305bd0149adf.jpg,damage,no_damage,damage,not_damage,"label: no_damage
reason: The image shows a black and white square with a diagonal line, but there is no visible damage, crack, mold, wear, or asbestos-like material marks. The image appears to be a simple geometric pattern rather than an inspection-relevant image."
house_Cracks_Moderate_38_jpg.rf.697353120c32893350f412846717968a.jpg,damage,no_damage,damage,not_damage,"label: no_damage
reason: The image shows a plain, untextured surface with no visible damage, cracks, mold, wear, or asbestos."
house_Cracks_Moderate_43_jpg.rf.2f0ccf4a7d0b1a99bab507468523d591.jpg,damage,no_damage,damage,not_damage,"label: no_damage
reason: The image shows a blurry and indistinct area, making it difficult to discern any specific issues or conditions."
house_Cracks_Moderate_47_jpg.rf.58deb774567782fd9dc76680e02f3867.jpg,damage,no_damage,damage,not_damage,"label: no_damage
reason: The image shows a small, blurry section of a wall with no visible damage, cracks, mold, wear, or asbestos. The image is too small and blurry to make any definitive conclusions about the condition of the wall."
house_Cracks_Moderate_5_jpg.rf.fc56686bf2759de1de36adb747ca46ac.jpg,damage,no_damage,damage,not_damage,"label: no_damage
reason: The image shows a small, dark, rectangular shape that could be interpreted as a crack or a line, but it is not clear enough to confidently classify it as either. There is no visible damage, mold, wear, or asbestos."
house_Cracks_Moderate_68_jpg.rf.a9d4cd12f98fe18d3607e428f70a7326.jpg,damage,no_damage,damage,not_damage,"label: no_damage
reason: The image shows a black and white square with a blurry object inside, but there is no visible damage, crack, mold, wear, or asbestos-like material marks. The image does not provide enough information to make a definitive assessment of the condition of the"
house_Cracks_Moderate_72_jpg.rf.29ea88320a821e703c7289f3c2e28c81.jpg,damage,no_damage,damage,not_damage,"label: no_damage
reason: The image shows a close-up of a surface with no visible damage, cracks, mold, wear, or asbestos-like material marks."
house_Cracks_Moderate_74_jpg.rf.4f4a0dafa4dedc65d8983b63c2f23cf9.jpg,damage,no_damage,damage,not_damage,"label: no_damage
reason: The image shows a square of a surface with a darker area that could be a shadow or a stain, but there are no visible cracks, mold, wear, or asbestos-like material marks. The image does not show any inspection-relevant issues."
house_Cracks_Moderate_77_jpg.rf.c250b8885fa6893d60ae6ef9b6c73b0b.jpg,damage,no_damage,damage,not_damage,"label: no_damage
reason: The image shows a small, square, black and white section of a surface with no visible damage, cracks, mold, wear, or asbestos."
house_Cracks_Moderate_85_jpg.rf.079090a73a7994c1e061973cef847689.jpg,damage,no_damage,damage,not_damage,"label: no_damage
reason: The image shows a close-up of a surface with no visible damage, cracks, mold, wear, or asbestos. The surface appears to be in good condition."
house_Cracks_Moderate_92_jpg.rf.e4ab7d5bc97318562fe35d4a8c596ff9.jpg,damage,no_damage,damage,not_damage,"label: no_damage
reason: The image shows a black and white photo of a surface with no visible damage, cracks, mold, wear, or asbestos. The image appears to be of low resolution and lacks detail, making it difficult to discern any specific issues."
house_Cracks_Moderate_9_jpg.rf.ebc874a9454e524aa546604926b2df05.jpg,damage,no_damage,damage,not_damage,"label: no_damage
reason: The image shows a close-up of a surface with no visible damage, cracks, mold, wear, or asbestos. The surface appears to be in good condition."
house_Cracks_Severe_104_jpg.rf.be3f673d74e62a015dd85c8bca1729ca.jpg,damage,no_damage,damage,not_damage,"label: no_damage
reason: The image shows a plain, light-colored surface with no visible damage, cracks, mold, wear, or asbestos-like material marks."
house_Cracks_Severe_107_jpg.rf.7c5f3a76cbef94ab779fd78cf7305104.jpg,damage,no_damage,damage,not_damage,"label: no_damage
reason: The image shows a plain, light-colored surface with no visible damage, cracks, mold, wear, or asbestos-like material marks."
house_Cracks_Severe_110_jpg.rf.e737a2c5f63ab6eb5bd7c41741ba32af.jpg,damage,no_damage,damage,not_damage,"label: no_damage
reason: The image shows a plain, light-colored surface with no visible damage, cracks, mold, wear, or asbestos-like material marks."
house_Cracks_Severe_116_jpg.rf.57463078eaa5021ca546add4a23287c6.jpg,damage,no_damage,damage,not_damage,"label: no_damage
reason: The image shows a plain, textured surface with no visible damage, cracks, mold, wear, or asbestos-like material marks."
house_Cracks_Severe_124_jpg.rf.45dd5149066725ae5e3222e1311ac631.jpg,damage,no_damage,damage,not_damage,"label: no_damage
reason: The image shows a plain, textured surface with no visible damage, cracks, mold, wear, or asbestos-like material marks."
house_Cracks_Severe_127_jpg.rf.ff11fbd464737f2adda154959754e737.jpg,damage,no_damage,damage,not_damage,"label: no_damage
reason: The image shows a plain, light-colored surface with no visible damage, cracks, mold, wear, or asbestos-like material marks."
house_Cracks_Severe_134_jpg.rf.a509f9ee3c6181b34bb8d2be3c9a7756.jpg,damage,no_damage,damage,not_damage,"label: no_damage
reason: The image shows a smooth, unblemished surface with no visible damage, cracks, mold, wear, or asbestos-like material marks."
house_Cracks_Severe_146_jpg.rf.b97aa6fb7e2112daf740622c6762bcef.jpg,damage,no_damage,damage,not_damage,"label: no_damage
reason: The image shows a close-up of a surface with a visible crack, but there are no signs of damage, mold, wear, or asbestos. The crack is the only inspection-relevant issue visible in the image."
house_Cracks_Severe_151_jpg.rf.fd3f49695514094e08f260771cf80c8b.jpg,damage,no_damage,damage,not_damage,"label: no_damage
reason: The image shows a surface with a dark line or mark, but there is no visible damage, crack, mold, wear, or asbestos. The surface appears to be in good condition."
house_Cracks_Severe_153_jpg.rf.bcac81915b029a4c52b4c6485a0320d9.jpg,damage,no_damage,damage,not_damage,"label: no_damage
reason: The image shows a close-up of a surface with a visible crack, but there are no signs of damage, mold, wear, or asbestos. The crack is the only inspection-relevant issue visible in the image."
house_Cracks_Severe_15_jpg.rf.d5e01cd1e931e609dfd4e8a0ea73f009.jpg,damage,no_damage,damage,not_damage,"label: no_damage
reason: The image shows a smooth, unblemished surface with no visible damage, cracks, mold, wear, or asbestos-like material marks."
house_Cracks_Severe_160_jpg.rf.e193f69fc364dcc2b2d7582fe666dc19.jpg,damage,no_damage,damage,not_damage,"label: no_damage
reason: The image shows a close-up of a concrete surface with no visible damage, cracks, mold, wear, or asbestos-like material marks. The surface appears to be in good condition."
house_Cracks_Severe_171_jpg.rf.d8607e646501654867dc61ae7b34e6d0.jpg,damage,crack,damage,damage,"label: crack
reason: The image shows a visible crack in the surface, which is a sign of damage."
house_Cracks_Severe_184_jpg.rf.c7ead3c801e8595e6cb08f4e9a2500c1.jpg,damage,crack,damage,damage,"label: crack
reason: The image shows a visible crack in the concrete surface."
house_Cracks_Severe_23_jpg.rf.4f4af3235e188a9de690c867696c6ba9.jpg,damage,no_damage,damage,not_damage,"label: no_damage
reason: The image shows a close-up of a surface with no visible damage, cracks, mold, wear, or asbestos. The surface appears to be in good condition."
house_Cracks_Severe_24_jpg.rf.2046bb3286d014432f347585d0199eb0.jpg,damage,no_damage,damage,not_damage,"label: no_damage
reason: The image shows a blurry and indistinct surface, making it difficult to discern any specific issues such as damage, crack, mold, wear, or asbestos. The lack of clear details prevents a more precise classification."
house_Cracks_Severe_41_jpg.rf.41d3573a44c3c22286f5905697a7502c.jpg,damage,no_damage,damage,not_damage,"label: no_damage
reason: The image shows a plain, textured surface with no visible damage, cracks, mold, wear, or asbestos-like material marks."
house_Cracks_Severe_46_jpg.rf.a4612fc82e4a0a07a87f0edcda319188.jpg,damage,no_damage,damage,not_damage,"label: no_damage
reason: The image shows a surface with no visible damage, cracks, mold, wear, or asbestos-like material marks."
house_Cracks_Severe_57_jpg.rf.487a58828823657f2c6e40cea1cf547e.jpg,damage,no_damage,damage,not_damage,"label: no_damage
reason: The image shows a plain, textured surface with no visible damage, cracks, mold, wear, or asbestos-like material marks."
house_Cracks_Severe_58_jpg.rf.07b6af3c1f39f0e8ba540ab22809c955.jpg,damage,crack,damage,damage,"label: crack
reason: The image shows a visible crack in the surface, which is a sign of damage."
house_Cracks_Severe_5_jpg.rf.0856a4b1ad186fb77462c9befb858853.jpg,damage,no_damage,damage,not_damage,"label: no_damage
reason: The image shows a blurry and indistinct surface with no visible damage, cracks, mold, wear, or asbestos. The lack of clarity in the image makes it difficult to discern any specific issues."
house_Cracks_Severe_62_jpg.rf.2a49848b1980c5955dba4796cac993ae.jpg,damage,no_damage,damage,not_damage,"label: no_damage
reason: The image shows a close-up of a surface with no visible damage, cracks, mold, wear, or asbestos. The surface appears to be in good condition."
house_Cracks_Severe_78_jpg.rf.37bfdbf54714fb96e33118ea89e088e6.jpg,damage,no_damage,damage,not_damage,"label: no_damage
reason: The image shows a surface with no visible damage, cracks, mold, wear, or asbestos-like material marks."
house_Cracks_Severe_95_jpg.rf.d80f8bc7b7fe792305a5a399a63ce776.jpg,damage,no_damage,damage,not_damage,"label: no_damage
reason: The image shows a plain, grey surface with no visible damage, cracks, mold, wear, or asbestos-like material marks."
house_Cracks_Severe_97_jpg.rf.6ec21091a9390e0b75183a37e0f61ccc.jpg,damage,no_damage,damage,not_damage,"label: no_damage
reason: The image shows a surface with no visible damage, cracks, mold, wear, or asbestos-like material marks."
house_FireDamage_104_png.rf.e20e200c845bff3de53ef0aac6550876.jpg,damage,damage,damage,damage,"label: damage
reason: The image shows visible water damage on the ceiling, which is a form of damage."
house_FireDamage_111_png.rf.d3c7c90cb35265426b68b0735aa57754.jpg,damage,damage,damage,damage,"label: damage
reason: The image shows visible signs of water damage, including discoloration, stains, and peeling paint on the walls and ceiling, as well as a damaged shower curtain."
house_FireDamage_118_png.rf.ff908fd427fb855a20a6530c9eb1190c.jpg,damage,damage,damage,damage,"label: damage
reason: Fire damage visible on the wall and ceiling, and the presence of a damaged air conditioning unit."
house_FireDamage_11_png.rf.9a4b4bd967d7d779497d8ffb2ddcd81f.jpg,damage,damage,damage,damage,"label: damage
reason: The image shows a carpet with visible burn marks, indicating damage."
house_FireDamage_120_png.rf.54c987f11468f4b2d0ca7111e55a2516.jpg,damage,damage,damage,damage,"label: damage
reason: The image shows visible damage to the exterior of the building, including burnt areas and possible water damage."
house_FireDamage_127_jpg.rf.1e068b555bb194dff407d8938ea96fa1.jpg,damage,damage,damage,damage,"label: damage
reason: The image shows a building with significant damage, including a burned-out interior, a missing door, and a hole in the wall."
house_FireDamage_134_png.rf.b3c6bf0d0cc674e089b0ab33839e17b7.jpg,damage,damage,damage,damage,"label: damage
reason: The image shows a small black shed with visible damage, including a damaged roof, missing siding, and a general state of disrepair."
house_FireDamage_138_jpg.rf.48a6433cfcff656a3028876aedbc84c5.jpg,damage,no_damage,damage,not_damage,"label: no_damage
reason: The image shows a building with a visible sign that reads ""ROOSE"", but there are no signs of damage, crack, mold, wear, or asbestos. The building appears to be in good condition."
house_FireDamage_141_jpg.rf.c05333cbf0c11ca6e30e4e0ae884a615.jpg,damage,damage,damage,damage,"label: damage
reason: The image shows a building with visible fire damage, including charred and burned areas, which indicates damage."
house_FireDamage_142_jpg.rf.494e92ca28f25d080672d35e1b36eacb.jpg,damage,no_damage,damage,not_damage,"label: no_damage
reason: The image shows a city street with a building in the background, but there is no visible damage, crack, mold, wear, or asbestos-like material marks. The scene appears to be a typical urban setting with no inspection-relevant issues."
house_FireDamage_147_jpg.rf.901b5b8f1288df416f2b2c9f951f0b5c.jpg,damage,damage,damage,damage,"label: damage
reason: The image shows a building with visible fire damage, including charred and burned areas, and smoke coming from the windows. This indicates significant damage to the structure."
house_FireDamage_150_jpg.rf.c26262f08e350d1448dc796f02f76aa1.jpg,damage,damage,damage,damage,"label: damage
reason: The image shows a building with visible fire damage, as evidenced by the charred exterior and the presence of smoke and firefighters."
house_FireDamage_151_jpg.rf.deba0635ed5ff85c2ebe1ef59d39d1cd.jpg,damage,damage,damage,damage,"label: damage
reason: The image shows a building with visible fire damage, including charred and blackened areas, indicating that the building has sustained significant damage."
house_FireDamage_157_jpg.rf.11d3778bbe8c8d922476b5b37186b31c.jpg,damage,damage,damage,damage,"label: damage
reason: The image shows a building engulfed in flames, which is a clear indication of fire damage."
house_FireDamage_161_jpg.rf.06f61a068b4afeafee4f54fcb94bd10b.jpg,damage,damage,damage,damage,"label: damage
reason: The image shows a building with visible fire damage, including charred and burnt areas, which indicates damage."
house_FireDamage_164_jpg.rf.8ad101dc5434a17a18eee9549ec94e67.jpg,damage,damage,damage,damage,"label: damage
reason: The image shows visible fire damage, with charred and burnt areas on the building's exterior."
house_FireDamage_167_jpg.rf.b8c6f02d373b155a4d2e53859999ba42.jpg,damage,damage,damage,damage,"label: damage
reason: Fire damage visible on the vehicle and surrounding area."
house_FireDamage_173_png.rf.7da7d72c3f04405f4930685850541ae6.jpg,damage,damage,damage,damage,"label: damage
reason: The image shows a building with visible fire damage, including charred and burned areas, and the presence of smoke."
house_FireDamage_177_png.rf.e190fe161c963e65e73f0adb82317a6f.jpg,damage,damage,damage,damage,"label: damage
reason: The image shows a building with significant fire damage, including charred and burned areas, missing sections of the exterior, and visible destruction."
house_FireDamage_17_png.rf.fc91edd287e0b4f296af97c772427a47.jpg,damage,wear,damage,damage,"label: wear
reason: The image shows discoloration and stains on the surface, which are indicative of wear."
house_FireDamage_189_png.rf.65937d110bab415706d417ba1b474212.jpg,damage,damage,damage,damage,"label: damage
reason: The image shows a room with significant fire damage, including burned walls, charred furniture, and a destroyed fireplace. The ceiling is also damaged, with visible burn marks and debris scattered throughout the room."
house_FireDamage_197_png.rf.f9f901701d9e07434940770becc13c5c.jpg,damage,damage,damage,damage,"label: damage
reason: The image shows a room with significant fire damage, including burned walls, charred furniture, and debris scattered throughout the space."
house_FireDamage_202_png.rf.a46529f471c4cf706ee822943a3c90b9.jpg,damage,damage,damage,damage,"label: damage
reason: The image shows a room with significant fire damage, including burned walls, charred furniture, and debris scattered throughout the space."
house_FireDamage_206_png.rf.fd409577790902fad3ec9b208e748b65.jpg,damage,damage,damage,damage,"label: damage
reason: The image shows a room with significant fire damage, including burned walls, charred furniture, and a destroyed ceiling."
house_FireDamage_213_png.rf.998bdaea6afba6b95d07b6b5da9c1fb0.jpg,damage,damage,damage,damage,"label: damage
reason: The image shows a building with significant fire damage, as evidenced by the charred and burnt exterior, which indicates damage."
house_FireDamage_219_jpg.rf.37c9c043abd2c920fd09eaecb62a5c18.jpg,damage,damage,damage,damage,"label: damage
reason: The image shows a building with visible fire damage, including charred roofing and blackened areas on the exterior."
house_FireDamage_21_png.rf.d778e3762c9eaceb6063090d83018886.jpg,damage,wear,damage,damage,"label: wear
reason: The image shows a wall with visible stains and discoloration, which is indicative of wear."
house_FireDamage_220_jpg.rf.11b5b36b19a18f0a3dbc8a8e929472b4.jpg,damage,damage,damage,damage,"label: damage
reason: The image shows a room with significant fire damage, including burned and charred surfaces, melted plastic, and a destroyed bed. The room appears to be in a state of disrepair and would require extensive renovation."
house_FireDamage_222_jpg.rf.59fed75047f5ecbcbdb4512eb3ecf787.jpg,damage,damage,damage,damage,"label: damage
reason: The image shows a building engulfed in flames, which is a clear sign of damage."
house_FireDamage_237_jpg.rf.c30309a9f2de75c55e2e25f08b9a1d67.jpg,damage,damage,damage,damage,"label: damage
reason: The image shows a building with significant fire damage, including charred and burned areas, missing windows, and debris scattered on the ground."
house_FireDamage_238_jpg.rf.abc2b627479557c7a3e7e89dc6b42df0.jpg,damage,damage,damage,damage,"label: damage
reason: The image shows a building with significant fire damage, including charred and burned areas, visible structural damage, and debris scattered around the exterior."
house_FireDamage_23_png.rf.e98ac73ec96a01a802f4c029547ad3a8.jpg,damage,wear,damage,damage,"label: wear
reason: The image shows discoloration and stains on the wall, which are indicative of wear."
house_FireDamage_244_jpeg.rf.9a57c51b92d77cb7f38ad721b42f490d.jpg,damage,damage,damage,damage,"label: damage
reason: The image shows a building with visible damage, including holes, broken material, and fire damage."
house_FireDamage_248_jpeg.rf.d2f9143e4ace5fea398229b0cc882de4.jpg,damage,damage,damage,damage,"label: damage
reason: The image shows significant damage to the building's structure, including visible holes, broken material, and fire damage. There are no cracks, mold, wear, or asbestos-like material marks visible in the image."
house_FireDamage_251_jpg.rf.e780494e6de772af64c9a32a2c8136ce.jpg,damage,damage,damage,damage,"label: damage
reason: The image shows a house with visible fire damage, including charred walls and a collapsed roof."
house_FireDamage_256_jpg.rf.a8f3c5d5286fd88495977833694df255.jpg,damage,damage,damage,damage,"label: damage
reason: The image shows a kitchen with visible fire damage, including burnt cabinets, a damaged stove, and charred debris."
house_FireDamage_269_jpg.rf.6302ce974e4d1d9d01933570386be1f7.jpg,damage,damage,damage,damage,"label: damage
reason: The image shows a building with significant visible damage, including a large hole in the side and debris scattered around the area. This indicates that the building has suffered from some form of structural failure or destruction, which could be due to various factors such as natural disasters, accidents, or neglect."
house_FireDamage_273_jpg.rf.574995107d3299836d8f195176a546be.jpg,damage,damage,damage,damage,"label: damage
reason: The image shows a building with significant visible damage, including charred and burnt sections, which indicates that the building has likely experienced a fire or other destructive event."
house_FireDamage_275_jpg.rf.6d116571cda22ef53585d4eba88254b5.jpg,damage,damage,damage,damage,"label: damage
reason: The image shows a building with visible damage, including holes, broken material, and fire damage."
house_FireDamage_31_jpg.rf.5e8165ff95aa2dbf8db81754358dfe31.jpg,damage,no_damage,damage,not_damage,"label: no_damage
reason: The image shows a wall outlet with no visible damage, cracks, mold, wear, or asbestos. The outlet appears to be in good condition."
house_FireDamage_37_jpg.rf.f63414d89924d133ed3b414208b41014.jpg,damage,wear,damage,damage,"label: wear
reason: The image shows a wall with visible signs of wear, such as discoloration and stains, which are indicative of aging or surface deterioration."
house_FireDamage_38_png.rf.bc876e2986a24d0e671bd3776a72c83f.jpg,damage,wear,damage,damage,"label: wear
reason: The image shows a wooden floor with visible signs of wear, such as discoloration and surface deterioration."
house_FireDamage_41_png.rf.1b36eb98660ec5ce2f0dce8c72a3f330.jpg,damage,wear,damage,damage,"label: wear
reason: The image shows discoloration and stains on the wall, which are indicative of wear."
house_FireDamage_46_jpg.rf.0f8d8b948606f301a2d981b221e160fb.jpg,damage,no_damage,damage,not_damage,"label: no_damage
reason: The image shows a ceiling with a visible stain, which could be a sign of water damage or mold. However, there are no other visible signs of damage, such as holes, broken material, or fire damage. The stain alone does not warrant a classification of damage or mold"
house_FireDamage_48_jpg.rf.82615c77f685bf6a01a353ab26d1a9b8.jpg,damage,no_damage,damage,not_damage,"label: no_damage
reason: The image shows a plain, light-colored wall with no visible damage, cracks, mold, wear, or asbestos-like material marks."
house_FireDamage_56_png.rf.1463f537bd2ae705a322a2c588bded5d.jpg,damage,damage,damage,damage,"label: damage
reason: The image shows a door with significant damage, including peeling paint, visible wear, and possible water damage. The door appears to be in poor condition and may require repair or replacement."
house_FireDamage_67_jpg.rf.fca634b1f4845069cac986bef5807c75.jpg,damage,damage,damage,damage,"label: damage
reason: The image shows a room with visible damage, including a damaged floor, a broken window, and a damaged door. The overall condition of the room indicates that it has been severely affected by some form of damage, likely due to water or fire."
house_FireDamage_75_jpg.rf.0a1583e10afd8911e49534e69032c34e.jpg,damage,damage,damage,damage,"label: damage
reason: The image shows a room with significant damage, including a large hole in the wall, a damaged floor, and debris scattered throughout the space. The presence of these issues indicates that the room has sustained significant damage, which would be classified as ""damage"" in this context."
house_FireDamage_91_png.rf.a358aaa1ab037d9f00bb46b0460403f0.jpg,damage,damage,damage,damage,"label: damage
reason: The image shows a window with visible damage, including a broken pane and a hole in the wall."
house_FireDamage_94_png.rf.3276fa82ab6065787df6174cd21242f8.jpg,damage,damage,damage,damage,"label: damage
reason: The image shows a window with significant fire damage, including charred wood and melted plastic, which indicates damage."
house_FireDamage_96_png.rf.999f14c8a2bc9f655f4d75948b4f8ff7.jpg,damage,damage,damage,damage,"label: damage
reason: The image shows a window with visible damage, including burnt wood and charred areas, which indicates fire damage."
house_Mold_Minor_102_jpg.rf.d892cf84520d98d1ce40f0a4c962350b.jpg,damage,wear,damage,damage,"label: wear
reason: The image shows a worn-out carpet near a door, indicating that the carpet has experienced significant wear and tear."
house_Mold_Minor_106_jpg.rf.5ac10f4883b9bf6640274cccc83a9298.jpg,damage,no_damage,damage,not_damage,"label: no_damage
reason: The image shows a plain, light-colored surface with no visible damage, cracks, mold, wear, or asbestos-like material marks."
house_Mold_Minor_117_jpg.rf.b51d6d3f187adb9ca486ab56333d3b0c.jpg,damage,no_damage,damage,not_damage,"label: no_damage
reason: The image shows a plain, white wall with no visible damage, cracks, mold, wear, or asbestos-like material marks."
house_Mold_Minor_122_jpg.rf.9441f3d15c483da3d9fb6e92ba6d5587.jpg,damage,wear,damage,damage,"label: wear
reason: The image shows a wall with visible stains and discoloration, which is indicative of wear."
house_Mold_Minor_124_jpg.rf.a415536de687bb9be0d2d8c0acea349f.jpg,damage,no_damage,damage,not_damage,"label: no_damage
reason: The image shows a white wall with a few small spots, which could be dust or dirt, but there is no visible damage, crack, mold, wear, or asbestos."
house_Mold_Minor_12_jpg.rf.ef331c914db36538de8d023633657541.jpg,damage,wear,damage,damage,"label: wear
reason: The image shows a wall with visible dirt and grime, which indicates wear and a need for cleaning."
house_Mold_Minor_136_jpg.rf.27cc41a7cda723077b067bcb47f160fc.jpg,damage,wear,damage,damage,"label: wear
reason: The image shows a window sill with visible wear and aging, which is a common issue in housing inspections."
house_Mold_Minor_140_jpg.rf.0272e18d149d30420f0c957df700ba2e.jpg,damage,no_damage,damage,not_damage,"label: no_damage
reason: The image shows a white ceiling with no visible damage, cracks, mold, wear, or asbestos-like material marks."
house_Mold_Minor_153_jpg.rf.9415217eecc53d78f428e48881aea11f.jpg,damage,no_damage,damage,not_damage,"label: no_damage
reason: The image shows a plain, white wall with a corner where a window or door frame meets the wall. There are no visible cracks, mold, wear, or asbestos-like material marks. The wall appears to be in good condition, and there is no damage"
house_Mold_Minor_156_jpg.rf.026d81befadb19a1c448bd46cfcc83c0.jpg,damage,wear,damage,damage,"label: wear
reason: The image shows a wall with visible dirt and grime, which indicates wear and tear."
house_Mold_Minor_159_jpg.rf.72631b2ab1d0e84dcdd318324e201166.jpg,damage,no_damage,damage,not_damage,"label: no_damage
reason: The image shows a bathroom with a mirror, a window, and a fan mounted on the wall. There are no visible signs of damage, cracks, mold, wear, or asbestos. The bathroom appears to be in good condition."
house_Mold_Minor_15_jpg.rf.4a6d054271a82209521cad4f8f6e8e12.jpg,damage,no_damage,damage,not_damage,"label: no_damage
reason: The image shows a wall with visible cracks and some wear, but no other inspection-relevant issues are visible."
house_Mold_Minor_163_jpg.rf.0da5cb366338bf15566352e25bdc9e29.jpg,damage,no_damage,damage,not_damage,"label: no_damage
reason: The image shows a clean, white wall with no visible damage, cracks, mold, wear, or asbestos."
house_Mold_Minor_16_jpg.rf.79e3205051affd4a6f2b998152f8055f.jpg,damage,wear,damage,damage,"label: wear
reason: The image shows a white wall with visible stains and discoloration, which is indicative of wear."
house_Mold_Minor_178_jpg.rf.d5d3258c9339367465805bb386c0118d.jpg,damage,wear,damage,damage,"label: wear
reason: The image shows a dirty and stained surface, which indicates wear and tear."
house_Mold_Minor_186_jpg.rf.85611b3cca33f5f6ce211dd22a1ab8e3.jpg,damage,wear,damage,damage,"label: wear
reason: The image shows a stain on the ceiling, which is indicative of wear or aging."
house_Mold_Minor_188_jpg.rf.b5bd0ad8f32e8b54361d2e65606ed124.jpg,damage,no_damage,damage,not_damage,"label: no_damage
reason: The image shows a plain, white wall with no visible damage, cracks, mold, wear, or asbestos-like material marks."
house_Mold_Minor_18_jpg.rf.6814f4412c20463477ccca4869286a34.jpg,damage,no_damage,damage,not_damage,"label: no_damage
reason: The image shows a surface with a blue line, but there are no visible signs of damage, crack, mold, wear, or asbestos."
house_Mold_Minor_193_jpg.rf.0845fba0e841bc298680872ada6ed9a5.jpg,damage,no_damage,damage,not_damage,"label: no_damage
reason: The image shows a window with a white handle, and there are no visible signs of damage, crack, mold, wear, or asbestos. The window appears to be in good condition."
house_Mold_Minor_196_jpg.rf.06f40557789a4041a660d1476c248123.jpg,damage,mold,damage,damage,"label: mold
reason: The image shows visible mold or mould on the ceiling."
house_Mold_Minor_197_jpg.rf.d48c327c2b4be7aaecab0027810b4e19.jpg,damage,mold,damage,damage,"label: mold
reason: The image shows visible mold or mould on the wall."
house_Mold_Minor_1_jpg.rf.d044398f4620c7474a5343e21d1b7880.jpg,damage,no_damage,damage,not_damage,"label: no_damage
reason: The image shows a clean, white wall with no visible damage, cracks, mold, wear, or asbestos."
house_Mold_Minor_201_jpg.rf.b984cd8732ae355d2e89d9d08f1da9fc.jpg,damage,damage,damage,damage,"label: damage
reason: visible damage such as holes, broken material, or water damage."
house_Mold_Minor_30_jpg.rf.df0a20bd75d06cbbdeec72402e856ac9.jpg,damage,wear,damage,damage,"label: wear
reason: The image shows a wall with visible signs of wear, such as discoloration and surface deterioration."
house_Mold_Minor_32_jpg.rf.ff8231a939c542464087ca4287773b00.jpg,damage,wear,damage,damage,"label: wear
reason: The image shows a stain on the ceiling, which is indicative of wear or aging."
house_Mold_Minor_33_jpg.rf.ec61c1e098b5c8c04f3f0211469d31bc.jpg,damage,no_damage,damage,not_damage,"label: no_damage
reason: The image shows a plain white wall with a shadow cast on it, which appears to be from a phone or camera. There are no visible signs of damage, crack, mold, wear, or asbestos."
house_Mold_Minor_34_jpg.rf.ed4ecd25a41f199fd663459ea1a501c3.jpg,damage,no_damage,damage,not_damage,"label: no_damage
reason: The image shows a toilet paper roll and a toilet tank, but there are no visible signs of damage, crack, mold, wear, or asbestos. The toilet appears to be in good condition."
house_Mold_Minor_39_jpg.rf.60141e34ed704efaa114a4c775a5429a.jpg,damage,wear,damage,damage,"label: wear
reason: The image shows a corner of a wall with visible wear, such as discoloration and surface deterioration, which is indicative of aging or exposure to environmental factors."
house_Mold_Minor_3_jpg.rf.a2d3394a96289644b2556b1d2d0bbd33.jpg,damage,no_damage,damage,not_damage,"label: no_damage
reason: The image shows a gray, textured surface with no visible damage, cracks, mold, wear, or asbestos-like material marks."
house_Mold_Minor_42_jpg.rf.e572f179411bd45b86cd2e15f2bb4f56.jpg,damage,wear,damage,damage,"label: wear
reason: The image shows a ceiling with visible stains and discoloration, which is indicative of wear."
house_Mold_Minor_48_jpg.rf.d621f44e68463b37eb16141b2b1af611.jpg,damage,wear,damage,damage,"label: wear
reason: The image shows a wall with visible signs of wear, such as discoloration and surface deterioration."
house_Mold_Minor_4_jpg.rf.2a6791b5eaad019000ac5d61377da046.jpg,damage,no_damage,damage,not_damage,"label: no_damage
reason: The image shows a plain, unadorned wall with no visible damage, cracks, mold, wear, or asbestos."
house_Mold_Minor_66_jpg.rf.d366b7030063124a2634175dbdfb0fef.jpg,damage,wear,damage,damage,"label: wear
reason: The image shows a bathtub with visible wear, including discoloration and stains, which indicates that the bathtub has been used for an extended period of time and has experienced some level of deterioration."
house_Mold_Minor_67_jpg.rf.ca99d304e433e71ae5e84faad70c6eff.jpg,damage,no_damage,damage,not_damage,"label: no_damage
reason: The image shows a bathroom with a window, and there are no visible signs of damage, crack, mold, wear, or asbestos. The room appears to be in a state of disrepair, but no specific issues are apparent."
house_Mold_Minor_84_jpg.rf.173192c15ba695abc03dc279776bf166.jpg,damage,no_damage,damage,not_damage,"label: no_damage
reason: The image shows a blue wall with a wooden floor, and there are no visible signs of damage, crack, mold, wear, or asbestos. The wall appears to be in good condition, and the floor looks clean and well-maintained."
house_Mold_Minor_93_jpg.rf.e5e1b9441cfda8697b3911c0724fd1d2.jpg,damage,wear,damage,damage,"label: wear
reason: The image shows a window sill with visible dirt and grime, indicating wear and a need for cleaning."
house_Mold_Moderate_10_jpg.rf.6fe54b2c4bc42449dd17fcfea9fb9a4d.jpg,damage,mold,damage,damage,"label: mold
reason: The image shows visible mold or mould on the wall."
house_Mold_Moderate_113_jpg.rf.88d7217c550694b28cbe11c0115751a0.jpg,damage,wear,damage,damage,"label: wear
reason: The image shows visible discoloration and surface deterioration, which is indicative of wear."
house_Mold_Moderate_118_jpg.rf.bf6d794f519cb59075e59d479fe3e48c.jpg,damage,mold,damage,damage,"label: mold
reason: The image shows visible mold or mould on the wall."
house_Mold_Moderate_120_jpg.rf.904b279b8e665e8ea87d3a7faecbb819.jpg,damage,wear,damage,damage,"label: wear
reason: The image shows a surface with visible dirt and stains, which indicates wear and tear."
house_Mold_Moderate_121_jpg.rf.0eb3ab88aa493b18c1e04cb48087afb4.jpg,damage,mold,damage,damage,"label: mold
reason: The image shows visible mold or mould on the wall."
house_Mold_Moderate_124_jpg.rf.1838762043893e0fd90043d489c87afd.jpg,damage,wear,damage,damage,"label: wear
reason: The image shows a wall with visible stains and discoloration, which is indicative of wear."
house_Mold_Moderate_136_jpg.rf.4dfdd2824d53582325d197e257a535b3.jpg,damage,no_damage,damage,not_damage,"label: no_damage
reason: The image shows a clean, white ceiling with no visible damage, cracks, mold, wear, or asbestos."
house_Mold_Moderate_138_jpg.rf.6c83c23889539f710d375ecce887dbf9.jpg,damage,wear,damage,damage,"label: wear
reason: The image shows visible signs of wear, such as discoloration and stains on the wall, which indicates aging or surface deterioration."
house_Mold_Moderate_147_jpg.rf.70db6c9a41a16e0d749d87ece0259460.jpg,damage,wear,damage,damage,"label: wear
reason: The image shows visible stains and discoloration on the wall, which is indicative of wear."
house_Mold_Moderate_14_jpg.rf.f036d1a833458590edbec76a074b5df3.jpg,damage,mold,damage,damage,"label: mold
reason: The image shows visible mold or mould on the wall."
house_Mold_Moderate_156_jpg.rf.95bfdb8f9610298fc4636798268edf6e.jpg,damage,mold,damage,damage,"label: mold
reason: The image shows visible mold or mould on the wall."
house_Mold_Moderate_157_jpg.rf.3768204334c38192e74a14158fc8957b.jpg,damage,wear,damage,damage,"label: wear
reason: The image shows a wall with visible signs of wear, such as discoloration and surface deterioration, but no other inspection-relevant issues like damage, cracks, mold, or asbestos are visible."
house_Mold_Moderate_160_jpg.rf.15bc0400083fca5551a9cca02253dc2f.jpg,damage,wear,damage,damage,"label: wear
reason: The image shows discoloration and stains on the surface, which are indicative of wear and aging."
house_Mold_Moderate_161_jpg.rf.2b674570fe8123d72d74809d0e8f9bdb.jpg,damage,mold,damage,damage,"label: mold
reason: The image shows visible mold growth on the wall, which is a concern for indoor air quality and health."
house_Mold_Moderate_195_jpg.rf.984e6a88bda7d757af8cc986eaecd81c.jpg,damage,mold,damage,damage,"label: mold
reason: The image shows visible mold or mould on the wall."
house_Mold_Moderate_201_jpg.rf.b1ed11604a105fcddd1c91d06b59269f.jpg,damage,no_damage,damage,not_damage,"label: no_damage
reason: The image shows a clean and well-maintained interior space with no visible damage, cracks, mold, wear, or asbestos."
house_Mold_Moderate_203_jpg.rf.1a2584d17bb87c68fd1a4ce9e04b5635.jpg,damage,no_damage,damage,not_damage,"label: no_damage
reason: The image shows a clear glass window with no visible damage, cracks, mold, wear, or asbestos."
house_Mold_Moderate_206_jpg.rf.744f7a545f8fb7bf888931b0a76893a6.jpg,damage,mold,damage,damage,"label: mold
reason: The image shows visible mold growth on the brick wall."
house_Mold_Moderate_220_jpg.rf.f5e97c3c8ecdf8ea344394f8dc3c0fea.jpg,damage,wear,damage,damage,"label: wear
reason: The image shows a visible stain or discoloration on the wall, which is indicative of wear."
house_Mold_Moderate_221_jpg.rf.e8deabeb1202b640452f7b7707d743b1.jpg,damage,mold,damage,damage,"label: mold
reason: The image shows visible mold or mould on the wall."
house_Mold_Moderate_230_jpg.rf.df73fc8e7bc5e71ddc8fda64984c9ee9.jpg,damage,mold,damage,damage,"label: mold
reason: The image shows visible mold or mould on the wall."
house_Mold_Moderate_231_jpg.rf.1f103032e0dc154345a07e75dbf4082e.jpg,damage,wear,damage,damage,"label: wear
reason: The image shows discoloration and stains on the surface, which are indicative of wear."
house_Mold_Moderate_23_jpg.rf.717353d18f03a6ceaec5f15c50b06a62.jpg,damage,wear,damage,damage,"label: wear
reason: The image shows a surface with visible dirt and stains, which indicates wear."
house_Mold_Moderate_27_jpg.rf.b66df81c69e785a16ce5a2d0dfad1277.jpg,damage,wear,damage,damage,"label: wear
reason: The image shows a bathroom with visible signs of wear, such as discoloration and aging on the walls and ceiling."
house_Mold_Moderate_29_jpg.rf.af71aa97a74cbf137001aad86e5b5c7e.jpg,damage,mold,damage,damage,"label: mold
reason: The image shows visible mold or mould on the wall."
house_Mold_Moderate_44_jpg.rf.2c4b0ac3a04df305513db2372e6509bc.jpg,damage,wear,damage,damage,"label: wear
reason: The image shows a surface with visible signs of wear, such as discoloration and aging, but no other inspection-relevant issues like damage, cracks, mold, or asbestos are visible."
house_Mold_Moderate_45_jpg.rf.c2e1e4307f5b2a47aeb42421f8db94f8.jpg,damage,mold,damage,damage,"label: mold
reason: The image shows visible mold or mould on the ceiling."
house_Mold_Moderate_61_jpg.rf.b699337c1a82bfff61708e3073e9e163.jpg,damage,mold,damage,damage,"label: mold
reason: The image shows visible mold or mould on the ceiling."
house_Mold_Moderate_72_jpg.rf.6025f87db58482d10ec71ee5c5b955b1.jpg,damage,mold,damage,damage,"label: mold
reason: The image shows visible mold or mould on the ceiling."
house_Mold_Moderate_98_jpg.rf.82751e5f62f243cc07221673f3980df5.jpg,damage,mold,damage,damage,"label: mold
reason: The image shows visible mold or mould on the wall."
house_Mold_Severe_100_jpg.rf.127a72629bbd668eda22631321024ae2.jpg,damage,wear,damage,damage,"label: wear
reason: The image shows a surface with visible discoloration and surface deterioration, which is indicative of wear."
house_Mold_Severe_101_jpg.rf.889859f094c4fffbae1d0b05f9bff04f.jpg,damage,wear,damage,damage,"label: wear
reason: The image shows a surface with visible discoloration and surface deterioration, which is indicative of wear."
house_Mold_Severe_105_jpg.rf.31b4c3685f4001582d2caab1dad8a20d.jpg,damage,wear,damage,damage,"label: wear
reason: The image shows discoloration and stains on the wall, which are indicative of wear."
house_Mold_Severe_12_jpg.rf.e13d607606abdfc8bc7187aa0b87ef54.jpg,damage,mold,damage,damage,"label: mold
reason: The image shows visible mold or mould on the wall."
house_Mold_Severe_140_jpg.rf.f856ffc295d7df4044bf6d2c62734cb7.jpg,damage,wear,damage,damage,"label: wear
reason: The image shows visible signs of wear, such as discoloration and surface deterioration, which are indicative of aging or exposure to the elements."
house_Mold_Severe_142_jpg.rf.794146c2a346ac477e00e0b4a2158da3.jpg,damage,mold,damage,damage,"label: mold
reason: The image shows visible mold or mould on the walls, which is a concern for health and safety in a housing inspection."
house_Mold_Severe_148_jpg.rf.068158eb3222343e4cb2c1e90e32463b.jpg,damage,mold,damage,damage,"label: mold
reason: The image shows visible mold or mould on the wall."
house_Mold_Severe_172_jpg.rf.acea7e2cfe4da96c41297892fa9e33cb.jpg,damage,wear,damage,damage,"label: wear
reason: The image shows a piece of wood with visible wear, discoloration, and surface deterioration."
house_Mold_Severe_188_jpg.rf.f3adda5adca004aef3b1baf203dbae65.jpg,damage,wear,damage,damage,"label: wear
reason: The image shows visible signs of wear, such as discoloration and stains on the wall, which are indicative of aging or surface deterioration."
house_Mold_Severe_195_jpg.rf.9b5be6196aa5903005ac21e726da9b5a.jpg,damage,mold,damage,damage,"label: mold
reason: The image shows visible mold growth on the walls, which is a concern for health and safety."
house_Mold_Severe_198_jpg.rf.7f9d5ad7929214b7d49ca08456865ef0.jpg,damage,mold,damage,damage,"label: mold
reason: The image shows visible mold growth on the walls, which is a concern for health and safety."
house_Mold_Severe_200_jpg.rf.63acd9e291efd92af7a2ad7e97c2ec58.jpg,damage,wear,damage,damage,"label: wear
reason: The image shows a wall with visible signs of wear, such as discoloration and stains, which are indicative of aging or surface deterioration."
house_Mold_Severe_43_jpg.rf.85090c10d945ee8993678c81bdf5bc54.jpg,damage,wear,damage,damage,"label: wear
reason: The image shows a wall with visible signs of wear, such as discoloration and surface deterioration."
house_Mold_Severe_59_jpg.rf.03232f80eac82f3a2d1957d6ba72dc48.jpg,damage,wear,damage,damage,"label: wear
reason: The image shows discoloration, paint wear, and surface deterioration, which are indicative of wear."
house_Mold_Severe_63_jpg.rf.bf969c7ef4d86c83d79b7fe580d675d6.jpg,damage,mold,damage,damage,"label: mold
reason: The image shows visible mold or mould on the ceiling."
house_Mold_Severe_65_jpg.rf.779c30a54a1109fba37dd9c3e53452b3.jpg,damage,mold,damage,damage,"label: mold
reason: The image shows visible mold or mould on the ceiling."
house_Mold_Severe_68_jpg.rf.6919fa8380dc9db4da09f0e961463b12.jpg,damage,wear,damage,damage,"label: wear
reason: The image shows a wall with visible signs of wear, such as discoloration and surface deterioration, but no other inspection-relevant issues are visible."
house_Mold_Severe_88_jpg.rf.0689dfa9e4c2c84d3db7792bcb17addf.jpg,damage,wear,damage,damage,"label: wear
reason: The image shows visible discoloration and surface deterioration on the wall, which is indicative of wear."
house_Mold_Severe_97_jpg.rf.01603b3806d0a361f5e5e4cb8d7efc6f.jpg,damage,wear,damage,damage,"label: wear
reason: The image shows visible stains and discoloration on the wall, which is indicative of wear."
house_Mold_Severe_98_jpg.rf.7910d073322b193ef86d66365845b5da.jpg,damage,wear,damage,damage,"label: wear
reason: The image shows a red wall with visible signs of wear, such as discoloration and stains, which are indicative of aging or surface deterioration."
house_NaturalDamage_112_jpeg.rf.868b6abcba7b80132affc43a5e650085.jpg,damage,damage,damage,damage,"label: damage
reason: The image shows a room with significant damage, including broken flooring, exposed subfloor, and visible damage to the walls and ceiling."
house_NaturalDamage_119_jpeg.rf.a1de8fb5cdd9b8416519034e9399a7d2.jpg,damage,damage,damage,damage,"label: damage
reason: The image shows a house with significant damage, including a large hole in the side of the building, broken windows, and debris scattered around the front yard. This indicates that the house has suffered from a severe structural failure or some other form of damage."
house_NaturalDamage_121_jpeg.rf.6b667504b83d957871431da749eac474.jpg,damage,damage,damage,damage,"label: damage
reason: The image shows a room with significant damage, including a large hole in the floor, broken walls, and debris scattered throughout the space."
house_NaturalDamage_122_jpeg.rf.5248b31d63d7fc177c5845e793d01292.jpg,damage,damage,damage,damage,"label: damage
reason: The image shows a house with visible damage, including broken windows, a damaged roof, and debris scattered around the exterior."
house_NaturalDamage_128_jpeg.rf.fde29a118eed4fcf27bb3f8679a2e777.jpg,damage,damage,damage,damage,"label: damage
reason: The image shows a room with significant damage, including broken walls, debris on the floor, and a large hole in the ceiling."
house_NaturalDamage_131_jpeg.rf.3e98288ae9df1167694a03020c99fe6e.jpg,damage,damage,damage,damage,"label: damage
reason: The image shows a house with significant visible damage, including a large hole in the side, broken windows, and debris scattered around the property."
house_NaturalDamage_138_jpeg.rf.1afb9a297cf932b25cebcc17bc19df0d.jpg,damage,damage,damage,damage,"label: damage
reason: The image shows visible damage, such as holes in the floor and walls, which indicates that the property has sustained significant structural issues."
house_NaturalDamage_13_jpeg.rf.17960f1dbeefbbe27a84dbe6addad874.jpg,damage,damage,damage,damage,"label: damage
reason: The image shows a room with significant damage, including a large hole in the floor, broken walls, and debris scattered throughout the space. This indicates that the property has sustained significant structural damage, which would require extensive repairs or renovation."
house_NaturalDamage_143_jpeg.rf.cc660100c492709d84889f338dafe6db.jpg,damage,damage,damage,damage,"label: damage
reason: The image shows a house with significant damage, including a large hole in the side, broken windows, and debris scattered around the front yard. The house appears to be in a state of disrepair, which indicates damage."
house_NaturalDamage_144_jpeg.rf.fe528b4c3ca866efbf616052d214c1d1.jpg,damage,damage,damage,damage,"label: damage
reason: The image shows significant damage to the ceiling and floor, with visible cracks, holes, and broken material."
house_NaturalDamage_145_jpeg.rf.40f095e8000462806ca591598ff485d0.jpg,damage,damage,damage,damage,"label: damage
reason: The image shows a house with significant damage, including a large hole in the wall, broken wooden boards, and debris scattered around the entrance. This indicates that the house has sustained significant structural damage."
house_NaturalDamage_159_jpg.rf.7c5ab208714f36b3e087a7f8fdec0eba.jpg,damage,damage,damage,damage,"label: damage
reason: The image shows a building with a damaged roof, which is a clear sign of damage."
house_NaturalDamage_161_jpg.rf.793cc87d0c42a2bc182ea09c02d8ffda.jpg,damage,no_damage,damage,not_damage,"label: no_damage
reason: The image shows a staircase with a crack in the wall, but no other visible damage, mold, wear, or asbestos."
house_NaturalDamage_162_jpg.rf.2a2379321734103ea530346dfdbbe5ce.jpg,damage,no_damage,damage,not_damage,"label: no_damage
reason: The image shows a stairwell with a black and white color scheme, which may give the impression of damage or wear, but there are no visible signs of damage, cracks, mold, wear, or asbestos. The image appears to be a normal stairwell with"
house_NaturalDamage_163_jpg.rf.70474021bdb60140688a5151fbf41aeb.jpg,damage,no_damage,damage,not_damage,"label: no_damage
reason: The image shows a building with a clock tower, and there are no visible signs of damage, crack, mold, wear, or asbestos. The structure appears to be in good condition."
house_NaturalDamage_172_jpg.rf.af695add3c31555a3625a9c5b1207102.jpg,damage,no_damage,damage,not_damage,"label: no_damage
reason: The image shows an old building with some wear and aging, but there are no visible signs of damage, cracks, mold, or asbestos."
house_NaturalDamage_17_jpeg.rf.5ceeff5b80da413d668ed5dfaa46afe2.jpg,damage,damage,damage,damage,"label: damage
reason: The image shows a room with significant damage, including broken flooring, holes in the floor, and debris scattered throughout the space."
house_NaturalDamage_184_png.rf.49c0d61b75341ec9253450837f0dfdf0.jpg,damage,damage,damage,damage,"label: damage
reason: The image shows a room with significant damage, including a large hole in the ceiling, broken walls, and debris scattered throughout the space. This indicates that the property has suffered from severe structural damage, which could be due to various factors such as water damage, fire, or natural disasters."
house_NaturalDamage_185_png.rf.bd0683f49919903bbc09fd3b4ccd2d33.jpg,damage,damage,damage,damage,"label: damage
reason: The image shows a room with significant damage, including a large hole in the ceiling, broken walls, and debris scattered on the floor. This indicates that the property has suffered from severe structural damage, which could be due to water, fire, or other causes."
house_NaturalDamage_191_png.rf.cc5f640ab3748fa844c4f0df684b2eb3.jpg,damage,damage,damage,damage,"label: damage
reason: The image shows a house with significant visible damage, including missing sections of the roof, walls, and windows, as well as debris scattered around the property. This indicates that the house has suffered from a severe event, such as a natural disaster or a structural failure, which has caused extensive damage"
house_NaturalDamage_192_png.rf.3af6bc3e730e676dd6e29195a09f5132.jpg,damage,damage,damage,damage,"label: damage
reason: The image shows a building with significant visible damage, including large holes in the walls and a general state of disrepair."
house_NaturalDamage_201_png.rf.95ac98735a30ad28f24e20490300cf2b.jpg,damage,damage,damage,damage,"label: damage
reason: The image shows a room with significant damage, including visible cracks in the ceiling, walls, and floor, as well as broken and missing material, which indicates structural damage."
house_NaturalDamage_213_png.rf.2df57c0769d2a88e807106391c2d7178.jpg,damage,damage,damage,damage,"label: damage
reason: The image shows a hallway with significant damage, including peeling paint, exposed insulation, and visible structural damage."
house_NaturalDamage_217_png.rf.4de4e52da7ed19ae10861d0c4ed7f8ee.jpg,damage,damage,damage,damage,"label: damage
reason: The image shows a room with significant damage, including broken walls, a damaged ceiling, and debris scattered throughout the space."
house_NaturalDamage_228_png.rf.d798682feee725b4483ceda9d4243773.jpg,damage,damage,damage,damage,"label: damage
reason: The image shows a room with significant damage, including visible cracks in the ceiling, broken material, and debris scattered throughout the space. The overall condition of the room suggests that it has been severely affected by some form of damage, such as water or fire, which has caused the ceiling to"
house_NaturalDamage_231_png.rf.fed3c666749eca89232393f5f6694482.jpg,damage,damage,damage,damage,"label: damage
reason: The image shows a room with a damaged ceiling, which is a clear sign of damage."
house_NaturalDamage_239_png.rf.e1f5c2235fa75ec8f086b9887d58e204.jpg,damage,damage,damage,damage,"label: damage
reason: The image shows a building with significant visible damage, including holes, broken material, and structural instability."
house_NaturalDamage_244_jpg.rf.9d3513ffcb29faefe636f49bfe9c34de.jpg,damage,damage,damage,damage,"label: damage
reason: visible crack in the wall"
house_NaturalDamage_250_jpg.rf.f97edceddc9f743b3f5aa1b496030516.jpg,damage,damage,damage,damage,"label: damage
reason: The image shows a hallway with visible damage, including broken tiles, debris on the floor, and a damaged door frame."
house_NaturalDamage_254_jpg.rf.ca53518d2239a754d67f5ea39e018e21.jpg,damage,damage,damage,damage,"label: damage
reason: The image shows a building with significant damage, including visible cracks, holes, and broken material. There is no indication of mold, wear, or asbestos, and no_damage is not applicable."
house_NaturalDamage_260_jpg.rf.c100899cd5d0431dd698a82cc5684710.jpg,damage,damage,damage,damage,"label: damage
reason: Crack in the wall and peeling paint."
house_NaturalDamage_262_jpg.rf.c41e7669f760352c59d709ba465bced7.jpg,damage,damage,damage,damage,"label: damage
reason: Cracks in the wall and ceiling, as well as visible damage to the surface."
house_NaturalDamage_265_jpg.rf.da3cc2958696419f5cd0e602096b3792.jpg,damage,damage,damage,damage,"label: damage
reason: Crack in the wall and visible damage to the building's facade."
house_NaturalDamage_270_jpg.rf.6c4708e0a8e5c898b3ea28c7ed9597c9.jpg,damage,no_damage,damage,not_damage,"label: no_damage
reason: The image shows a black and white photo of a room with a person standing in the corner. There are no visible signs of damage, cracks, mold, wear, or asbestos. The room appears to be in good condition."
house_NaturalDamage_274_jpg.rf.9cff4a3e926f39ef44a9385bc46c72ec.jpg,damage,damage,damage,damage,"label: damage
reason: The image shows a building with visible damage, including broken material, holes, and water damage."
house_NaturalDamage_275_jpg.rf.7ed970aa1a4d48ec577fce96f6fad4c3.jpg,damage,damage,damage,damage,"label: damage
reason: The image shows visible damage to the building, including cracks and holes in the exterior wall and roof, which indicates structural issues or potential water damage."
house_NaturalDamage_291_jpg.rf.1b71d5212863f6f8b963ea24db33d1c2.jpg,damage,damage,damage,damage,"label: damage
reason: There is visible damage to the wall, including cracks and a hole."
house_NaturalDamage_292_jpg.rf.e845bf89d280964489596e797a9084c6.jpg,damage,damage,damage,damage,"label: damage
reason: The image shows a wall with visible damage, including cracks and holes."
house_NaturalDamage_294_jpg.rf.618bcd46f0065d16f8a956d9ec9fe635.jpg,damage,no_damage,damage,not_damage,"label: no_damage
reason: The image shows a building with a visible window and a wire running along the side. There are no signs of damage, cracks, mold, wear, or asbestos in the visible portion of the image."
house_NaturalDamage_303_jpg.rf.07bd14628ebbce3fabd91b5f91b26199.jpg,damage,no_damage,damage,not_damage,"label: no_damage
reason: The image shows a plain white wall with no visible damage, cracks, mold, wear, or asbestos."
house_NaturalDamage_304_jpg.rf.4bb523c5f03334ab40f13745e5be1d12.jpg,damage,no_damage,damage,not_damage,"label: no_damage
reason: The image shows a plain, white wall with no visible damage, cracks, mold, wear, or asbestos."
house_NaturalDamage_311_jpg.rf.cb0b695b1d1e252f78ab8d1224cb9e1b.jpg,damage,no_damage,damage,not_damage,"label: no_damage
reason: The image shows a large, old building with a prominent clock tower. There are no visible signs of damage, such as holes, broken material, fire damage, or water damage. There are no cracks, mold, or asbestos-like material marks. The building"
house_NaturalDamage_312_jpg.rf.811e9d68bd38c21ffeb427264402954d.jpg,damage,damage,damage,damage,"label: damage
reason: The image shows visible damage, such as debris scattered on the ground in front of the building, which indicates some form of damage or destruction to the property."
house_NaturalDamage_319_jpg.rf.f0f96c1a46fbe7bedeece5fb4f3f1f6a.jpg,damage,damage,damage,damage,"label: damage
reason: The image shows a building with visible damage, including cracks in the walls and a broken window."
house_NaturalDamage_320_jpg.rf.a6c723412d65bee5670589e5b72f7bf9.jpg,damage,damage,damage,damage,"label: damage
reason: The image shows a building with significant structural damage, including visible cracks, holes, and broken material. This indicates that the building has suffered from some form of damage, likely due to age, weathering, or other external factors."
house_NaturalDamage_326_jpg.rf.a2b73261d972e5d78d3a043e987e8079.jpg,damage,damage,damage,damage,"label: damage
reason: The image shows a significant crack in the wall, which is a form of damage."
house_NaturalDamage_345_jpg.rf.72f34f9a6082da901d38c3c40ab4c97c.jpg,damage,damage,damage,damage,"label: damage
reason: Crack in the side of the building, visible damage to the structure."
house_NaturalDamage_349_jpg.rf.8de7942ec0d7da8aef27e227d953d898.jpg,damage,damage,damage,damage,"label: damage
reason: The image shows a building with significant cracks and damage to the exterior, indicating structural issues or possible water damage."
house_NaturalDamage_359_jpg.rf.7a5dc38a3e204454e31e4b5896ba7ed5.jpg,damage,damage,damage,damage,"label: damage
reason: The image shows a building with significant structural damage, including a large hole in the side and visible cracks in the walls."
house_NaturalDamage_366_jpg.rf.571e597389c3c2a42ea178e673648123.jpg,damage,damage,damage,damage,"label: damage
reason: The image shows visible damage to the building, including cracks and holes in the facade."
house_NaturalDamage_369_jpg.rf.4b48d3e4a3372d5d9b8dc17d3e8b82b2.jpg,damage,damage,damage,damage,"label: damage
reason: Cracks in the concrete structure are visible, indicating damage."
house_NaturalDamage_377_jpg.rf.bed55f84fcbfd7d4fa26a9b196b40d15.jpg,damage,damage,damage,damage,"label: damage
reason: The image shows a building with visible damage, including a damaged roof, broken walls, and debris scattered around."
house_NaturalDamage_37_jpeg.rf.f5b382cb2b62aacda506739663dac8dd.jpg,damage,damage,damage,damage,"label: damage
reason: The image shows a house with significant damage, including a large hole in the side of the building, visible cracks, and debris scattered around the entrance."
house_NaturalDamage_389_jpg.rf.ce4c7885fa6192247c79b24b531d0727.jpg,damage,damage,damage,damage,"label: damage
reason: The image shows visible damage, including broken bricks, debris, and a general state of disrepair."
house_NaturalDamage_402_jpg.rf.f7182b82c21565abc784c6089ad19192.jpg,damage,no_damage,damage,not_damage,"label: no_damage
reason: The image shows a building with a window, but there are no visible signs of damage, crack, mold, wear, or asbestos. The building appears to be in a state of disrepair, but no specific inspection-relevant issue is evident."
house_NaturalDamage_405_jpg.rf.8f5de2f62c361d4bd1f6988e420c50de.jpg,damage,damage,damage,damage,"label: damage
reason: The image shows a building with significant structural damage, including visible cracks, broken material, and debris scattered around the entrance. This indicates that the building has suffered from some form of damage, likely due to natural disasters, accidents, or neglect."
house_NaturalDamage_416_jpg.rf.b5112865de0b410a86cff6cc1aa93ae7.jpg,damage,damage,damage,damage,"label: damage
reason: The image shows a building with significant damage, including a large hole in the wall and debris scattered around the entrance."
house_NaturalDamage_419_png.rf.d15f564a84351f37b09e0b984907a966.jpg,damage,damage,damage,damage,"label: damage
reason: The image shows significant damage to the ceiling, walls, and floor, with visible holes, broken material, and debris scattered throughout the room."
house_NaturalDamage_43_jpeg.rf.d63d654b039a046ad23195e1b4c35301.jpg,damage,damage,damage,damage,"label: damage
reason: The image shows a room with significant damage, including broken tiles, exposed insulation, and a hole in the floor."
house_NaturalDamage_442_jpeg.rf.6a158a13c33a8c9379ccddf4a2572618.jpg,damage,damage,damage,damage,"label: damage
reason: The image shows a house with significant visible damage, including a collapsed roof, missing siding, and a damaged staircase."
house_NaturalDamage_444_jpeg.rf.3c0b08c4d883df5d1a890d3f6207b858.jpg,damage,damage,damage,damage,"label: damage
reason: The house in the image shows visible damage, including missing siding, broken windows, and a general state of disrepair."
house_NaturalDamage_453_jpeg.rf.784553a2d1f3b7c5044f2813f5ce9e62.jpg,damage,damage,damage,damage,"label: damage
reason: The image shows a house with significant damage, including a missing roof section, exposed interior, and debris scattered around the yard. This indicates that the house has suffered from a severe event, such as a storm or a structural failure, which has caused extensive damage to the property."
house_NaturalDamage_459_jpeg.rf.ea1a30b4981b9cb8e02cbf465fea8fa6.jpg,damage,damage,damage,damage,"label: damage
reason: The image shows a house with significant damage, including missing roofing material, visible structural damage, and debris scattered around the property."
house_NaturalDamage_46_jpeg.rf.88b72acdd7b119084e5c3c88df2a8fe0.jpg,damage,damage,damage,damage,"label: damage
reason: The image shows a room with significant damage, including missing flooring, exposed subfloor, and visible damage to the walls and ceiling."
house_NaturalDamage_474_jpeg.rf.3ba88f7ed4594b984302ef2051cdb670.jpg,damage,damage,damage,damage,"label: damage
reason: The image shows a room with significant damage, including a large hole in the ceiling, broken flooring, and debris scattered throughout the space. This indicates that the room has sustained significant structural damage, which would be classified as damage."
house_NaturalDamage_49_jpeg.rf.47749344586bb22eb1916c0f090b9894.jpg,damage,damage,damage,damage,"label: damage
reason: The image shows a room with significant damage, including broken flooring, a missing section of the floor, and visible damage to the walls and flooring."
house_NaturalDamage_504_jpeg.rf.6e2cbe786ad898c1cf04ce36f4fe7a3f.jpg,damage,damage,damage,damage,"label: damage
reason: The image shows a room with significant damage, including a large hole in the ceiling, exposed wooden beams, and debris scattered on the floor. This indicates that the room has suffered from structural damage, which could be due to water damage, fire damage, or other causes."
house_NaturalDamage_511_jpeg.rf.c12af4cc0dab7e925204350eaf324ac0.jpg,damage,damage,damage,damage,"label: damage
reason: The image shows a room with significant damage, including a large hole in the ceiling, exposed wooden beams, and debris scattered across the floor. This indicates that the room has suffered from structural damage, which could be due to water, fire, or other causes."
house_NaturalDamage_52_jpeg.rf.ddbd2a9648548a2718ba7b74c2c6d906.jpg,damage,damage,damage,damage,"label: damage
reason: The image shows a room with visible damage, including broken flooring, a damaged wall, and debris scattered throughout the space."
house_NaturalDamage_536_jpeg.rf.13e1cf00441e5ab86e06a6909e5a843f.jpg,damage,damage,damage,damage,"label: damage
reason: The image shows a house with significant damage, including a collapsed roof, missing siding, and debris scattered on the ground. This indicates that the house has suffered from a severe event, such as a storm or a structural failure, which has caused extensive damage to the property."
house_NaturalDamage_537_jpeg.rf.b4dd29c39d65074690d7d3e4b5e03173.jpg,damage,damage,damage,damage,"label: damage
reason: The image shows a house with significant damage, including a large hole in the side of the building, broken windows, and debris scattered on the ground. This indicates that the house has suffered from a severe structural failure or some other form of damage."
house_NaturalDamage_539_jpeg.rf.260a2695dcd818d99a7150b4fb2cc61d.jpg,damage,damage,damage,damage,"label: damage
reason: The image shows a house with significant damage, including a large hole in the side of the house, missing siding, and debris scattered on the lawn. This indicates that the house has suffered from severe damage, likely due to a natural disaster or structural failure."
house_NaturalDamage_547_jpeg.rf.2ca3b7c7f9e86a24c8068498510bf064.jpg,damage,damage,damage,damage,"label: damage
reason: The image shows a house with significant damage, including missing roofing material, exposed rafters, and visible structural damage."
house_NaturalDamage_554_jpeg.rf.0058844ad19a8ca0979f60c350e91f72.jpg,damage,damage,damage,damage,"label: damage
reason: The image shows a house with significant damage, including missing roofing material, visible structural damage, and debris scattered around the yard."
house_NaturalDamage_559_jpeg.rf.8b82a4c5c5af27b46bb8f590223600cd.jpg,damage,damage,damage,damage,"label: damage
reason: The image shows a house with significant damage, including missing roofing material, fallen siding, and debris scattered on the lawn. This indicates that the house has sustained damage, likely from a storm or other external force."
house_NaturalDamage_565_jpeg.rf.bc9de7409b3c84d804e3da34ef575435.jpg,damage,damage,damage,damage,"label: damage
reason: The image shows a house with significant damage, including missing roofing material, exposed insulation, and visible structural damage."
house_NaturalDamage_566_jpeg.rf.738611e7461414d336d26806e52d529e.jpg,damage,damage,damage,damage,"label: damage
reason: The image shows a room with significant damage, including a large hole in the floor, broken wooden planks, and debris scattered throughout the space."
house_NaturalDamage_569_jpeg.rf.511f595c28cf4f0c4b7353ed2cf264ff.jpg,damage,damage,damage,damage,"label: damage
reason: The image shows a house with significant damage, including missing roofing material, exposed insulation, and visible structural damage."
house_NaturalDamage_575_jpeg.rf.9fbe65f450b381095f6b9ffdbf5411f6.jpg,damage,damage,damage,damage,"label: damage
reason: The image shows a house with significant damage, including missing roofing material, exposed interior, and visible structural damage."
house_NaturalDamage_577_jpeg.rf.8566b186b425b8768edaa43d84e67806.jpg,damage,damage,damage,damage,"label: damage
reason: The image shows significant damage to the flooring, walls, and ceiling, with visible holes, broken material, and water damage."
house_NaturalDamage_578_jpeg.rf.520193867462e82de22a677a6e2ad305.jpg,damage,damage,damage,damage,"label: damage
reason: The image shows a house with significant damage, including missing roofing material, exposed insulation, and visible structural damage."
house_NaturalDamage_579_jpeg.rf.285ba021282d9f08505c68c2d70f13a2.jpg,damage,damage,damage,damage,"label: damage
reason: The image shows a house with significant damage, including missing roofing material, exposed wooden studs, and visible structural damage."
house_NaturalDamage_582_jpeg.rf.2773b964efb0000d935512d3bf5025b5.jpg,damage,damage,damage,damage,"label: damage
reason: The image shows a house with significant damage, including missing roofing material, exposed insulation, and visible structural damage."
house_NaturalDamage_583_jpeg.rf.989d53a370e64ed84652aab2c2e74372.jpg,damage,damage,damage,damage,"label: damage
reason: The image shows a house with significant damage, including missing siding, broken windows, and visible structural damage."
house_NaturalDamage_591_jpeg.rf.1384959d7a9749098460ee219124082e.jpg,damage,damage,damage,damage,"label: damage
reason: The image shows a room with significant damage, including broken flooring, exposed subfloor, and scattered debris."
house_NaturalDamage_595_png.rf.d3134bfba5d3f4721d4950992c64d7d5.jpg,damage,damage,damage,damage,"label: damage
reason: The image shows a room with significant destruction, including broken walls, a damaged floor, and debris scattered throughout the space. This indicates that the property has sustained significant damage, which could be due to various factors such as natural disasters, structural issues, or vandalism."
house_NaturalDamage_596_png.rf.e8509c35fbf10c5ae517be89ff815df6.jpg,damage,damage,damage,damage,"label: damage
reason: The image shows a room with significant damage, including broken walls, flooring, and furniture, as well as debris scattered throughout the space."
house_NaturalDamage_598_jpeg.rf.dcafdf1af80b11fd67996f555d966e1e.jpg,damage,damage,damage,damage,"label: damage
reason: The image shows a house with significant damage, including a large hole in the side, missing roofing, and debris scattered around the yard. The house appears to have sustained significant structural damage, likely due to a storm or other natural disaster."
house_NaturalDamage_621_jpeg.rf.c2eeea2ec48d7e30517678b6fb81323d.jpg,damage,damage,damage,damage,"label: damage
reason: The image shows a room with significant damage, including broken flooring, walls, and furniture, as well as debris scattered throughout the space."
house_NaturalDamage_648_jpeg.rf.c8dfe4a89663a6cb547cd997d40b8437.jpg,damage,damage,damage,damage,"label: damage
reason: The image shows a house with significant damage to its roof and exterior walls, indicating that it has likely suffered from severe weather conditions or structural issues."
house_NaturalDamage_650_jpeg.rf.4cadb648ecdc38cbd2880a9f02b7c012.jpg,damage,damage,damage,damage,"label: damage
reason: The image shows a house with significant visible damage, including missing siding, broken windows, and debris scattered around the yard. This indicates that the house has suffered from some form of damage, likely due to a storm or other external factors."
house_NaturalDamage_651_jpeg.rf.4a7beb83dd811b107e67029de1b5edca.jpg,damage,damage,damage,damage,"label: damage
reason: The image shows a house with significant damage to its roof, including missing shingles and exposed insulation, which indicates water damage or a recent storm event."
house_NaturalDamage_656_jpeg.rf.ab49b2c2023129b038747729d98ef5ef.jpg,damage,damage,damage,damage,"label: damage
reason: The image shows a house with significant damage to its roof, including missing shingles and visible structural damage."
house_NaturalDamage_65_jpeg.rf.5e3c817ba5b09e6b069bbab0abcf0e26.jpg,damage,damage,damage,damage,"label: damage
reason: The image shows a room with significant damage, including a large hole in the floor, broken walls, and debris scattered throughout the space."
house_NaturalDamage_670_jpg.rf.a2aa6cdde5ddac78f2567ebe36a95524.jpg,damage,damage,damage,damage,"label: damage
reason: The image shows significant damage to the walls, ceiling, and floor, with visible holes, broken material, and debris scattered throughout the room."
house_NaturalDamage_675_jpg.rf.bd4d072535227ba90631c7bf85d0fb84.jpg,damage,damage,damage,damage,"label: damage
reason: The image shows a house with significant visible damage, including missing roofing, broken windows, and debris scattered around the yard."
house_NaturalDamage_682_jpg.rf.cd2d71f2f72382fe01aa037ca7825129.jpg,damage,damage,damage,damage,"label: damage
reason: The image shows a room with significant damage, including broken walls, flooring, and furniture, as well as debris scattered throughout the space."
house_NaturalDamage_683_jpg.rf.e72b1141635b724d781fed22e5b8f5e7.jpg,damage,damage,damage,damage,"label: damage
reason: The image shows significant damage to the ceiling, walls, and floor, with visible holes, broken material, and debris scattered throughout the room."
house_NaturalDamage_684_jpg.rf.1913f47a0fc5de6536943ebc425288ca.jpg,damage,damage,damage,damage,"label: damage
reason: The image shows a room with significant damage, including broken walls, exposed wooden beams, and debris scattered on the floor. The room appears to be in a state of disrepair, which indicates damage."
house_NaturalDamage_690_jpg.rf.4f0763706652596d8c103c94ca7e4b21.jpg,damage,damage,damage,damage,"label: damage
reason: The image shows significant damage to the ceiling, walls, and floor, with visible holes, broken material, and water damage."
house_NaturalDamage_69_jpeg.rf.e0123863d393e62a05985fb4065dde5e.jpg,damage,damage,damage,damage,"label: damage
reason: The image shows a room with significant damage, including a large hole in the wall, broken flooring, and debris scattered throughout the space."
house_NaturalDamage_70_jpeg.rf.f504ffc08da31ad7af3cc549cb910c1a.jpg,damage,damage,damage,damage,"label: damage
reason: The image shows a room with significant damage, including visible cracks in the walls and floor, as well as holes and broken material. There is no visible mold, wear, or asbestos, and no damage is visible in the other areas of the room."
house_NaturalDamage_75_jpeg.rf.6516c1197e5b2f417828ef215603ce65.jpg,damage,damage,damage,damage,"label: damage
reason: The image shows a room with significant damage, including a large hole in the floor, broken furniture, and debris scattered throughout the space."
house_NaturalDamage_78_jpeg.rf.69fbbcc5b0f8cbdf0f62c40e25cc13ca.jpg,damage,damage,damage,damage,"label: damage
reason: The image shows a house with visible damage, including a broken window, a damaged roof, and a damaged lawn."
house_NaturalDamage_79_jpeg.rf.71672840f9c0b00bc450cb846d1d8952.jpg,damage,no_damage,damage,not_damage,"label: no_damage
reason: The image shows an empty room with no visible damage, cracks, mold, wear, or asbestos. The floor appears to be in good condition, and there are no signs of discoloration or paint wear. The room looks clean and well-maintained"
house_NaturalDamage_83_jpeg.rf.ce25913b3798832d20ce4f33ff9e6189.jpg,damage,damage,damage,damage,"label: damage
reason: The image shows a house with significant damage, including a large hole in the side of the building, visible cracks, and debris scattered around the entrance."
house_NaturalDamage_84_jpeg.rf.9b15c3e18a84f024f2d573cc7783f246.jpg,damage,damage,damage,damage,"label: damage
reason: There is a large hole in the wall, which indicates damage."
house_NaturalDamage_85_jpeg.rf.df4c5cef1a4d2511db72d0b65ceb6c4f.jpg,damage,damage,damage,damage,"label: damage
reason: The image shows visible damage, such as holes and broken material, which indicates that the property is in need of repair and renovation."
house_NaturalDamage_90_png.rf.891c04e814ef3163f8a0922acdda7365.jpg,damage,damage,damage,damage,"label: damage
reason: The image shows a room with significant damage, including holes in the walls, broken material, and debris scattered throughout the space."
house_NaturalDamage_96_png.rf.9a91aa7ecb4770e21e3246f7ce04b2d2.jpg,damage,damage,damage,damage,"label: damage
reason: The image shows a building with significant visible damage, including broken balconies, missing railings, and structural damage to the facade."
house_NaturalDamage_97_png.rf.c2f280d66b3262927a76049cef1867b9.jpg,damage,damage,damage,damage,"label: damage
reason: The image shows a building with visible damage, including broken windows, missing balcony railings, and structural damage to the facade."
house_NaturalDamage_9_jpeg.rf.7c042d8c425afe709ddc84a62d9dd3d1.jpg,damage,damage,damage,damage,"label: damage
reason: The image shows a house with visible damage, including missing roof tiles, broken windows, and debris scattered around the property."
house_NoDamage_103_jpeg.rf.bf11f3fe03b16e078c14a1fafa18bb1d.jpg,no_damage,no_damage,not_damage,not_damage,"label: no_damage
reason: The image shows a door in a brick wall with no visible damage, cracks, mold, wear, or asbestos. The door appears to be in good condition, and the brick wall does not show any signs of damage or deterioration."
house_NoDamage_124_jpeg.rf.18c82905a02cb563c0345922763b0f13.jpg,no_damage,no_damage,not_damage,not_damage,"label: no_damage
reason: The image shows a building with no visible signs of damage, crack, mold, wear, or asbestos. The building appears to be in good condition."
house_NoDamage_126_jpeg.rf.91b064a8b2101110d0796d79ab3af2b3.jpg,no_damage,no_damage,not_damage,not_damage,"label: no_damage
reason: The image shows a modern building with no visible signs of damage, crack, mold, wear, or asbestos. The building appears to be in good condition, with no noticeable issues that would require inspection."
house_NoDamage_131_jpeg.rf.64bb7183c4874dda8c0e80fa2346466c.jpg,no_damage,no_damage,not_damage,not_damage,"label: no_damage
reason: The image shows a building facade with no visible signs of damage, crack, mold, wear, or asbestos. The structure appears to be in good condition, with no noticeable issues that would require inspection."
house_NoDamage_141_jpeg.rf.001dec0dc98016305071321c82607658.jpg,no_damage,no_damage,not_damage,not_damage,"label: no_damage
reason: The image shows a building exterior at night with a light on, and there are no visible signs of damage, crack, mold, wear, or asbestos. The building appears to be in good condition."
house_NoDamage_142_jpeg.rf.833f5e4d083d6044384d8469d1d97245.jpg,no_damage,no_damage,not_damage,not_damage,"label: no_damage
reason: The image shows a building with a gray brick facade, and there are no visible signs of damage, crack, mold, wear, or asbestos. The building appears to be in good condition."
house_NoDamage_155_jpeg.rf.f20d63d1124a4d9fb33abb52816ade17.jpg,no_damage,no_damage,not_damage,not_damage,"label: no_damage
reason: The image shows a modern building with a clean and well-maintained exterior. There are no visible signs of damage, cracks, mold, wear, or asbestos. The building appears to be in good condition."
house_NoDamage_164_jpg.rf.eb031e7f7e82920af288f49e980157fd.jpg,no_damage,no_damage,not_damage,not_damage,"label: no_damage
reason: The image shows a white building with a symmetrical facade, and there are no visible signs of damage, crack, mold, wear, or asbestos. The building appears to be in good condition."
house_NoDamage_166_jpg.rf.5e031e5be9a261c23bd418f82d7fe6e5.jpg,no_damage,no_damage,not_damage,not_damage,"label: no_damage
reason: The image shows a building with no visible signs of damage, crack, mold, wear, or asbestos. The building appears to be in good condition."
house_NoDamage_169_jpg.rf.8ed15b83e573bd81f08e06989ad0d34b.jpg,no_damage,no_damage,not_damage,not_damage,"label: no_damage
reason: The image shows a large, multi-story building with a symmetrical facade. There are no visible signs of damage, such as holes, broken material, fire damage, or water damage. There are no cracks, mold, or asbestos-like material marks"
house_NoDamage_174_jpg.rf.d33cecbc8a5314757a15e7a233d53454.jpg,no_damage,no_damage,not_damage,not_damage,"label: no_damage
reason: The image shows a building facade with no visible signs of damage, crack, mold, wear, or asbestos. The building appears to be in good condition."
house_NoDamage_188_jpg.rf.56e2d84314cbaaba3ebb2e24613c7a22.jpg,no_damage,no_damage,not_damage,not_damage,"label: no_damage
reason: The image shows a row of old buildings with visible signs of age and wear, such as discoloration and paint wear. However, there are no visible cracks, mold, or asbestos-like material marks. The buildings appear to be in a state of dis"
house_NoDamage_18_jpeg.rf.e2647e45f28ac3b0e861128c0acdb527.jpg,no_damage,no_damage,not_damage,not_damage,"label: no_damage
reason: The image shows a row of storefronts with brick walls and awnings, and there are no visible signs of damage, crack, mold, wear, or asbestos. The building appears to be in good condition."
house_NoDamage_195_jpg.rf.e9076e022a89c552025f58bf64331277.jpg,no_damage,no_damage,not_damage,not_damage,"label: no_damage
reason: The image shows a row of traditional European-style buildings with no visible signs of damage, crack, mold, wear, or asbestos. The buildings appear to be well-maintained and there are no obvious issues that would require inspection."
house_NoDamage_208_jpg.rf.aedce8ad8c4f9ae615dd18ce5bffb44f.jpg,no_damage,no_damage,not_damage,not_damage,"label: no_damage
reason: The image shows a building with the name ""BAUHAUS"" on the side. There are no visible signs of damage, crack, mold, wear, or asbestos. The building appears to be in good condition."
house_NoDamage_209_jpg.rf.2b38ded5180c80fa734a7a1e6ab2fca0.jpg,no_damage,no_damage,not_damage,not_damage,"label: no_damage
reason: The image shows a building with green walls and a balcony. There are no visible signs of damage, crack, mold, wear, or asbestos. The building appears to be in good condition."
house_NoDamage_216_jpg.rf.8beffd1b8dcf4dd2a61bdafc3148520b.jpg,no_damage,no_damage,not_damage,not_damage,"label: no_damage
reason: The image shows a row of buildings with no visible signs of damage, crack, mold, wear, or asbestos. The buildings appear to be in good condition."
house_NoDamage_221_jpg.rf.6712b8b7ae36453f94f700673e6ca247.jpg,no_damage,no_damage,not_damage,not_damage,"label: no_damage
reason: The image shows a building facade with no visible damage, cracks, mold, wear, or asbestos-like material marks. The facade appears to be in good condition."
house_NoDamage_226_jpg.rf.6f172b198526ef5e5f7529c2d2f181be.jpg,no_damage,no_damage,not_damage,not_damage,"label: no_damage
reason: The image shows a building with a grid-like pattern on its facade, but there are no visible signs of damage, crack, mold, wear, or asbestos. The building appears to be in good condition."
house_NoDamage_22_jpeg.rf.94eaec4c95c1a949f44946c1f375873e.jpg,no_damage,no_damage,not_damage,not_damage,"label: no_damage
reason: The image shows a modern building with no visible signs of damage, crack, mold, wear, or asbestos. The building appears to be in good condition, with no noticeable issues that would require inspection."
house_NoDamage_234_jpg.rf.1bde9c2daec6299814ba88a0aaf1259d.jpg,no_damage,no_damage,not_damage,not_damage,"label: no_damage
reason: The image shows a building with a white facade and green shutters. There are no visible signs of damage, crack, mold, wear, or asbestos. The building appears to be in good condition."
house_NoDamage_23_jpeg.rf.f365266f8f7a9c904e67a6f19d59afbd.jpg,no_damage,no_damage,not_damage,not_damage,"label: no_damage
reason: The image shows a building with a modern design, featuring large windows and a wooden facade. There are no visible signs of damage, such as cracks, mold, wear, or asbestos. The building appears to be in good condition, with no inspection-re"
house_NoDamage_241_jpg.rf.755b04da959f4a7e0415c52d6c2ea029.jpg,no_damage,no_damage,not_damage,not_damage,"label: no_damage
reason: The image shows a building with no visible signs of damage, crack, mold, wear, or asbestos. The building appears to be in good condition."
house_NoDamage_245_jpg.rf.1d03812d5f20fa1b824de1cf4bad2f06.jpg,no_damage,no_damage,not_damage,not_damage,"label: no_damage
reason: The image shows a building facade with a uniform pattern of square windows and a grid-like design. There are no visible signs of damage, cracks, mold, wear, or asbestos. The facade appears to be in good condition, with no noticeable"
house_NoDamage_246_jpg.rf.7a932b7005604f31f1976ec25a71c447.jpg,no_damage,no_damage,not_damage,not_damage,"label: no_damage
reason: The image shows a building facade with no visible damage, cracks, mold, wear, or asbestos-like material marks. The facade appears to be in good condition."
house_NoDamage_271_jpg.rf.25e99eaf525e78bdc51e67a581b4520f.jpg,no_damage,no_damage,not_damage,not_damage,"label: no_damage
reason: The image shows a building with no visible signs of damage, crack, mold, wear, or asbestos. The building appears to be in good condition, with no noticeable issues that would require inspection."
house_NoDamage_277_jpg.rf.6b574ce7c43b441cb81f78788de6a4a2.jpg,no_damage,no_damage,not_damage,not_damage,"label: no_damage
reason: The image shows a building with a yellow facade and a green window. There are no visible signs of damage, crack, mold, wear, or asbestos. The building appears to be in good condition."
house_NoDamage_283_jpg.rf.cc2667cc61fd8fd97663ee4d98b35c5a.jpg,no_damage,no_damage,not_damage,not_damage,"label: no_damage
reason: The image shows a building with a white facade and many windows. There are no visible signs of damage, cracks, mold, wear, or asbestos. The building appears to be in good condition."
house_NoDamage_295_jpg.rf.135adda19cf99a07f8f780547c8e527b.jpg,no_damage,no_damage,not_damage,not_damage,"label: no_damage
reason: The image shows a building facade with a uniform pattern of windows and balconies. There are no visible cracks, mold, wear, or asbestos-like material marks. The facade appears to be in good condition, with no signs of damage or deterior"
house_NoDamage_301_jpg.rf.6306e1962ede60a1b32217a64cb71bbe.jpg,no_damage,no_damage,not_damage,not_damage,"label: no_damage
reason: The image shows a building with no visible signs of damage, crack, mold, wear, or asbestos. The building appears to be in good condition."
house_NoDamage_308_jpg.rf.5050b88d0aface032492e7ba422c8106.jpg,no_damage,no_damage,not_damage,not_damage,"label: no_damage
reason: The image shows a building facade with no visible damage, cracks, mold, wear, or asbestos-like material marks. The building appears to be in good condition."
house_NoDamage_322_jpg.rf.86652eb0d74699969e3fcc3b02df301e.jpg,no_damage,no_damage,not_damage,not_damage,"label: no_damage
reason: The image shows a large building with a classical architectural style, featuring multiple domes and a symmetrical facade. There are no visible signs of damage, such as holes, broken material, fire damage, or water damage. There are no cracks, mold, or"
house_NoDamage_330_jpg.rf.5493e6418224cb236ef42681853be01b.jpg,no_damage,no_damage,not_damage,not_damage,"label: no_damage
reason: The image shows a building with no visible signs of damage, crack, mold, wear, or asbestos. The building appears to be in good condition."
house_NoDamage_338_jpg.rf.6cb86a1c85fab781c49af7ff8572ed07.jpg,no_damage,no_damage,not_damage,not_damage,"label: no_damage
reason: The image shows a building facade with no visible signs of damage, crack, mold, wear, or asbestos. The building appears to be in good condition."
house_NoDamage_343_jpg.rf.448a542a72affaa97fed6f305f5afbb5.jpg,no_damage,no_damage,not_damage,not_damage,"label: no_damage
reason: The image shows a building with no visible signs of damage, crack, mold, wear, or asbestos. The building appears to be in good condition."
house_NoDamage_352_jpg.rf.9f8d0e157243c0cf58fdd74b1a16f81b.jpg,no_damage,no_damage,not_damage,not_damage,"label: no_damage
reason: The image shows a building with no visible signs of damage, crack, mold, wear, or asbestos. The building appears to be in good condition."
house_NoDamage_356_jpg.rf.539a3096538a495f470a1ce96ae9d646.jpg,no_damage,no_damage,not_damage,not_damage,"label: no_damage
reason: The image shows two buildings side by side, and there are no visible signs of damage, crack, mold, wear, or asbestos. The buildings appear to be in good condition."
house_NoDamage_357_jpg.rf.e710775973993ce89dc8c70824cd37a0.jpg,no_damage,no_damage,not_damage,not_damage,"label: no_damage
reason: The image shows a building with no visible signs of damage, crack, mold, wear, or asbestos. The building appears to be in good condition."
house_NoDamage_359_jpg.rf.70d55c727023a71c4c35ad13c1235b24.jpg,no_damage,no_damage,not_damage,not_damage,"label: no_damage
reason: The image shows a large building with a symmetrical facade, and there are no visible signs of damage, crack, mold, wear, or asbestos. The building appears to be in good condition, with no visible issues that would require inspection."
house_NoDamage_361_jpg.rf.b04d7999556189549a29545edb66ac28.jpg,no_damage,no_damage,not_damage,not_damage,"label: no_damage
reason: The image shows a building facade with no visible damage, cracks, mold, wear, or asbestos-like material marks. The building appears to be in good condition."
house_NoDamage_364_jpg.rf.b3426e80b391937d2d14bc5efe0bdda4.jpg,no_damage,no_damage,not_damage,not_damage,"label: no_damage
reason: The image shows a building with a clean and well-maintained exterior. There are no visible cracks, mold, wear, or asbestos-like material marks. The building appears to be in good condition."
house_NoDamage_37_jpeg.rf.970bb82682338f1246045b94b9cb5d3f.jpg,no_damage,no_damage,not_damage,not_damage,"label: no_damage
reason: The image shows two workers on a cherry picker, painting a wall. There are no visible signs of damage, crack, mold, wear, or asbestos in the image."
house_NoDamage_38_png.rf.44c7f14f5092f69139decdc9e71d92de.jpg,no_damage,no_damage,not_damage,not_damage,"label: no_damage
reason: The image shows a building with a variety of colors and architectural features, but there are no visible signs of damage, crack, mold, wear, or asbestos. The building appears to be in good condition."
house_NoDamage_399_jpg.rf.de70c41b5d4ef8a433c97adf78ac83c3.jpg,no_damage,no_damage,not_damage,not_damage,"label: no_damage
reason: The image shows a building facade with no visible signs of damage, crack, mold, wear, or asbestos. The building appears to be in good condition."
house_NoDamage_405_jpg.rf.9bdd2982ec086f5ef5c5db124e8e083f.jpg,no_damage,wear,not_damage,damage,"label: wear
reason: The image shows a building with visible signs of wear, such as discoloration and aging of the surfaces, which is consistent with the wear label."
house_NoDamage_410_jpg.rf.5548050dbd8471b94b8d252bbaa7810c.jpg,no_damage,no_damage,not_damage,not_damage,"label: no_damage
reason: The image shows a row of buildings with no visible signs of damage, crack, mold, wear, or asbestos. The buildings appear to be in good condition, with no obvious issues that would require inspection."
house_NoDamage_414_jpg.rf.5e49c8070ddca1c50568ab08fcb90144.jpg,no_damage,no_damage,not_damage,not_damage,"label: no_damage
reason: The image shows a house with no visible damage, cracks, mold, wear, or asbestos-like material marks. The house appears to be in good condition."
house_NoDamage_419_jpg.rf.827ffa14e0e953b092b6415084d0324e.jpg,no_damage,no_damage,not_damage,not_damage,"label: no_damage
reason: The image shows a large building with no visible signs of damage, crack, mold, wear, or asbestos. The building appears to be in good condition, with no noticeable issues that would require inspection."
house_NoDamage_41_jpeg.rf.2d230111027f9edbb8925adf66f7a2a3.jpg,no_damage,no_damage,not_damage,not_damage,"label: no_damage
reason: The image shows a modern building with a unique architectural design, featuring a curved wooden structure and a large circular window. There are no visible signs of damage, crack, mold, wear, or asbestos in the image. The building appears to be in good condition"
house_NoDamage_420_jpg.rf.268b74708ec87cfb7d17721aaa7e02b8.jpg,no_damage,no_damage,not_damage,not_damage,"label: no_damage
reason: The image shows a multi-story building with no visible signs of damage, crack, mold, wear, or asbestos. The building appears to be in good condition."
house_NoDamage_42_jpeg.rf.cc349ea38140f7ed0c0adebb875551b9.jpg,no_damage,no_damage,not_damage,not_damage,"label: no_damage
reason: The image shows a building with a modern design, featuring a combination of dark and light exterior finishes. There are no visible signs of damage, cracks, mold, wear, or asbestos. The building appears to be in good condition."
house_NoDamage_439_jpg.rf.4458c44a5345cb338c01c75a92b1e49e.jpg,no_damage,no_damage,not_damage,not_damage,"label: no_damage
reason: The image shows a building facade with no visible damage, cracks, mold, wear, or asbestos-like material marks. The building appears to be in good condition."
house_NoDamage_43_jpeg.rf.31a8feff5e17a46dbac74cd7bffab28e.jpg,no_damage,no_damage,not_damage,not_damage,"label: no_damage
reason: The image shows a modern building with a sleek design, featuring a combination of black and yellow exterior panels. There are no visible signs of damage, cracks, mold, wear, or asbestos. The building appears to be in good condition, with no inspection-"
house_NoDamage_443_jpg.rf.448d4a732ff41022ff8fdb7515349f1b.jpg,no_damage,no_damage,not_damage,not_damage,"label: no_damage
reason: The image shows a row of buildings with no visible signs of damage, crack, mold, wear, or asbestos. The buildings appear to be in good condition."
house_NoDamage_449_jpg.rf.53e45f7728d32816b069f52bf2d7b661.jpg,no_damage,no_damage,not_damage,not_damage,"label: no_damage
reason: The image shows a building with multiple windows and a balcony. There are no visible signs of damage, such as holes, broken material, fire damage, or water damage. There are no cracks, mold, or asbestos-like material marks. The building appears"
house_NoDamage_450_jpg.rf.788876e79c7b99d537f387c69c7d7185.jpg,no_damage,no_damage,not_damage,not_damage,"label: no_damage
reason: The image shows a building facade with no visible signs of damage, crack, mold, wear, or asbestos. The building appears to be in good condition."
house_NoDamage_451_jpg.rf.4bb701f9b14834601e6e5d211079fb3c.jpg,no_damage,no_damage,not_damage,not_damage,"label: no_damage
reason: The image shows a building with a symmetrical facade, and there are no visible signs of damage, crack, mold, wear, or asbestos. The building appears to be in good condition."
house_NoDamage_455_jpg.rf.52b0fedfbf0784817c9bd14cd5a74c11.jpg,no_damage,no_damage,not_damage,not_damage,"label: no_damage
reason: The image shows a building with no visible signs of damage, crack, mold, wear, or asbestos. The building appears to be in good condition."
house_NoDamage_457_jpg.rf.f438341ef042c9a93d5a9f7efc526929.jpg,no_damage,no_damage,not_damage,not_damage,"label: no_damage
reason: The image shows a building facade with no visible signs of damage, crack, mold, wear, or asbestos. The building appears to be in good condition."
house_NoDamage_45_jpeg.rf.e40c8ddeb83c2faf8946072e60f644f6.jpg,no_damage,no_damage,not_damage,not_damage,"label: no_damage
reason: The image shows a building with no visible signs of damage, crack, mold, wear, or asbestos. The building appears to be in good condition."
house_NoDamage_461_jpg.rf.6381a2123e787bf4827cb4692d8ba2c0.jpg,no_damage,no_damage,not_damage,not_damage,"label: no_damage
reason: The image shows a building facade with no visible signs of damage, crack, mold, wear, or asbestos. The building appears to be in good condition, with no obvious issues that would require inspection."
house_NoDamage_464_jpg.rf.e46bc75bfb1b1023265ca1f4f9c58207.jpg,no_damage,no_damage,not_damage,not_damage,"label: no_damage
reason: The image shows a row of buildings with no visible signs of damage, crack, mold, wear, or asbestos. The windows appear to be in good condition, and there are no obvious signs of disrepair or deterioration."
house_NoDamage_469_jpg.rf.f7eb5b94a90638a99f3b1e47e07170a5.jpg,no_damage,no_damage,not_damage,not_damage,"label: no_damage
reason: The image shows a building facade with no visible damage, cracks, mold, wear, or asbestos-like material marks. The building appears to be in good condition."
house_NoDamage_472_jpg.rf.a034631e7f50b062ea0dddc8031d74e5.jpg,no_damage,no_damage,not_damage,not_damage,"label: no_damage
reason: The image shows a building facade with no visible damage, cracks, mold, wear, or asbestos-like material marks. The building appears to be in good condition."
house_NoDamage_476_jpg.rf.48e736c0609e515d37e3fbdb128ee4fb.jpg,no_damage,no_damage,not_damage,not_damage,"label: no_damage
reason: The image shows a building facade with no visible damage, cracks, mold, wear, or asbestos-like material marks. The building appears to be in good condition."
house_NoDamage_478_jpg.rf.3c44ca229ecd473c1404781996858cf3.jpg,no_damage,no_damage,not_damage,not_damage,"label: no_damage
reason: The image shows a building with a clock tower, and there are no visible signs of damage, crack, mold, wear, or asbestos. The building appears to be in good condition."
house_NoDamage_484_jpg.rf.8cfdb8d62998cdbbc2da07f01a7b3aec.jpg,no_damage,no_damage,not_damage,not_damage,"label: no_damage
reason: The image shows a large, multi-story building with a symmetrical facade, featuring ornate architectural details. There are no visible signs of damage, such as holes, broken material, fire damage, or water damage. There are no cracks, mold, or"
house_NoDamage_494_jpg.rf.ed74875a5a08642e50c71faea3246043.jpg,no_damage,no_damage,not_damage,not_damage,"label: no_damage
reason: The image shows a row of buildings with no visible signs of damage, crack, mold, wear, or asbestos. The buildings appear to be in good condition."
house_NoDamage_495_jpg.rf.4faf616ad13a4f40e9909571811addc5.jpg,no_damage,no_damage,not_damage,not_damage,"label: no_damage
reason: The image shows a row of buildings with no visible signs of damage, crack, mold, wear, or asbestos. The buildings appear to be in good condition."
house_NoDamage_496_jpg.rf.6f62219ab0ffe6741eab179ced9bd899.jpg,no_damage,no_damage,not_damage,not_damage,"label: no_damage
reason: The image shows a building with a uniform facade, no visible cracks, mold, wear, or asbestos-like material marks. The building appears to be in good condition, with no signs of damage or deterioration."
house_NoDamage_501_jpg.rf.717c202ebae8cced82bf12e880185c4e.jpg,no_damage,no_damage,not_damage,not_damage,"label: no_damage
reason: The image shows a building with multiple windows and a visible roof. There are no signs of damage, cracks, mold, wear, or asbestos in the visible areas of the image. The building appears to be in good condition."
house_NoDamage_511_jpg.rf.c8c99ae2cae9d66037819e9570340f6b.jpg,no_damage,no_damage,not_damage,not_damage,"label: no_damage
reason: The image shows a building facade with a pattern of windows and a blue sky background. There are no visible signs of damage, cracks, mold, wear, or asbestos. The building appears to be in good condition."
house_NoDamage_516_jpg.rf.dda404a9f26d1a4e810a988151d2b518.jpg,no_damage,no_damage,not_damage,not_damage,"label: no_damage
reason: The image shows a building facade with no visible signs of damage, crack, mold, wear, or asbestos. The building appears to be in good condition."
house_NoDamage_522_jpg.rf.3b46e9f7790f00f212b1cd546d70a67e.jpg,no_damage,no_damage,not_damage,not_damage,"label: no_damage
reason: The image shows a building facade with no visible damage, cracks, mold, wear, or asbestos-like material marks. The building appears to be in good condition."
house_NoDamage_524_jpg.rf.fcd6c10e026a21f3aa81ee2074210214.jpg,no_damage,no_damage,not_damage,not_damage,"label: no_damage
reason: The image shows a building with no visible signs of damage, crack, mold, wear, or asbestos. The building appears to be in good condition."
house_NoDamage_52_jpeg.rf.67fd50340ee4e834a0fae6058219b8b4.jpg,no_damage,no_damage,not_damage,not_damage,"label: no_damage
reason: The image shows a modern building with a rusted facade, but there are no visible signs of damage, crack, mold, wear, or asbestos. The building appears to be in good condition."
house_NoDamage_532_jpg.rf.c195affc54d3a93bb33e58ed7a72d833.jpg,no_damage,no_damage,not_damage,not_damage,"label: no_damage
reason: The image shows a building with a red facade and white trim. There are no visible signs of damage, cracks, mold, wear, or asbestos. The building appears to be in good condition."
house_NoDamage_534_jpg.rf.2e75da652980c190578a319298b84988.jpg,no_damage,no_damage,not_damage,not_damage,"label: no_damage
reason: The image shows a building with no visible signs of damage, crack, mold, wear, or asbestos. The building appears to be in good condition."
house_NoDamage_542_jpg.rf.47ed402a035c0ee9ac813b8fa8b18c7e.jpg,no_damage,no_damage,not_damage,not_damage,"label: no_damage
reason: The image shows a building with a brick facade and white trim. There are no visible signs of damage, such as holes, cracks, or broken material. There is no visible mold or mould, and no asbestos-like material marks. The building appears"
house_NoDamage_545_jpg.rf.6f8cbf424ccf35c4d173aca746273d9a.jpg,no_damage,no_damage,not_damage,not_damage,"label: no_damage
reason: The image shows a building facade with no visible damage, cracks, mold, wear, or asbestos-like material marks. The building appears to be in good condition."
house_NoDamage_548_jpg.rf.5623129a00821b83ac5ec6e0472ba40d.jpg,no_damage,no_damage,not_damage,not_damage,"label: no_damage
reason: The image shows a large building with a classic architectural style, featuring multiple windows and a facade with some decorative elements. There are no visible signs of damage, such as holes, cracks, or broken material. The building appears to be in good condition, with"
house_NoDamage_561_jpg.rf.11cbd5cc789c013cd9602a0afc8bb73d.jpg,no_damage,no_damage,not_damage,not_damage,"label: no_damage
reason: The image shows a building with no visible signs of damage, crack, mold, wear, or asbestos. The building appears to be in good condition."
house_NoDamage_575_jpg.rf.dc3b6dd27704c29a2d777fc04f60f20e.jpg,no_damage,no_damage,not_damage,not_damage,"label: no_damage
reason: The image shows a building with no visible signs of damage, crack, mold, wear, or asbestos. The building appears to be in good condition."
house_NoDamage_581_jpg.rf.a4901f56cd27a293e1b661b50320fc09.jpg,no_damage,no_damage,not_damage,not_damage,"label: no_damage
reason: The image shows a large building with a symmetrical facade, and there are no visible signs of damage, crack, mold, wear, or asbestos. The building appears to be in good condition, with no visible issues that would require inspection."
house_NoDamage_587_jpg.rf.f8bb8f9001c5fbc1d5297fe6c1891136.jpg,no_damage,no_damage,not_damage,not_damage,"label: no_damage
reason: The image shows a row of buildings with no visible signs of damage, crack, mold, wear, or asbestos. The buildings appear to be in good condition."
house_NoDamage_596_jpg.rf.b87dfdbc6b752458308e2be9ab96366e.jpg,no_damage,no_damage,not_damage,not_damage,"label: no_damage
reason: The image shows a building with no visible signs of damage, crack, mold, wear, or asbestos. The building appears to be in good condition."
house_NoDamage_601_jpg.rf.8b92cad109c8ef6cda6c33c996608072.jpg,no_damage,no_damage,not_damage,not_damage,"label: no_damage
reason: The image shows a building with no visible signs of damage, crack, mold, wear, or asbestos. The building appears to be in good condition."
house_NoDamage_608_jpg.rf.e765e30800ea35cdb48ef4ab4b47d1f7.jpg,no_damage,no_damage,not_damage,not_damage,"label: no_damage
reason: The image shows a building facade with no visible signs of damage, crack, mold, wear, or asbestos. The building appears to be in good condition."
house_NoDamage_615_jpg.rf.43c7a92523c4d865f6cf0841fd80b061.jpg,no_damage,no_damage,not_damage,not_damage,"label: no_damage
reason: The image shows a building with no visible signs of damage, crack, mold, wear, or asbestos. The building appears to be in good condition."
house_NoDamage_628_jpg.rf.97dfed881136bf88ea4f08056e9abaab.jpg,no_damage,no_damage,not_damage,not_damage,"label: no_damage
reason: The image shows a building facade with a pattern of vertical lines, and there are no visible signs of damage, crack, mold, wear, or asbestos. The building appears to be in good condition."
house_NoDamage_629_jpg.rf.6aed42790fd25e5681bb9c4dcd897662.jpg,no_damage,no_damage,not_damage,not_damage,"label: no_damage
reason: The image shows a building with a uniform facade, and there are no visible signs of damage, cracks, mold, wear, or asbestos. The building appears to be in good condition."
house_NoDamage_634_jpg.rf.d4e04a2b474f1497fbcd3190a58723aa.jpg,no_damage,no_damage,not_damage,not_damage,"label: no_damage
reason: The image shows a building with a uniform facade, and there are no visible signs of damage, cracks, mold, wear, or asbestos. The building appears to be in good condition."
house_NoDamage_635_jpg.rf.9effe0ea2d8409542e63fcedac393472.jpg,no_damage,no_damage,not_damage,not_damage,"label: no_damage
reason: The image shows a building facade with no visible signs of damage, crack, mold, wear, or asbestos. The building appears to be in good condition."
house_NoDamage_636_jpg.rf.101200cf7510821f6f846082042832bc.jpg,no_damage,no_damage,not_damage,not_damage,"label: no_damage
reason: The image shows a building facade with multiple windows, and there is no visible damage, crack, mold, wear, or asbestos-like material marks. The building appears to be in good condition."
house_NoDamage_644_jpg.rf.3b60cf3bcf946027a92008ce8b97b6eb.jpg,no_damage,no_damage,not_damage,not_damage,"label: no_damage
reason: The image shows a building facade with a grid-like pattern, but there are no visible signs of damage, crack, mold, wear, or asbestos. The facade appears to be in good condition."
house_NoDamage_654_jpg.rf.52fddd5d00e00611a2b791e60c0d135d.jpg,no_damage,no_damage,not_damage,not_damage,"label: no_damage
reason: The image shows a building with no visible signs of damage, crack, mold, wear, or asbestos. The building appears to be in good condition."
house_NoDamage_656_jpg.rf.78ca6951f18913d390338f43e9eec450.jpg,no_damage,no_damage,not_damage,not_damage,"label: no_damage
reason: The image shows a building with no visible signs of damage, crack, mold, wear, or asbestos. The building appears to be in good condition."
house_NoDamage_661_jpg.rf.07039a8efd2c1c2a1e6c542cdd73dda5.jpg,no_damage,no_damage,not_damage,not_damage,"label: no_damage
reason: The image shows a building facade with no visible damage, cracks, mold, wear, or asbestos-like material marks. The building appears to be in good condition."
house_NoDamage_666_jpg.rf.6c203815e553b73c1eefd8f24f7e6771.jpg,no_damage,no_damage,not_damage,not_damage,"label: no_damage
reason: The image shows a large building with a symmetrical facade, and there are no visible signs of damage, crack, mold, wear, or asbestos. The building appears to be in good condition."
house_NoDamage_677_jpg.rf.2890c3c45e7e6f9e9e439a2486289c7d.jpg,no_damage,no_damage,not_damage,not_damage,"label: no_damage
reason: The image shows a building facade with no visible damage, cracks, mold, wear, or asbestos-like material marks. The building appears to be in good condition."
house_NoDamage_679_jpg.rf.b88e589e30441c73fa9f707c9328f7e8.jpg,no_damage,no_damage,not_damage,not_damage,"label: no_damage
reason: The image shows a building with a uniform brick facade and no visible signs of damage, crack, mold, wear, or asbestos. The windows appear to be in good condition, and there are no obvious signs of disrepair or deterioration."
house_NoDamage_686_jpg.rf.6eb586f5aa4bc5178204631b42e76598.jpg,no_damage,no_damage,not_damage,not_damage,"label: no_damage
reason: The image shows a building with a symmetrical facade, featuring a row of windows and a central entrance. There are no visible signs of damage, such as holes, broken material, fire damage, or water damage. The windows appear to be in good condition, and there"
house_NoDamage_697_jpg.rf.42f45a9e672b1ec0cbe309f83df44318.jpg,no_damage,no_damage,not_damage,not_damage,"label: no_damage
reason: The image shows a building with no visible signs of damage, crack, mold, wear, or asbestos. The building appears to be in good condition."
house_NoDamage_699_jpg.rf.c5bfcc48004a0942015ade1089e31365.jpg,no_damage,no_damage,not_damage,not_damage,"label: no_damage
reason: The image shows a building with a clock tower, and there are no visible signs of damage, crack, mold, wear, or asbestos. The building appears to be in good condition."
house_NoDamage_702_jpg.rf.1c22fddcdcb0c1e5fd2b1618a8a0759a.jpg,no_damage,no_damage,not_damage,not_damage,"label: no_damage
reason: The image shows a building with the name ""HOTEL SUIZO"" on top, and there are no visible signs of damage, crack, mold, wear, or asbestos. The building appears to be in good condition."
house_NoDamage_710_jpg.rf.50a4d07a923c22c20d9e687ce466ba47.jpg,no_damage,no_damage,not_damage,not_damage,"label: no_damage
reason: The image shows a building with no visible signs of damage, crack, mold, wear, or asbestos. The facade appears to be in good condition, and there are no obvious issues that would require inspection."
house_NoDamage_711_jpg.rf.aa026413633f8c0099fa9f76583e8359.jpg,no_damage,no_damage,not_damage,not_damage,"label: no_damage
reason: The image shows a building facade with no visible signs of damage, crack, mold, wear, or asbestos. The building appears to be in good condition."
house_NoDamage_716_jpg.rf.ae239a5957c88c82379434bc474612ad.jpg,no_damage,no_damage,not_damage,not_damage,"label: no_damage
reason: The image shows a building with no visible signs of damage, crack, mold, wear, or asbestos. The building appears to be in good condition."
house_NoDamage_718_jpg.rf.ed312208eac597fa2ca3aace490d54b4.jpg,no_damage,no_damage,not_damage,not_damage,"label: no_damage
reason: The image shows a building facade with no visible damage, cracks, mold, wear, or asbestos-like material marks. The building appears to be in good condition."
house_NoDamage_721_jpg.rf.f7ba7ae5019e3ebb7fdabc5aa84f091d.jpg,no_damage,no_damage,not_damage,not_damage,"label: no_damage
reason: The image shows a building with no visible signs of damage, crack, mold, wear, or asbestos. The building appears to be in good condition."
house_NoDamage_724_jpg.rf.e4928c71764a0d99e381e97dc31b508a.jpg,no_damage,no_damage,not_damage,not_damage,"label: no_damage
reason: The image shows a building facade with no visible damage, cracks, mold, wear, or asbestos. The building appears to be in good condition."
house_NoDamage_726_jpg.rf.b1dee133a493bd6be7f0e09089a54965.jpg,no_damage,no_damage,not_damage,not_damage,"label: no_damage
reason: The image shows a building with no visible signs of damage, crack, mold, wear, or asbestos. The building appears to be in good condition, with no noticeable issues that would require inspection."
house_NoDamage_740_jpg.rf.258b178be5a2e650478fd84f5620e00e.jpg,no_damage,no_damage,not_damage,not_damage,"label: no_damage
reason: The image shows a building with no visible signs of damage, crack, mold, wear, or asbestos. The facade appears to be in good condition, with no visible issues that would require inspection or repair."
house_NoDamage_751_jpg.rf.3dde5d49013271767199428957dda8f6.jpg,no_damage,no_damage,not_damage,not_damage,"label: no_damage
reason: The image shows a building with no visible signs of damage, crack, mold, wear, or asbestos. The facade appears to be well-maintained, and there are no obvious issues that would require inspection."
house_NoDamage_754_jpg.rf.e92a6001b1ae7e609df5f512e4a95cde.jpg,no_damage,no_damage,not_damage,not_damage,"label: no_damage
reason: The image shows a building with no visible signs of damage, crack, mold, wear, or asbestos. The facade appears to be in good condition, and there are no obvious issues that would require inspection."
house_NoDamage_756_jpg.rf.70c0bd4d4349de4e5503d8c0d896b830.jpg,no_damage,no_damage,not_damage,not_damage,"label: no_damage
reason: The image shows a building with no visible signs of damage, crack, mold, wear, or asbestos. The facade appears to be in good condition, and there are no obvious issues that would require inspection."
house_NoDamage_761_jpg.rf.748eb6011411a9c0d188b17d2930df7e.jpg,no_damage,no_damage,not_damage,not_damage,"label: no_damage
reason: The image shows a building with a grid-like facade, but there are no visible signs of damage, crack, mold, wear, or asbestos. The building appears to be in good condition."
house_NoDamage_76_jpeg.rf.3182d4cf6135bcea09a38db9f853a3c1.jpg,no_damage,no_damage,not_damage,not_damage,"label: no_damage
reason: The image shows a building with a brick facade, and there are no visible signs of damage, crack, mold, wear, or asbestos. The building appears to be in good condition."
house_NoDamage_772_jpg.rf.cc7ae631684978c1fd8c6e70fbfb795d.jpg,no_damage,no_damage,not_damage,not_damage,"label: no_damage
reason: The image shows a large building with a classical architectural style, featuring a symmetrical facade with many windows and a central entrance. There are no visible signs of damage, such as holes, cracks, or broken material. The building appears to be in good condition,"
house_NoDamage_774_jpg.rf.3d805de66ff298256729e7b89ece745f.jpg,no_damage,no_damage,not_damage,not_damage,"label: no_damage
reason: The image shows a large, multi-story building with a symmetrical facade, and there are no visible signs of damage, crack, mold, wear, or asbestos. The building appears to be in good condition, with no obvious issues that would require inspection."
house_NoDamage_779_jpg.rf.276ba9a4cfe79b359a42124a4579f8a1.jpg,no_damage,no_damage,not_damage,not_damage,"label: no_damage
reason: The image shows a building facade with no visible damage, cracks, mold, wear, or asbestos-like material marks. The building appears to be in good condition."
house_NoDamage_781_jpg.rf.1337d4dd2709b31ba27382625ecd21df.jpg,no_damage,no_damage,not_damage,not_damage,"label: no_damage
reason: The image shows a building with a traditional architectural style, featuring a large facade with multiple windows and a central arched doorway. There are no visible signs of damage, such as holes, broken material, fire damage, or water damage. The building appears to be in"
house_NoDamage_782_jpg.rf.263c72daf930a5323bf01fc431075e96.jpg,no_damage,no_damage,not_damage,not_damage,"label: no_damage
reason: The image shows a building facade with no visible signs of damage, crack, mold, wear, or asbestos. The building appears to be in good condition."
house_NoDamage_785_jpg.rf.ed47f314f8c414680862b44adddbda79.jpg,no_damage,no_damage,not_damage,not_damage,"label: no_damage
reason: The image shows a building with no visible signs of damage, crack, mold, wear, or asbestos. The facade appears to be in good condition, with no noticeable issues."
house_NoDamage_788_jpg.rf.582071552a4dd1ef97d22859496d4d6a.jpg,no_damage,no_damage,not_damage,not_damage,"label: no_damage
reason: The image shows a building facade with no visible damage, cracks, mold, wear, or asbestos-like material marks. The building appears to be in good condition."
house_NoDamage_78_jpeg.rf.2ad13c1001238c31f4a6e61a5d495890.jpg,no_damage,no_damage,not_damage,not_damage,"label: no_damage
reason: The image shows a building with a sign that reads ""Art Van Furniture."" There are no visible signs of damage, crack, mold, wear, or asbestos. The building appears to be in good condition."
house_NoDamage_791_jpg.rf.70af2ab68fb37265b9dc8fd65a514a57.jpg,no_damage,no_damage,not_damage,not_damage,"label: no_damage
reason: The image shows a building with no visible signs of damage, crack, mold, wear, or asbestos. The facade appears to be in good condition, with no noticeable issues."
house_NoDamage_798_jpeg.rf.b936ca76730bd7297d07e9983c05145e.jpg,no_damage,no_damage,not_damage,not_damage,"label: no_damage
reason: The image shows a modern, two-story house with a clean and well-maintained exterior. There are no visible signs of damage, cracks, mold, wear, or asbestos. The house appears to be in excellent condition."
house_NoDamage_807_jpeg.rf.9a0d99eb35ca09603c44cc4b62c3ec2b.jpg,no_damage,no_damage,not_damage,not_damage,"label: no_damage
reason: The image shows a modern, multi-story house with a clean and well-maintained exterior. There are no visible signs of damage, cracks, mold, wear, or asbestos. The house appears to be in good condition."
house_NoDamage_823_jpeg.rf.da45f80a70fbe27473c86eb4dbefa6c4.jpg,no_damage,no_damage,not_damage,not_damage,"label: no_damage
reason: The image shows a modern home exterior with no visible signs of damage, crack, mold, wear, or asbestos. The house appears to be well-maintained and in good condition."
house_NoDamage_833_jpeg.rf.c9d23d29cbe90039abc1ed6cc014c451.jpg,no_damage,no_damage,not_damage,not_damage,"label: no_damage
reason: The image shows a house with no visible signs of damage, crack, mold, wear, or asbestos. The house appears to be well-maintained and in good condition."
house_NoDamage_835_jpeg.rf.014ad13972e818cbaf6b529403887349.jpg,no_damage,no_damage,not_damage,not_damage,"label: no_damage
reason: The image shows a house with no visible damage, cracks, mold, wear, or asbestos-like material marks. The house appears to be in good condition."
house_NoDamage_84_jpeg.rf.d468eeb1547638eff409a1aeb6fb4e71.jpg,no_damage,no_damage,not_damage,not_damage,"label: no_damage
reason: The image shows a modern building facade with people walking by, and there are no visible signs of damage, crack, mold, wear, or asbestos. The building appears to be well-maintained and in good condition."
house_NoDamage_868_jpeg.rf.6c3f99bc5bbc5972043babf75e224530.jpg,no_damage,no_damage,not_damage,not_damage,"label: no_damage
reason: The image shows a house with no visible damage, cracks, mold, wear, or asbestos-like material marks. The house appears to be in good condition."
house_NoDamage_874_jpeg.rf.0fa977edc5bc8e08fa058692376fba4a.jpg,no_damage,no_damage,not_damage,not_damage,"label: no_damage
reason: The image shows a modern house with a clean and well-maintained exterior. There are no visible signs of damage, cracks, mold, wear, or asbestos. The house appears to be in good condition."
house_NoDamage_87_jpeg.rf.cfffb3c092f38d49b2f90888278deafc.jpg,no_damage,no_damage,not_damage,not_damage,"label: no_damage
reason: The image shows a row of storefronts with brick walls and large windows. There are no visible signs of damage, crack, mold, wear, or asbestos. The building appears to be in good condition."
house_NoDamage_881_jpeg.rf.92db79ccc63c5724c48c7980c30e9b7e.jpg,no_damage,no_damage,not_damage,not_damage,"label: no_damage
reason: The image shows a modern two-story house with a clean and well-maintained exterior. There are no visible signs of damage, cracks, mold, wear, or asbestos. The house appears to be in excellent condition."
house_NoDamage_888_jpeg.rf.bd8ce1eeba742ef88b3bd6e168f8d640.jpg,no_damage,no_damage,not_damage,not_damage,"label: no_damage
reason: The image shows a well-maintained exterior of a house with no visible signs of damage, crack, mold, wear, or asbestos. The house appears to be in good condition."
house_NoDamage_893_jpeg.rf.1746d2c22f14c8fc3479dcc7a64cafb3.jpg,no_damage,no_damage,not_damage,not_damage,"label: no_damage
reason: The image shows a house with no visible damage, cracks, mold, wear, or asbestos-like material marks. The house appears to be in good condition, with no signs of distress or deterioration."
house_NoDamage_897_jpeg.rf.ff970f231f3188ededc780f97456b8ea.jpg,no_damage,no_damage,not_damage,not_damage,"label: no_damage
reason: The image shows a house with a neutral green color, and there are no visible signs of damage, crack, mold, wear, or asbestos. The house appears to be in good condition."
house_NoDamage_908_jpeg.rf.345d93a30b251f9a95cda8d2ba0340b3.jpg,no_damage,no_damage,not_damage,not_damage,"label: no_damage
reason: The image shows a house with a well-maintained exterior, including a shingled roof, siding, and trim. There are no visible signs of damage, such as holes, cracks, or wear, and no indications of mold or asbestos"
house_NoDamage_910_png.rf.11504717a752e6399bf83b87d94160fd.jpg,no_damage,no_damage,not_damage,not_damage,"label: no_damage
reason: The image shows a house with a garage door, and there are no visible signs of damage, crack, mold, wear, or asbestos. The house appears to be in good condition."
house_NoDamage_916_jpeg.rf.fa74f14d48c787d094fa9f27a869103f.jpg,no_damage,no_damage,not_damage,not_damage,"label: no_damage
reason: The image shows a well-maintained exterior of a house with no visible signs of damage, crack, mold, wear, or asbestos. The house appears to be in good condition."
house_NoDamage_930_jpeg.rf.e0d7f0f9971ba9d2ca8c1e71332ea44a.jpg,no_damage,no_damage,not_damage,not_damage,"label: no_damage
reason: The image shows a house with a well-maintained exterior, including a neatly trimmed lawn, a paved driveway, and a parked vehicle. There are no visible signs of damage, such as holes, cracks, or broken material. The house appears"
house_NoDamage_932_jpeg.rf.7b23582af6657c869f8c5dc11e9b6604.jpg,no_damage,no_damage,not_damage,not_damage,"label: no_damage
reason: The image shows a well-maintained two-story house with no visible damage, cracks, mold, wear, or asbestos. The exterior appears clean and in good condition."
house_NoDamage_938_png.rf.d07f93b8a5ba909daf9926efe99589fa.jpg,no_damage,no_damage,not_damage,not_damage,"label: no_damage
reason: The image shows a house with a clean and well-maintained exterior, including siding, windows, and a roof. There are no visible signs of damage, such as holes, cracks, or wear, and no indications of mold or asbestos."
house_NoDamage_941_jpeg.rf.b23078e537945a48cf14e0394ff8dc26.jpg,no_damage,no_damage,not_damage,not_damage,"label: no_damage
reason: The image shows a modern house with no visible signs of damage, crack, mold, wear, or asbestos. The building appears to be in good condition, with no noticeable issues."
house_NoDamage_95_jpeg.rf.5b38f933b85124482d8d4f62337db571.jpg,no_damage,no_damage,not_damage,not_damage,"label: no_damage
reason: The image shows a modern building with a clean and well-maintained exterior. There are no visible signs of damage, cracks, mold, wear, or asbestos. The building appears to be in good condition."
house_NoDamage_961_jpeg.rf.7993929539235f3e58e097f0ff9db0c4.jpg,no_damage,no_damage,not_damage,not_damage,"label: no_damage
reason: The image shows a house with a garage, and there are no visible signs of damage, crack, mold, wear, or asbestos. The house appears to be in good condition."
house_NoDamage_98_png.rf.9d1152ae31935ce25237a409f9485533.jpg,no_damage,no_damage,not_damage,not_damage,"label: no_damage
reason: The image shows a person working on a building facade, but there is no visible damage, crack, mold, wear, or asbestos-like material marks. The focus is on the person and their activity, not on any inspection-relevant issues with the building"
house_NoDamage_9_jpeg.rf.0a7db3a4be314291d971620876bc0611.jpg,no_damage,no_damage,not_damage,not_damage,"label: no_damage
reason: The image shows a modern building with a brick facade and large windows. There are no visible signs of damage, crack, mold, wear, or asbestos. The building appears to be in good condition."
house_WaterDamage_101_jpg.rf.e580de06d9bf3f6c8b98fe21e0b5d412.jpg,damage,wear,damage,damage,"label: wear
reason: The image shows discoloration and surface deterioration on the wall, which is indicative of wear."
house_WaterDamage_102_jpg.rf.33ff2aa6d6fea16deb18c0ba5d5ada6f.jpg,damage,wear,damage,damage,"label: wear
reason: The image shows visible stains and discoloration on the ceiling, which is indicative of wear."
house_WaterDamage_129_jpg.rf.9d28ed148db1a42737818f1cbd98e8d0.jpg,damage,wear,damage,damage,"label: wear
reason: The image shows visible signs of wear, such as discoloration and surface deterioration, but no other inspection-relevant issues like damage, cracks, mold, or asbestos are visible."
house_WaterDamage_134_jpg.rf.10bde91af98efad6d9fb00463e8852c7.jpg,damage,no_damage,damage,not_damage,"label: no_damage
reason: The image shows a ceiling with a water leak, but there is no visible damage, crack, mold, wear, or asbestos. The water leak is the only issue visible in the image."
house_WaterDamage_142_jpg.rf.2571211053586cc8e5c334a8ec78872c.jpg,damage,no_damage,damage,not_damage,"label: no_damage
reason: The image shows a ceiling with a water leak, but there is no visible damage, crack, mold, wear, or asbestos. The water leak is the only issue visible in the image."
house_WaterDamage_152_png.rf.0f9940081c777c9eda43658c7b98075d.jpg,damage,no_damage,damage,not_damage,"label: no_damage
reason: The image shows a clean, unblemished wall with no visible damage, cracks, mold, wear, or asbestos."
house_WaterDamage_157_jpg.rf.b3335b7ccee2ea9ddb5198068698978f.jpg,damage,no_damage,damage,not_damage,"label: no_damage
reason: The image shows a ceiling with no visible damage, cracks, mold, wear, or asbestos. The ceiling appears to be in good condition."
house_WaterDamage_162_png.rf.f1897961b8e198b4dc599e3df2127236.jpg,damage,damage,damage,damage,"label: damage
reason: The image shows water damage, with visible water stains and damage to the flooring."
house_WaterDamage_164_png.rf.665bbf7094a6258fb22032f3797aa513.jpg,damage,damage,damage,damage,"label: damage
reason: Water damage visible on the floor, with water pooling and stains on the flooring."
house_WaterDamage_166_jpg.rf.663a1dd4c0d8fc8ea10133bb510c09df.jpg,damage,no_damage,damage,not_damage,"label: no_damage
reason: The image shows a light fixture with a visible water leak, which is a form of damage. However, there are no other visible inspection-relevant issues such as cracks, mold, wear, or asbestos in the image."
house_WaterDamage_180_jpg.rf.a51118dff7e14b89ea9f2ff1f3eceae0.jpg,damage,no_damage,damage,not_damage,"label: no_damage
reason: The image shows a ceiling with a light fixture, and there is no visible damage, crack, mold, wear, or asbestos-like material marks. The ceiling appears to be in good condition."
house_WaterDamage_181_jpg.rf.04d42aed8185059e2c900e9767043c0e.jpg,damage,no_damage,damage,not_damage,"label: no_damage
reason: The image shows a ceiling with a light fixture, and there is no visible damage, crack, mold, wear, or asbestos-like material marks. The ceiling appears to be in good condition."
house_WaterDamage_183_jpg.rf.334a2ed3a363402904ef0545af85a814.jpg,damage,no_damage,damage,not_damage,"label: no_damage
reason: The image shows an interior space with visible beams and a window, but there are no signs of damage, cracks, mold, wear, or asbestos. The space appears to be under construction or renovation, as indicated by the exposed beams and the presence"
house_WaterDamage_189_jpg.rf.27a5be080e3dc04608738539f35b6b20.jpg,damage,no_damage,damage,not_damage,"label: no_damage
reason: The image shows a ceiling with visible cracks and wear, but no other inspection-relevant issues are visible."
house_WaterDamage_195_jpg.rf.07d0f728670693dc7d2615b5e4a61737.jpg,damage,no_damage,damage,not_damage,"label: no_damage
reason: The image shows a ceiling with a visible water leak, but no other inspection-relevant issues are visible."
house_WaterDamage_1_jpeg.rf.0a3c244681f5ca5c1e153a77bf7cfdcc.jpg,damage,no_damage,damage,not_damage,"label: no_damage
reason: The image shows a plain, light-colored wall with no visible damage, cracks, mold, wear, or asbestos."
house_WaterDamage_202_jpg.rf.e0d8be73517308f46dfe8693da829d6d.jpg,damage,wear,damage,damage,"label: wear
reason: The image shows water dripping from a ceiling, which indicates wear and tear on the building's structure."
house_WaterDamage_206_jpg.rf.c545b5f0048d839f812e29ac5d29b8c8.jpg,damage,wear,damage,damage,"label: wear
reason: The image shows water dripping from a ceiling, which indicates wear and tear on the building's structure."
house_WaterDamage_20_jpg.rf.7e9afb8aa81fa7e02beda8349d58c135.jpg,damage,wear,damage,damage,"label: wear
reason: The image shows discoloration and stains on the surface, which are indicative of wear and aging."
house_WaterDamage_211_jpg.rf.a82af942ae68ceba4ebfa4e088a2bc6e.jpg,damage,wear,damage,damage,"label: wear
reason: The image shows a wall with visible stains and discoloration, which indicates wear."
house_WaterDamage_217_png.rf.ea604eec0b02f8762d044bb70541c7e9.jpg,damage,damage,damage,damage,"label: damage
reason: visible water damage on the floor and walls, indicating a leak or flooding issue."
house_WaterDamage_221_jpeg.rf.3c6625c3dc098771affe68091fabc324.jpg,damage,no_damage,damage,not_damage,"label: no_damage
reason: The image shows a room with a water-damaged floor, but there are no visible cracks, mold, wear, or asbestos-like material marks. The damage appears to be limited to the floor, and the rest of the room looks undamaged."
house_WaterDamage_222_jpeg.rf.e2aa4eb799ff80793cfeec162807edc3.jpg,damage,wear,damage,damage,"label: wear
reason: The image shows a room with visible signs of wear, such as discoloration and stains on the walls and floor, which indicates that the room has been used for an extended period of time and may require maintenance or renovation."
house_WaterDamage_232_png.rf.07bb906d6f83a6be3efc2d593fd96d2b.jpg,damage,wear,damage,damage,"label: wear
reason: The image shows a ceiling with visible signs of wear, such as discoloration and surface deterioration."
house_WaterDamage_239_png.rf.1414cf739b6927be690c0d331266ae55.jpg,damage,damage,damage,damage,"label: damage
reason: Water damage visible in the kitchen, with water on the floor and water damage to the cabinets."
house_WaterDamage_255_jpg.rf.91c9a706485058453ee60f2f96175e88.jpg,damage,damage,damage,damage,"label: damage
reason: Water damage visible in the image, with water pooled on the floor and a hose running through it."
house_WaterDamage_259_jpg.rf.0a6bea553c0f43a1748c78513abe8a7b.jpg,damage,wear,damage,damage,"label: wear
reason: The image shows a ceiling with a blue panel that appears to be damaged or worn, with visible stains and discoloration."
house_WaterDamage_262_jpg.rf.1530f083b58372fe77a7ef1e128cef57.jpg,damage,damage,damage,damage,"label: damage
reason: visible water damage on the ceiling."
house_WaterDamage_263_jpg.rf.02dbbdb9a442db07fa45c775541d3e2b.jpg,damage,no_damage,damage,not_damage,"label: no_damage
reason: The image shows a ceiling with a few icicles hanging from it, which is a common occurrence during winter when the temperature difference between the inside and outside of a building is significant. This is not a sign of damage or wear."
house_WaterDamage_265_png.rf.f826dbf311a79826a3819de8d1eac8b1.jpg,damage,no_damage,damage,not_damage,"label: no_damage
reason: The image shows an empty room with no visible damage, cracks, mold, wear, or asbestos. The floor appears to be wet, but there are no signs of damage or other issues."
house_WaterDamage_267_png.rf.22e4a53408a5300b8d994c28dd2e31bc.jpg,damage,no_damage,damage,not_damage,"label: no_damage
reason: The image shows a room with a wet floor, but there are no visible signs of damage, cracks, mold, wear, or asbestos. The room appears to be in a state of disrepair, possibly due to water damage, but no specific issues are"
house_WaterDamage_269_png.rf.5a77d8e9ff2dd8fd67be065bc408bb02.jpg,damage,damage,damage,damage,"label: damage
reason: The image shows water damage, with water pooled on the floor and water stains visible on the walls."
house_WaterDamage_27_jpg.rf.a8eaf0c92a229f742c3acdbd958223cf.jpg,damage,wear,damage,damage,"label: wear
reason: The image shows discoloration and surface deterioration on the wall, which is indicative of wear."
house_WaterDamage_288_jpg.rf.268e17430321b9ee3e93121a08358662.jpg,damage,damage,damage,damage,"label: damage
reason: The image shows a building with significant visible damage, including holes, broken material, and water damage."
house_WaterDamage_289_jpg.rf.47b8f2a6d3d5fd3434632865c63c38fb.jpg,damage,damage,damage,damage,"label: damage
reason: The image shows a building with visible damage, including peeling paint, exposed brick, and missing or damaged sections of the exterior."
house_WaterDamage_292_jpg.rf.94cb816fdcd54afef63ff4d7c2c9452d.jpg,damage,damage,damage,damage,"label: damage
reason: Water damage visible in the image, with water pooled on the floor and damage to the walls and ceiling."
house_WaterDamage_300_jpg.rf.c2a13fc95beb1a3f46003070218ef588.jpg,damage,damage,damage,damage,"label: damage
reason: visible water damage on the floor and walls, indicating a leak or flooding issue."
house_WaterDamage_307_jpg.rf.96dbeab29bf0e3a09bdaefeaccf1a8a9.jpg,damage,damage,damage,damage,"label: damage
reason: The image shows a building partially submerged in water, which indicates water damage."
house_WaterDamage_308_jpg.rf.25ce370fa9d3b86d244a67ec183d1627.jpg,damage,damage,damage,damage,"label: damage
reason: The image shows a building with significant visible damage, including holes, broken material, and water damage."
house_WaterDamage_310_jpg.rf.430e42abc8658e2a7d5ac276af9d8939.jpg,damage,damage,damage,damage,"label: damage
reason: The image shows a building with significant water damage, including visible holes and broken material, which indicates damage."
house_WaterDamage_311_jpg.rf.4082f6a7b45caf1acebc9a5ee667ba68.jpg,damage,damage,damage,damage,"label: damage
reason: The image shows a building with visible water damage, including flooding and potential structural damage."
house_WaterDamage_318_jpg.rf.4fa2f93e18a2cb97d1268fe8f4ea1eec.jpg,damage,damage,damage,damage,"label: damage
reason: The image shows a building with significant damage, including missing sections of the exterior wall, exposed interior walls, and visible water damage."
house_WaterDamage_322_jpg.rf.c2f2de79bc95d42c76b874eea98f2276.jpg,damage,damage,damage,damage,"label: damage
reason: The image shows a building with visible damage, including water damage and possibly structural damage, as evidenced by the missing sections of the building and the waterlogged appearance of the area."
house_WaterDamage_325_jpg.rf.8c6a4b0eccb0aece4b958a824dbe89fe.jpg,damage,damage,damage,damage,"label: damage
reason: The image shows a room with water damage, as evidenced by the flooding and the damaged flooring."
house_WaterDamage_330_jpg.rf.5af9e9ad0764c58f1a5c14459c54a868.jpg,damage,damage,damage,damage,"label: damage
reason: Water damage visible in the image, with water pooled on the floor and the building's exterior showing signs of wear and possible damage."
house_WaterDamage_335_jpg.rf.d9952d6e0dd482388ef2340b0c389972.jpg,damage,damage,damage,damage,"label: damage
reason: The image shows a building with significant water damage, including visible holes and broken material, which indicates damage."
house_WaterDamage_338_jpg.rf.411149f6401a19c21f045be326b59fa9.jpg,damage,damage,damage,damage,"label: damage
reason: The image shows a building with visible damage, including water damage and structural damage to the exterior."
house_WaterDamage_344_jpg.rf.5f659791de60fd2a2fdb4d357fd78a13.jpg,damage,damage,damage,damage,"label: damage
reason: The image shows a building with water damage, as evidenced by the flooded area and the waterlogged appearance of the exterior."
house_WaterDamage_349_jpg.rf.c45b67fab90f5350a2bfbfbeb8d0bde6.jpg,damage,damage,damage,damage,"label: damage
reason: The image shows a building with visible water damage, including flooding and potential structural damage."
house_WaterDamage_351_jpg.rf.3cf22ec1526ec210001aa73dc141b100.jpg,damage,no_damage,damage,not_damage,"label: no_damage
reason: The image shows a room with a wet floor, but there are no visible signs of damage, cracks, mold, wear, or asbestos. The room appears to be in a state of disrepair, possibly due to water damage, but no specific issues are"
house_WaterDamage_352_jpg.rf.54d78f44998df1809e76529c1917bd87.jpg,damage,damage,damage,damage,"label: damage
reason: The image shows a building with visible damage, including water damage, as evidenced by the flooded ground floor and the damaged facade with missing sections and exposed materials."
house_WaterDamage_355_jpg.rf.c2869994febb86a2a4b903e5cc50c824.jpg,damage,damage,damage,damage,"label: damage
reason: The image shows a building with a large hole in the side, indicating significant damage."
house_WaterDamage_361_jpg.rf.33824272b4957dd94d96624eb420a09c.jpg,damage,damage,damage,damage,"label: damage
reason: Water damage visible in the image, with waterlogged areas and possibly some structural damage."
house_WaterDamage_377_jpg.rf.2d920cf7ac05f0b83bc6789422228ceb.jpg,damage,damage,damage,damage,"label: damage
reason: The image shows a building with visible damage, including broken windows, missing sections of the wall, and water damage."
house_WaterDamage_380_jpg.rf.6d74946113b38e951fe9aee490bfa88d.jpg,damage,damage,damage,damage,"label: damage
reason: The image shows water damage, with visible signs of water infiltration, such as flooding and water stains on the building's exterior."
house_WaterDamage_383_jpg.rf.a2810a36fa5e6f63b643badd6e5018da.jpg,damage,wear,damage,damage,"label: wear
reason: The image shows a building with visible signs of wear, such as discoloration and aging on the exterior walls. There are no visible cracks, mold, or asbestos-like material marks, and no other inspection-relevant issues are visible."
house_WaterDamage_387_jpg.rf.c1fa2d21d66f0d45b6097cfcc0e63c26.jpg,damage,damage,damage,damage,"label: damage
reason: Water damage visible on the building's exterior, with water pooled in front of the building."
house_WaterDamage_388_jpg.rf.a65f81fdec2b0cb6bb678bdf432e1500.jpg,damage,damage,damage,damage,"label: damage
reason: The image shows a building with visible water damage, which is a form of damage."
house_WaterDamage_389_jpg.rf.1f08d1f3f33ede79ee23e0d0a6c09bc3.jpg,damage,damage,damage,damage,"label: damage
reason: The image shows a building with water damage, as evidenced by the flooded area and the waterlogged appearance of the ground floor."
house_WaterDamage_390_jpg.rf.86eac5e337b111ac1279cf4b26c4c1a6.jpg,damage,damage,damage,damage,"label: damage
reason: The image shows a building with water damage, as evidenced by the flooding and the waterlogged appearance of the exterior walls."
house_WaterDamage_393_jpg.rf.f5c45144fe87383812512bc477834062.jpg,damage,damage,damage,damage,"label: damage
reason: The image shows a building with visible damage, including broken windows and water damage, which indicates that the building has sustained significant structural and aesthetic issues."
house_WaterDamage_397_jpg.rf.44bca96419309b02a62079337d593cb4.jpg,damage,no_damage,damage,not_damage,"label: no_damage
reason: The image shows a building with water damage, which is visible as flooding around the base of the building. However, there are no other inspection-relevant issues such as cracks, mold, wear, or asbestos visible in the image."
house_WaterDamage_401_jpg.rf.7bab4b1dcee9c648e3fa9ebb05ba3722.jpg,damage,damage,damage,damage,"label: damage
reason: The image shows a building with significant visible damage, including missing sections of the facade, exposed interior structures, and water damage."
house_WaterDamage_404_jpg.rf.6a6d38a3ca6443ee5cbdb593b68d8427.jpg,damage,damage,damage,damage,"label: damage
reason: The image shows a building with visible damage, including broken windows, water damage, and structural damage."
house_WaterDamage_40_jpg.rf.385b6fcbbda6e33d4d8f60e7c3158b05.jpg,damage,wear,damage,damage,"label: wear
reason: The image shows a discolored and stained surface, which is indicative of wear and aging."
house_WaterDamage_413_jpg.rf.0529f495fea31ae901bd6d8bbbb37c50.jpg,damage,damage,damage,damage,"label: damage
reason: The image shows a building with significant visible damage, including holes, broken material, and water damage."
house_WaterDamage_422_jpg.rf.3b897c50ba499a3955077bea399cecb6.jpg,damage,damage,damage,damage,"label: damage
reason: The image shows a building with visible damage, including missing sections of the facade, water damage, and potential structural issues."
house_WaterDamage_433_jpg.rf.e73095bc47779682e6eeefe15d39af87.jpg,damage,damage,damage,damage,"label: damage
reason: The image shows a building with significant visible damage, including holes, broken material, and water damage."
house_WaterDamage_440_jpg.rf.5a91b1262c5469df24fb62e5695f6bba.jpg,damage,damage,damage,damage,"label: damage
reason: The image shows water damage, with visible flooding and water seeping into the building."
house_WaterDamage_441_jpg.rf.af2786d149c79ef58df2e84962039d6e.jpg,damage,damage,damage,damage,"label: damage
reason: The image shows water damage, with water pooled in the hallway and waterlogged floors, which indicates damage to the property."
house_WaterDamage_444_jpg.rf.0a100a2172be17e265b2c663363425fc.jpg,damage,damage,damage,damage,"label: damage
reason: The image shows a building with significant damage, including missing sections of the exterior wall, which indicates structural damage or collapse."
house_WaterDamage_445_jpg.rf.468b5df4eb0696664e6afb42cf8dbe82.jpg,damage,damage,damage,damage,"label: damage
reason: The image shows a building partially submerged in water, which indicates water damage."
house_WaterDamage_44_jpg.rf.41b64b240181eb429b32cda5df77f735.jpg,damage,wear,damage,damage,"label: wear
reason: The image shows discoloration and stains on the bathroom wall, which are indicative of wear."
house_WaterDamage_451_jpg.rf.542fd1ada304fd8d64c5570f8a760fd5.jpg,damage,damage,damage,damage,"label: damage
reason: The image shows water damage to the building, with water levels reaching up to the bottom of the windows. This indicates that the building has sustained damage due to flooding or another water-related issue."
house_WaterDamage_461_jpg.rf.b0bb06697c4b9f65584c3ce61e802bf4.jpg,damage,damage,damage,damage,"label: damage
reason: The image shows a building with visible water damage, including flooding and damage to the exterior walls and windows."
house_WaterDamage_475_jpg.rf.18d5e329ae28b6940769e39feec3e80e.jpg,damage,damage,damage,damage,"label: damage
reason: The image shows a building with significant damage, including broken windows, missing sections of the facade, and water damage."
house_WaterDamage_488_jpg.rf.c31456af8a0590025d279b541269472e.jpg,damage,damage,damage,damage,"label: damage
reason: The image shows a building with significant damage, including missing sections of the facade, which indicates structural damage or collapse."
house_WaterDamage_54_jpg.rf.e8cd42dce7d33e92c205da223119a176.jpg,damage,no_damage,damage,not_damage,"label: no_damage
reason: The image shows a plain white ceiling with no visible damage, cracks, mold, wear, or asbestos-like material marks."
house_WaterDamage_62_jpg.rf.f236f045a6b6248515e296d997a18faa.jpg,damage,wear,damage,damage,"label: wear
reason: The image shows a wall with visible stains and discoloration, which is indicative of wear."
house_WaterDamage_6_jpg.rf.97b274b141ad9832ea7012d5b9d51a93.jpg,damage,no_damage,damage,not_damage,"label: no_damage
reason: The image shows a white surface with a small hole, but there are no visible signs of damage, crack, mold, wear, or asbestos. The hole appears to be a small puncture or opening, but it does not indicate any significant damage or issue that would"
house_WaterDamage_71_jpg.rf.87c503af8d9ca594f639f0a098437d97.jpg,damage,damage,damage,damage,"label: damage
reason: There is a visible hole in the ceiling, which indicates damage."
house_WaterDamage_78_jpg.rf.54529a8d2ada3ad4526efa346c9ec9db.jpg,damage,no_damage,damage,not_damage,"label: no_damage
reason: The image shows a plain, light-colored wall with no visible damage, cracks, mold, wear, or asbestos. The surface appears to be in good condition."
house_WaterDamage_84_jpg.rf.2fdc30b620467aab4c9b0a0592a51ccf.jpg,damage,wear,damage,damage,"label: wear
reason: The image shows discoloration and stains on the ceiling, which are indicative of wear."
house_WaterDamage_94_jpg.rf.6f979c4dfe9c3a033e6580548e4093d5.jpg,damage,damage,damage,damage,"label: damage
reason: visible water damage on the ceiling and wall, with discoloration and peeling paint."
house_WaterDamage_96_jpg.rf.028a3e6d175f218a33c560f156e99019.jpg,damage,wear,damage,damage,"label: wear
reason: The image shows a wall with visible discoloration and stains, which are indicative of wear and aging."
mold2_100056_img6_jpeg.rf.75fbe08711aff8f02807d2d8bdbdaeaa.jpg,mold,no_damage,damage,not_damage,"label: no_damage
reason: The image shows a plain white wall with a wooden door frame, and there are no visible signs of damage, cracks, mold, wear, or asbestos."
mold2_100910_img5_jpg.rf.e7c24180712248ce8aee64ce15f305ce.jpg,mold,no_damage,damage,not_damage,"label: no_damage
reason: The image shows a plain white wall with no visible damage, cracks, mold, wear, or asbestos."
mold2_101558_img3_jpg.rf.fbed15f4ac7499d306baa8668bcfe89d.jpg,mold,wear,damage,damage,"label: wear
reason: The image shows discoloration and stains on the wall, which are indicative of wear."
mold2_101625_img3_jpg.rf.9d31c677dd31961e20127f725dd4c5af.jpg,mold,wear,damage,damage,"label: wear
reason: The image shows a wall with visible wear, such as discoloration and surface deterioration."
mold2_102132_img22_jpg.rf.d0cdd89f4da5f1edd3e359af852464a7.jpg,mold,wear,damage,damage,"label: wear
reason: The image shows a dirty and discolored ceiling, which indicates wear and aging of the surface."
mold2_102132_img2_jpg.rf.b96e6c47a71268b373b0e0df18df417f.jpg,mold,wear,damage,damage,"label: wear
reason: The image shows a wall with visible dirt or dust on the ceiling, which is a sign of wear."
mold2_102386_img2_jpeg.rf.8312c4e09e4ea7d8cd751577a3972c00.jpg,mold,wear,damage,damage,"label: wear
reason: The image shows a window sill with visible dirt and grime, indicating wear and a need for cleaning."
mold2_102386_img4_jpeg.rf.08575aecf9224265084fa9e5e5fa6351.jpg,mold,wear,damage,damage,"label: wear
reason: The image shows a window with water droplets on the glass, indicating that the window is not properly sealed and is allowing water to enter. This can lead to wear and tear over time, as well as potential damage if the water leak is not addressed."
mold2_102394_img3_jpg.rf.5219a124f8f85f84a56f7d2cc4b44818.jpg,mold,no_damage,damage,not_damage,"label: no_damage
reason: The image shows a plain white wall with no visible damage, cracks, mold, wear, or asbestos."
mold2_102739_img3_jpeg.rf.5653ddf492387c643c29b187a63bd5fe.jpg,mold,wear,damage,damage,"label: wear
reason: The image shows a corner of a wall with visible dirt and stains, indicating wear and tear."
mold2_103052_img1_jpeg.rf.57890b080eb84267dac963ee38e8fe37.jpg,mold,wear,damage,damage,"label: wear
reason: The image shows a dirty and discolored wall, which indicates wear and aging of the surface."
mold2_103054_img3_jpg.rf.729b0f0266733fc17f5abecb0252ae04.jpg,mold,no_damage,damage,not_damage,"label: no_damage
reason: The image shows a wall with a pink border, but there are no visible signs of damage, crack, mold, wear, or asbestos. The wall appears to be in good condition."
mold2_103054_img5_jpg.rf.0d61a4085c6ba4d876e3b1674a7ba527.jpg,mold,damage,damage,damage,"label: damage
reason: visible water damage on ceiling and wall."
mold2_103063_img1_jpg.rf.cff4b418cc27f2ca9b86211c17853cc2.jpg,mold,wear,damage,damage,"label: wear
reason: The image shows a window with visible wear, such as discoloration and paint wear, which indicates that the window has been exposed to the elements for an extended period of time."
mold2_103147_img5_jpg.rf.e81f01f4de263f14d3cbeac55013e7a8.jpg,mold,wear,damage,damage,"label: wear
reason: The image shows a dirty and stained wall, which indicates wear and aging of the surface."
mold2_103199_img4_jpg.rf.9927655ca9842108aa294369d69bca12.jpg,mold,no_damage,damage,not_damage,"label: no_damage
reason: The image shows a plain white wall with no visible damage, cracks, mold, wear, or asbestos-like material marks."
mold2_103204_img1_jpg.rf.433a788772ecd76d0f0c44a1a8b6bc5b.jpg,mold,no_damage,damage,not_damage,"label: no_damage
reason: The image shows a plain, unadorned surface with no visible damage, cracks, mold, wear, or asbestos."
mold2_103209_img12_jpg.rf.5a03561d0a2134f24eb5b6b8c4b6a0fb.jpg,mold,wear,damage,damage,"label: wear
reason: The image shows a wall with visible discoloration and stains, which are indicative of wear."
mold2_103209_img14_jpg.rf.60fdf9b50a1e69cf8d15f3806ddc3181.jpg,mold,wear,damage,damage,"label: wear
reason: The image shows a dirty and discolored surface, which indicates wear and tear."
mold2_103665_img11_jpg.rf.833e781c15156ec467cb6778ab83c598.jpg,mold,wear,damage,damage,"label: wear
reason: The image shows a ceiling with a light fixture, and there is visible discoloration and paint wear on the ceiling, indicating wear."
mold2_103670_img2_jpeg.rf.e741eb8fae3d81ad33ddb375eed00ad5.jpg,mold,wear,damage,damage,"label: wear
reason: The image shows visible discoloration and surface deterioration on the wall, which is indicative of wear."
mold2_103789_img4_jpeg.rf.3e8f7829a62c4f3204f422bcf50c1986.jpg,mold,wear,damage,damage,"label: wear
reason: The image shows a wall with visible stains and discoloration, which is indicative of wear."
mold2_104308_img9_jpg.rf.83420c0f1bb285bebf4969fec7c7c843.jpg,mold,wear,damage,damage,"label: wear
reason: The image shows a ceiling with visible stains and discoloration, which is indicative of wear."
mold2_104632_img5_jpg.rf.08146c8ef024a0fa95cf75c87d30a9b8.jpg,mold,no_damage,damage,not_damage,"label: no_damage
reason: The image shows a plain, unadorned wall with no visible damage, cracks, mold, wear, or asbestos."
mold2_105355_img3_jpeg.rf.e11935ea4eaed3ec59d9393ad7771ae1.jpg,mold,mold,damage,damage,"label: mold
reason: The image shows visible mold or mould on the wall."
mold2_105398_img1_jpeg.rf.c10de90e9a020fd7a10169ea6dcfa4d5.jpg,mold,wear,damage,damage,"label: wear
reason: The image shows a surface with visible dirt and stains, which indicates wear and tear."
mold2_28906_img4_jpg.rf.d6ab5673a59ed3a341396877eb89042f.jpg,mold,wear,damage,damage,"label: wear
reason: The image shows a wall with visible signs of wear, such as discoloration and surface deterioration."
mold2_28941_img1_jpg.rf.672928092b0af28f58947263d4658d1a.jpg,mold,wear,damage,damage,"label: wear
reason: The image shows discoloration and stains on the wall, which are indicative of wear."
mold2_28998_img16_jpeg.rf.1a33b8853a9a2576d018e4c0657aa980.jpg,mold,wear,damage,damage,"label: wear
reason: The image shows visible signs of wear, such as discoloration and surface deterioration, which are indicative of aging or exposure to the elements."
mold2_28998_img8_jpeg.rf.a4577e1bd72a51f75662885c64aeeac1.jpg,mold,wear,damage,damage,"label: wear
reason: The image shows a wall with visible signs of wear, such as discoloration and surface deterioration. There are no visible cracks, mold, or asbestos-like material marks. The wall appears to be in a state of disrepair, which is indicative of"
mold2_29000_img2_jpg.rf.52ea173ad6b1f9bc11b2e6fb60aff84f.jpg,mold,no_damage,damage,not_damage,"label: no_damage
reason: The image shows a clean, white tiled floor with no visible damage, cracks, mold, wear, or asbestos."
mold2_29135_img1_jpeg.rf.79bb2a8ec224e94efec334280ae524a2.jpg,mold,mold,damage,damage,"label: mold
reason: Visible mold or mould on the ceiling."
mold2_29136_img1_jpg.rf.4bef6ce39b8e6f3ec30dd1a164ba47cb.jpg,mold,no_damage,damage,not_damage,"label: no_damage
reason: The image shows a clean, white wall with no visible damage, cracks, mold, wear, or asbestos."
mold2_29136_img2_jpg.rf.f07d516d8952581858691687c28a5fca.jpg,mold,wear,damage,damage,"label: wear
reason: The image shows a window frame with visible wear, including discoloration and paint wear. There are no cracks, mold, or asbestos visible in the image."
mold2_29301_img4_jpg.rf.3f09d57a9e70f20a7cd0e275c1593441.jpg,mold,wear,damage,damage,"label: wear
reason: The image shows a wall with visible dirt and stains, indicating wear and aging."
mold2_29348_img2_jpg.rf.5c736ed13aed575ba23da41f781aeb72.jpg,mold,no_damage,damage,not_damage,"label: no_damage
reason: The image shows a plain, white wall with a small, dark stain on the left side. This stain could be due to a variety of factors, such as water damage, mold, or simply dirt or paint wear. However, without further context or a closer inspection, it"
mold2_29348_img4_jpg.rf.2112fbfb22f8b8c4418096022a62c89f.jpg,mold,wear,damage,damage,"label: wear
reason: The image shows a green wall with visible stains and discoloration, which indicates wear."
mold2_29522_img12_jpeg.rf.1360123f66748eefcdee361a115a644c.jpg,mold,no_damage,damage,not_damage,"label: no_damage
reason: The image shows a carpeted floor with a white baseboard and a white wall. There are no visible signs of damage, cracks, mold, wear, or asbestos. The floor appears to be in good condition, and the wall and baseboard are clean and"
mold2_29522_img5_jpeg.rf.f2eb8076edc49105ce0438c10ed37ad1.jpg,mold,wear,damage,damage,"label: wear
reason: The image shows a wall with visible dirt and stains, which indicates wear and tear."
mold2_29710_img3_jpg.rf.c90f94bb581d7ce28d2d13fdab6b596c.jpg,mold,wear,damage,damage,"label: wear
reason: The image shows a window with a visible stain on the wall above it, which indicates wear."
mold2_29758_img10_jpeg.rf.e8bc530de2911727712eba427073a6ca.jpg,mold,no_damage,damage,not_damage,"label: no_damage
reason: No visible inspection-relevant issues are present in the image."
mold2_29763_img1_jpeg.rf.894ff05f89e6ea3405da3f485946b5d2.jpg,mold,wear,damage,damage,"label: wear
reason: The image shows a wall with visible signs of wear, such as discoloration and surface deterioration."
mold2_29797_img1_jpeg.rf.d4542a2d9599a5ba4387832c3944da0f.jpg,mold,wear,damage,damage,"label: wear
reason: The image shows a wall with a floral pattern, and there is visible wear and discoloration on the wallpaper."
mold2_29797_img2_jpeg.rf.f9ab08290e748ad0a08788582c862315.jpg,mold,wear,damage,damage,"label: wear
reason: The image shows a ceiling with visible stains and discoloration, which is indicative of wear."
mold2_29993_img2_jpg.rf.ab5e11deaac1924d2e90a7ab72f06576.jpg,mold,wear,damage,damage,"label: wear
reason: The image shows a window sill with visible dirt and grime, indicating wear and aging."
mold2_30084_img3_jpeg.rf.911debe143550097e2fbb311e0edc64b.jpg,mold,no_damage,damage,not_damage,"label: no_damage
reason: The image shows a wall with various pictures and posters on it, but there is no visible damage, crack, mold, wear, or asbestos-like material marks. The wall appears to be in good condition."
mold2_30084_img4_jpeg.rf.7f4b949b741cefbe6c64b2926704126c.jpg,mold,no_damage,damage,not_damage,"label: no_damage
reason: The image shows a carpeted floor with a white wall in the background. There are no visible signs of damage, cracks, mold, wear, or asbestos. The floor appears to be in good condition, and the wall is clean and undamaged."
mold2_30119_img6_jpg.rf.e8067d49018bcc7c300ef0b849907de4.jpg,mold,mold,damage,damage,"label: mold
reason: The image shows visible mold or mould on the ceiling."
mold2_30393_img3_jpg.rf.5626244171116960f60f959108bbc66f.jpg,mold,no_damage,damage,not_damage,"label: no_damage
reason: The image shows a window with a view of the outside, including a street and a car. There are no visible signs of damage, crack, mold, wear, or asbestos in the image."
mold2_30690_img1_jpeg.rf.cfb9da6142baa151a3047419b3d26b11.jpg,mold,mold,damage,damage,"label: mold
reason: visible mold or mould on the wall."
mold2_30690_img3_jpeg.rf.0fd945b8055a2c89d0b73ca22f4f9491.jpg,mold,wear,damage,damage,"label: wear
reason: The image shows a shower head with visible wear and discoloration, indicating that the shower head has been used for a long time and may require replacement."
mold2_30991_img2_jpg.rf.81f62e50ad8e24bb2be1a3f9c4a0b76f.jpg,mold,wear,damage,damage,"label: wear
reason: The image shows a dirty and stained wall, which indicates wear and tear."
mold2_31579_img3_jpg.rf.590ab1d8333a3527e2aedc2257c7ba58.jpg,mold,wear,damage,damage,"label: wear
reason: The image shows a wall with visible dirt and grime, which indicates wear and tear. There are no other inspection-relevant issues such as cracks, mold, or asbestos visible in the image."
mold2_31996_img2_jpg.rf.3107c3a91e47fa8f45f6f88197a5edb4.jpg,mold,wear,damage,damage,"label: wear
reason: The image shows a tile floor with visible dirt and stains, indicating wear and aging."
mold2_31996_img4_jpg.rf.7c5dcbcd737e3d75fe97c5ed46423091.jpg,mold,wear,damage,damage,"label: wear
reason: The image shows a dirty and discolored wall, which indicates wear and tear. There are no visible cracks, mold, or asbestos-like material marks, and no other inspection-relevant issues are visible."
mold2_32573_img1_jpeg.rf.844e3c1131ec0759fa5a49646311c916.jpg,mold,no_damage,damage,not_damage,"label: no_damage
reason: The image shows a plain, light-colored wall with no visible damage, cracks, mold, wear, or asbestos."
mold2_32751_img2_jpeg.rf.b53422e74939f64122bc2d3952533aab.jpg,mold,wear,damage,damage,"label: wear
reason: The image shows discoloration and stains on the ceiling, which are indicative of wear."
mold2_33941_img2_png.rf.4a219f574615a6afb5b8fbcb52f68bc9.jpg,mold,no_damage,damage,not_damage,"label: no_damage
reason: The image shows a wall with a curtain hanging on it. There are no visible signs of damage, crack, mold, wear, or asbestos. The wall appears to be in good condition."
mold2_34475_img7_jpg.rf.ddac0383c8e3718c9c4628100f78e6e3.jpg,mold,no_damage,damage,not_damage,"label: no_damage
reason: The image shows a plain white wall with no visible damage, cracks, mold, wear, or asbestos."
mold2_34915_img5_jpg.rf.926fb93ab46b1dee30d62845a7f99c5d.jpg,mold,wear,damage,damage,"label: wear
reason: The image shows a white wall with visible dirt and stains, indicating wear and aging."
mold2_34915_img7_jpg.rf.e1e4b055330d6bc6621a60928c587b67.jpg,mold,no_damage,damage,not_damage,"label: no_damage
reason: The image shows a plain white wall with no visible damage, cracks, mold, wear, or asbestos."
mold2_35464_img1_jpg.rf.a5607746dea2b51b0d69fedcab0fe52f.jpg,mold,no_damage,damage,not_damage,"label: no_damage
reason: The image shows a plain white wall with a corner where the wall meets the floor. There are no visible signs of damage, cracks, mold, wear, or asbestos. The floor appears to be a light-colored carpet, and there is a red bag on"
mold2_36218_img1_jpg.rf.77988053c8c6d0958f4c8c9d49964757.jpg,mold,wear,damage,damage,"label: wear
reason: The image shows a wall with visible stains and discoloration, which is indicative of wear."
mold2_37230_img6_jpg.rf.1d8bb18b04b31ea9b3b42624a25c5806.jpg,mold,no_damage,damage,not_damage,"label: no_damage
reason: The image shows a plain, white wall with a pink garment hanging on a rod. There are no visible signs of damage, cracks, mold, wear, or asbestos."
mold2_37230_img8_jpg.rf.64612cdf8edce112318f458b9fffa3cf.jpg,mold,wear,damage,damage,"label: wear
reason: The image shows a white wall with a visible line of discoloration, which indicates wear."
mold2_37230_img9_jpg.rf.110ae77be4b3cc85e76d79f86d2c1c7a.jpg,mold,no_damage,damage,not_damage,"label: no_damage
reason: The image shows a plain white wall with no visible damage, cracks, mold, wear, or asbestos."
mold2_37325_img2_jpg.rf.47eb54892ab02679ea9e460ec500c8aa.jpg,mold,no_damage,damage,not_damage,"label: no_damage
reason: The image shows a window with a view of the outside, and there is no visible damage, crack, mold, wear, or asbestos-like material marks. The window appears to be in good condition."
mold2_37325_img3_jpg.rf.e8ce978826369212039d0c8330bf095b.jpg,mold,wear,damage,damage,"label: wear
reason: The image shows a carpeted floor with visible wear and discoloration, indicating that the floor has been used for a significant amount of time and has experienced some level of wear and tear."
mold2_37325_img4_jpg.rf.75eed00f6a175398bc0a79fa72304cfa.jpg,mold,no_damage,damage,not_damage,"label: no_damage
reason: The image shows a window sill with no visible damage, cracks, mold, wear, or asbestos. The window appears to be in good condition."
mold2_37336_img10_jpg.rf.373f515caeeefb7c1071fa1d07cea942.jpg,mold,wear,damage,damage,"label: wear
reason: The image shows a wall with visible dirt and stains, indicating wear and tear."
mold2_37336_img15_jpg.rf.6281370e3b93e6f401ef690da7b3bad9.jpg,mold,mold,damage,damage,"label: mold
reason: The image shows visible mold or mould on the surface."
mold2_37336_img8_jpg.rf.432a104ae0b987f9b7a8424e65940b28.jpg,mold,wear,damage,damage,"label: wear
reason: The image shows a wall with visible stains and discoloration, which indicates wear and tear."
mold2_37338_img2_jpg.rf.a1b9dc2b62292b42fda8dae334e83ced.jpg,mold,wear,damage,damage,"label: wear
reason: The image shows a wooden floor with visible signs of wear, such as discoloration and surface deterioration."
mold2_37893_img3_jpg.rf.bdbf11bed680469bc5a067512538b0f8.jpg,mold,no_damage,damage,not_damage,"label: no_damage
reason: The image shows a clean, white wall with no visible damage, cracks, mold, wear, or asbestos."
mold2_37941_img6_jpg.rf.2dfc77a195f3e032c1bfae1ce11cf177.jpg,mold,no_damage,damage,not_damage,"label: no_damage
reason: The image shows a plain white wall with a window covered by a striped curtain. There are no visible signs of damage, crack, mold, wear, or asbestos."
mold2_38054_img2_jpeg.rf.3919aa930b9f977fd139255da86e2f1b.jpg,mold,wear,damage,damage,"label: wear
reason: The image shows a dirty and stained floor, which indicates wear and tear."
mold2_38349_img5_jpg.rf.c56583de62af9bb27bceee6dbbd5f6bc.jpg,mold,no_damage,damage,not_damage,"label: no_damage
reason: The image shows a bathroom with a white tiled wall and a window. There are no visible signs of damage, cracks, mold, wear, or asbestos. The window appears to be in good condition, and the tiled wall looks clean and undamaged"
mold2_38488_img1_jpeg.rf.ca4d2088109680dcb428b9d2244a2827.jpg,mold,wear,damage,damage,"label: wear
reason: The image shows a wall with visible signs of wear, such as discoloration and surface deterioration."
mold2_38488_img6_jpeg.rf.14b59a54fc36e947481448e15be27873.jpg,mold,wear,damage,damage,"label: wear
reason: The image shows a white wall with visible signs of wear, such as discoloration and surface deterioration."
mold2_38627_img17_jpeg.rf.f59fcd368bb307c4a90d1bb1f228f280.jpg,mold,no_damage,damage,not_damage,"label: no_damage
reason: The image shows a corner of a room with a carpeted floor, a white wall, and a portion of a white radiator. There are no visible signs of damage, cracks, mold, wear, or asbestos. The image appears to be taken from a"
mold2_38627_img28_jpeg.rf.d36bf3fd9fd38efca4ee901b8c246f5d.jpg,mold,wear,damage,damage,"label: wear
reason: The image shows a wall with visible discoloration and paint wear, which indicates wear."
mold2_39072_img2_jpeg.rf.a30bfd9b3be8e2aae2b70a88cf2b627c.jpg,mold,no_damage,damage,not_damage,"label: no_damage
reason: The image shows a metal pan with a plastic bag on top, placed on a wooden surface. There are no visible signs of damage, crack, mold, wear, or asbestos in the image."
mold2_39141_img11_jpeg.rf.8591cfa7be2b2afb3cda2822e6010148.jpg,mold,no_damage,damage,not_damage,"label: no_damage
reason: The image shows a plain, white wall with no visible damage, cracks, mold, wear, or asbestos."
mold2_39205_img10_jpg.rf.9b0a0035e7fdbcd821f2f0ed85fa600a.jpg,mold,wear,damage,damage,"label: wear
reason: The image shows a wall with visible wear, such as discoloration and surface deterioration."
mold2_39205_img13_jpg.rf.c8ff46be3aa89b75df9dc3b7d4976089.jpg,mold,wear,damage,damage,"label: wear
reason: The image shows a surface with visible signs of wear, such as discoloration and surface deterioration, but no other inspection-relevant issues are visible."
mold2_39205_img14_jpg.rf.4159df87a6b38d7c209e069a16109d32.jpg,mold,wear,damage,damage,"label: wear
reason: The image shows two long, narrow, and dark-colored objects that appear to be window blinds or similar window coverings. They are positioned vertically and are partially obscured by the window frame. The blinds show signs of wear, such as discoloration and possible fray"
mold2_39341_img3_jpg.rf.85d8b127fec9166eac96627b9bfd8c31.jpg,mold,no_damage,damage,not_damage,"label: no_damage
reason: The image shows a plain, dark wall with no visible damage, cracks, mold, wear, or asbestos."
mold2_39551_img8_jpg.rf.d38ad0bff44f84c03a980b8287998bd1.jpg,mold,wear,damage,damage,"label: wear
reason: The image shows a carpeted floor with visible wear and discoloration, indicating that the floor has been used for a significant amount of time and has experienced some level of wear and tear."
mold2_40396_img5_jpg.rf.e92f215e38023ca08ef95f14c5090c97.jpg,mold,wear,damage,damage,"label: wear
reason: The image shows a white wall with visible stains and discoloration, which indicates wear."
mold2_40562_img6_jpeg.rf.7da1449b5813f694bdbdc1cdc467d706.jpg,mold,wear,damage,damage,"label: wear
reason: There is visible wear on the paint and surface of the wall, which is a common sign of aging or surface deterioration."
mold2_40569_img1_jpg.rf.f2a378d43e2be5ebb3e4f396385530d7.jpg,mold,wear,damage,damage,"label: wear
reason: The image shows visible discoloration and surface deterioration on the wall, which is indicative of wear."
mold2_40613_img3_jpg.rf.7fc4dac5a7f08e181600d950bcadf82c.jpg,mold,wear,damage,damage,"label: wear
reason: The image shows discoloration and stains on the wall, which are indicative of wear."
mold2_40613_img9_jpg.rf.cf37011de962d113195143fdb90f5625.jpg,mold,no_damage,damage,not_damage,"label: no_damage
reason: The image shows a ceiling with a visible crack, but no other inspection-relevant issues are visible."
mold2_40826_img2_jpeg.rf.46c17144795b6032f5c47abd34d2d76e.jpg,mold,wear,damage,damage,"label: wear
reason: The image shows a window sill with visible wear, including discoloration and possible paint wear. There are no cracks, mold, or asbestos visible in the image."
mold2_41875_img1_jpg.rf.314a9d65a55ddaf639182ed237a35929.jpg,mold,damage,damage,damage,"label: damage
reason: visible water damage on ceiling and wall."
mold2_42075_img3_jpg.rf.af637250dc64d14ab9510872c5891eeb.jpg,mold,no_damage,damage,not_damage,"label: no_damage
reason: The image shows a white wall with a red and white curtain, and there are no visible signs of damage, crack, mold, wear, or asbestos."
mold2_42113_img2_jpeg.rf.de98aac8a9631938a91e529396256017.jpg,mold,wear,damage,damage,"label: wear
reason: The image shows visible stains and discoloration on the ceiling, which is indicative of wear."
mold2_43693_img5_jpg.rf.1b7ef729052037afa4c519a683179428.jpg,mold,wear,damage,damage,"label: wear
reason: The image shows a ceiling with visible stains and discoloration, which is indicative of wear."
mold2_43693_img6_jpg.rf.7a8b03206df207876488d04faee42236.jpg,mold,wear,damage,damage,"label: wear
reason: The image shows a red wall with visible signs of wear, such as discoloration and paint wear. There are no cracks, mold, or asbestos visible in the image."
mold2_43879_img7_jpeg.rf.f09bbd33466d8fb9696d3a39ab94495c.jpg,mold,no_damage,damage,not_damage,"label: no_damage
reason: The image shows a room with a window, a poster on the wall, and a baseball bat leaning against the wall. There are no visible signs of damage, crack, mold, wear, or asbestos. The room appears to be in a state of disrepair"
mold2_44365_img1_jpg.rf.d9ddcc56b579256c549c774caf83ae06.jpg,mold,wear,damage,damage,"label: wear
reason: The image shows a wall with visible dirt and stains, which indicates wear and tear."
mold2_45582_img3_png.rf.5b3ac6422112a97382b1fe1b58033380.jpg,mold,no_damage,damage,not_damage,"label: no_damage
reason: The image shows a plain, unadorned wall with no visible damage, cracks, mold, wear, or asbestos."
mold2_52638_img3_jpeg.rf.f175dfa4a02bfc9b98d3c4dbb111a7d2.jpg,mold,wear,damage,damage,"label: wear
reason: The image shows a ceiling with visible discoloration and stains, which are indicative of wear and aging. There are no visible cracks, mold, or asbestos-like material marks, and no other inspection-relevant issues are visible."
mold2_53451_img8_jpg.rf.3e6caa0efa5710c203772d8481c3c62f.jpg,mold,wear,damage,damage,"label: wear
reason: The image shows a white wall with visible dirt and stains, indicating wear and aging of the surface."
mold2_54096_img2_jpg.rf.ad1003fda3232a1ccc2830514548450e.jpg,mold,wear,damage,damage,"label: wear
reason: The image shows a window sill with visible wear and aging, including discoloration and surface deterioration."
mold2_57068_img16_jpeg.rf.8c8a79edd1c15abf35301c069810a7cb.jpg,mold,wear,damage,damage,"label: wear
reason: The image shows a corner of a room with visible wear and discoloration on the wall, which is a sign of aging or surface deterioration."
mold2_60332_img17_jpg.rf.f6a25c4a1eef443a2c201b218b45b28e.jpg,mold,wear,damage,damage,"label: wear
reason: The image shows a wall with visible dirt and stains, which indicates wear and tear."
mold2_62422_img4_jpg.rf.0a14ae15da7fb2e9988e1281f633cf67.jpg,mold,no_damage,damage,not_damage,"label: no_damage
reason: The image shows a plain white wall with a visible crack at the corner, but no other signs of damage, mold, wear, or asbestos are visible."
mold2_62492_img13_jpeg.rf.a14ff51c0c71ce7613e36fa61708575a.jpg,mold,no_damage,damage,not_damage,"label: no_damage
reason: The image shows a white wall with a white baseboard, and there are no visible signs of damage, cracks, mold, wear, or asbestos. The surface appears to be in good condition."
mold2_62492_img3_jpeg.rf.c7075f0c7c4edd8d157a2a31c1be0441.jpg,mold,mold,damage,damage,"label: mold
reason: The image shows visible mold or mould on the wall."
mold2_66485_img14_jpeg.rf.ba5b8e102fdb07e1e2331bd2f2438a7d.jpg,mold,wear,damage,damage,"label: wear
reason: The image shows a dirty and stained floor mat, which indicates wear and tear."
mold2_66485_img15_jpeg.rf.91f9886d6b7e6c047701f872a906935a.jpg,mold,no_damage,damage,not_damage,"label: no_damage
reason: The image shows a view of a window with curtains, and there is no visible damage, crack, mold, wear, or asbestos-like material marks. The curtains appear to be in good condition, and the window frame looks intact."
mold2_73059_img6_jpeg.rf.7d2db7778d3938c43a46f6dd6c98bef7.jpg,mold,wear,damage,damage,"label: wear
reason: The image shows a wall with visible dirt and stains, indicating wear and aging of the surface."
mold2_78840_img11_jpeg.rf.da13c211bfad47f6ce815446c43fe874.jpg,mold,wear,damage,damage,"label: wear
reason: The image shows a corner of a wall with visible dirt and grime, indicating wear and aging."
mold2_79809_img1_jpeg.rf.3540a30edb03920d42b7da0bfc109d54.jpg,mold,no_damage,damage,not_damage,"label: no_damage
reason: The image shows a plain, white ceiling with a light fixture and a small, white object hanging from it. There are no visible signs of damage, cracks, mold, wear, or asbestos."
mold2_80133_img8_jpeg.rf.754b0c28ba7d229c3a6c408531948f81.jpg,mold,no_damage,damage,not_damage,"label: no_damage
reason: The image shows a ceiling with a white, textured surface. There are no visible cracks, mold, wear, or asbestos-like material marks. The ceiling appears to be in good condition."
mold2_82421_img4_jpeg.rf.3e4a2780cdf6943de7cbff744ddfda41.jpg,mold,wear,damage,damage,"label: wear
reason: The image shows a surface with visible discoloration and stains, which are indicative of wear."
mold2_83441_img3_jpeg.rf.8a5a9eb41b33f31b14ac884e50b2ddf3.jpg,mold,wear,damage,damage,"label: wear
reason: The image shows a corner of a room with visible wear and aging, such as discoloration and surface deterioration. There are no cracks, mold, or asbestos visible in the image."
mold2_83628_img4_jpg.rf.91325f1a203b8349634d0270d853c1a4.jpg,mold,wear,damage,damage,"label: wear
reason: The image shows a wall with visible signs of wear, such as discoloration and surface deterioration. There are no cracks, mold, or asbestos-like material marks visible in the image."
mold2_84317_img9_jpeg.rf.4db3e5f05624296c90421691136cf1a3.jpg,mold,wear,damage,damage,"label: wear
reason: The image shows a ceiling with visible stains and discoloration, which is indicative of wear and aging."
mold2_84363_img3_jpeg.rf.3f9c48232aa8b5ae815b77687189da32.jpg,mold,mold,damage,damage,"label: mold
reason: There are visible signs of mold on the ceiling."
mold2_85970_img10_jpg.rf.5373f156e48cac4fe12a85174b024ada.jpg,mold,no_damage,damage,not_damage,"label: no_damage
reason: The image shows a ceiling with a stain, but no other visible damage or issues."
mold2_85970_img2_jpg.rf.52557a3732c909d8e1a0ee9c15048cd3.jpg,mold,wear,damage,damage,"label: wear
reason: The image shows a ceiling with visible stains, which is indicative of wear."
mold2_85970_img5_jpg.rf.e61e6718d1a4e0996e74c5983ed8b39c.jpg,mold,no_damage,damage,not_damage,"label: no_damage
reason: The image shows a clean, white ceiling with no visible damage, cracks, mold, wear, or asbestos."
mold2_85970_img9_jpg.rf.9f9ee7287be0b3c07631dcf71693270c.jpg,mold,no_damage,damage,not_damage,"label: no_damage
reason: The image shows a white wall with a window, and there are no visible signs of damage, crack, mold, wear, or asbestos."
mold2_85978_img4_jpeg.rf.61e0f1a3464d8f636f615ef9514fc072.jpg,mold,wear,damage,damage,"label: wear
reason: The image shows a corner with a red wall and a white wall, and there is visible wear and discoloration on the red wall, which indicates aging or surface deterioration."
mold2_86384_img2_jpeg.rf.29f940a7f8f591be679af1f1a3d377fd.jpg,mold,wear,damage,damage,"label: wear
reason: The image shows a wall with visible wear, such as discoloration and surface deterioration."
mold2_86678_img2_png.rf.b1a713cb28deeea48981d01912ee62fd.jpg,mold,no_damage,damage,not_damage,"label: no_damage
reason: The image shows a carpeted floor with a black cord on it. There are no visible signs of damage, crack, mold, wear, or asbestos. The floor appears to be in good condition."
mold2_86678_img3_png.rf.fddfb0cb82f50b219f6acfd5db59007c.jpg,mold,no_damage,damage,not_damage,"label: no_damage
reason: The image shows a carpeted floor with a few visible items, but there is no visible damage, crack, mold, wear, or asbestos-like material marks. The carpet appears to be in good condition, and there are no signs of discoloration, paint"
mold2_87326_img9_jpg.rf.3b8c5dd9fc0274156ea24262e0c11eeb.jpg,mold,wear,damage,damage,"label: wear
reason: The image shows a wall with a visible crack and some discoloration, which indicates wear and tear."
mold2_87773_img4_jpg.rf.3d84febd37d106202f339f583bbc06fe.jpg,mold,wear,damage,damage,"label: wear
reason: The image shows a white ceiling with visible stains and discoloration, which indicates wear and tear."
mold2_87790_img1_jpeg.rf.776d5fa054bda25d78d24037c48732e4.jpg,mold,wear,damage,damage,"label: wear
reason: The image shows a wall with visible mold and discoloration, indicating wear and tear."
mold2_87790_img3_jpeg.rf.ccecd25c298ba2cae6094724790523ab.jpg,mold,wear,damage,damage,"label: wear
reason: The image shows a wall with visible stains and discoloration, which is indicative of wear."
mold2_87790_img4_jpeg.rf.c9fb2119bdf35998cf91e5b2903cbbe5.jpg,mold,wear,damage,damage,"label: wear
reason: The image shows a wall with visible dirt and stains, indicating wear and tear."
mold2_89312_img5_jpeg.rf.3dbe9e062cfb4626d6c4f4d18a4689fa.jpg,mold,no_damage,damage,not_damage,"label: no_damage
reason: The image shows a clean, unblemished corner of a room with a red wall and a white wall. There are no visible cracks, mold, wear, or asbestos-like material marks. The walls appear to be in good condition, and there is no"
mold2_89389_img1_jpg.rf.2a948f1bc852bb111fe2f6204229cf0d.jpg,mold,wear,damage,damage,"label: wear
reason: The image shows a wall with visible stains and discoloration, which is indicative of wear."
mold2_89390_img3_jpg.rf.c92f87fa37e4e1d2dfffb9298a4471bf.jpg,mold,wear,damage,damage,"label: wear
reason: The image shows a wall with visible dirt and stains, indicating wear and tear."
mold2_89422_img5_jpg.rf.52b025b36fed174f05fddb85c9a1bc6e.jpg,mold,no_damage,damage,not_damage,"label: no_damage
reason: The image shows a plain white wall with no visible damage, cracks, mold, wear, or asbestos."
mold2_89463_img1_jpg.rf.3ebf92f21323724596f1105e076ac5db.jpg,mold,mold,damage,damage,"label: mold
reason: Visible mold or mould on the ceiling."
mold2_89527_img8_jpg.rf.a7b58260f8038ae624d4de65ab68cfed.jpg,mold,wear,damage,damage,"label: wear
reason: The image shows visible discoloration and surface deterioration on the wall, which is indicative of wear."
mold2_89908_img2_jpeg.rf.ba0c07f6400f0ac513e8baa3bac0d9f4.jpg,mold,wear,damage,damage,"label: wear
reason: The image shows a wall with visible signs of wear, such as discoloration and surface deterioration."
mold2_89908_img4_jpeg.rf.edafe9c437621c505122ce9f08c96151.jpg,mold,wear,damage,damage,"label: wear
reason: The image shows a wall with visible dirt, stains, and discoloration, which indicates wear and tear. There are no visible cracks, mold, or asbestos-like material marks, and no other damage is apparent."
mold2_93046_img2_jpg.rf.d618ae5a540fb4170ac7b8053f6acaef.jpg,mold,mold,damage,damage,"label: mold
reason: The image shows visible mold or mould on the ceiling."
mold2_95814_img3_jpg.rf.e2edf48c8d202d1263b9ca44abe68223.jpg,mold,wear,damage,damage,"label: wear
reason: The image shows a wall with visible signs of wear, such as discoloration and stains, but no other inspection-relevant issues are visible."
mold2_96961_img15_jpg.rf.5a3b43d1884df4f6d0984353a14ca685.jpg,mold,wear,damage,damage,"label: wear
reason: The image shows a white wall with visible stains and discoloration, which indicates wear."
mold2_97094_img4_jpg.rf.d697529f5a04895fb728fc1c0de80052.jpg,mold,wear,damage,damage,"label: wear
reason: The image shows a window frame with visible wear, including discoloration and paint wear."
mold2_97464_img17_jpeg.rf.4836b1a459a7608ccddb97695be59c17.jpg,mold,wear,damage,damage,"label: wear
reason: The image shows a yellow wall with visible stains and discoloration, which indicates wear."
mold2_97464_img24_jpeg.rf.a9cea29885980af394ecea50c79b1ad2.jpg,mold,no_damage,damage,not_damage,"label: no_damage
reason: The image shows a clean, white wall with a window and a lamp. There are no visible signs of damage, crack, mold, wear, or asbestos."
mold2_98473_img1_jpg.rf.e0890b961db34301e4c8322905179ea0.jpg,mold,wear,damage,damage,"label: wear
reason: The image shows a corner of a room with visible dirt and stains on the wall, indicating wear and tear."
mold2_98473_img2_jpg.rf.79a7f5d16b375c5039a8e0fe06495a2d.jpg,mold,wear,damage,damage,"label: wear
reason: The image shows a wall with visible dirt and stains, indicating wear and aging."
mold2_KakaoTalk_20210813_160542586_02_jpg.rf.6a0e560c337f9c1a94f2a81d0e491e32.jpg,mold,mold,damage,damage,"label: mold
reason: There is visible mold on the wall."
mold2_KakaoTalk_20210813_160542586_04_jpg.rf.32ae6cf53bed000b1913043c14db12ec.jpg,mold,wear,damage,damage,"label: wear
reason: The image shows a wall with visible dirt and stains, which indicates wear and aging of the surface."
mold2_KakaoTalk_20210813_161017077_05_jpg.rf.3b9c18abbd046e72c4b047c3096b179c.jpg,mold,wear,damage,damage,"label: wear
reason: The image shows a wall with visible dirt and stains, which indicates wear and tear."
mold2_KakaoTalk_20210813_161017077_11_jpg.rf.9a4dd674ac91d44515769bbbcba2cea4.jpg,mold,mold,damage,damage,"label: mold
reason: The image shows visible mold or mould on the wall."
mold2_KakaoTalk_20210813_161017077_13_jpg.rf.6bd75058b2c2014a532b6e747df63a02.jpg,mold,wear,damage,damage,"label: wear
reason: The image shows a corner of a room with visible dirt and stains on the wall, which indicates wear and tear."
mold2_KakaoTalk_20210813_161523884_13_jpg.rf.ba26b6c57c8fdf6a5d4ba48ade394950.jpg,mold,wear,damage,damage,"label: wear
reason: The image shows a surface with visible discoloration, paint wear, stains, and aging, which are indicative of wear."
mold2_Vinyl_Siding035-DJFs_jpg.rf.27a2034dbf9fd1488643856b251212db.jpg,mold,wear,damage,damage,"label: wear
reason: The image shows a white siding with visible signs of wear, such as discoloration and surface deterioration. There are no visible cracks, mold, asbestos, or damage."
mold2__-103-_jpg.rf.a2f91cac8c7969695a7568dc8fefae6c.jpg,mold,mold,damage,damage,"label: mold
reason: visible mold or mould on the wall."
mold2__-104-_jpg.rf.c39c8922e2cf9edb7d24a55ad1048eae.jpg,mold,mold,damage,damage,"label: mold
reason: The image shows visible mold or mould on the wall."
mold2__-11-_jpg.rf.61054c8b444705982f5e025451ca594c.jpg,mold,mold,damage,damage,"label: mold
reason: The image shows visible mold or mould on the wall."
mold2__-12-_jpg.rf.5754dc9a5387fa8316f76a2d276a08ef.jpg,mold,no_damage,damage,not_damage,"label: no_damage
reason: The image shows a plain, light-colored wall with no visible damage, cracks, mold, wear, or asbestos."
mold2__-2-_jpg.rf.e1dda14e0dc12c952fba03144b43ba98.jpg,mold,wear,damage,damage,"label: wear
reason: The image shows discoloration and stains on the wall, which are indicative of wear."
mold2__-34-_jpg.rf.30586adc9e14007b61911ffbac32a0e7.jpg,mold,mold,damage,damage,"label: mold
reason: The image shows visible mold or mould on the wall."
mold2__-4-_jpeg.rf.4ea7ec332b1880cb664d976d1080ed41.jpg,mold,mold,damage,damage,"label: mold
reason: The image shows visible mold or mould on the ceiling."
mold2__-4-_png.rf.2bff55cd92377f661ced6af38c3ade3f.jpg,mold,mold,damage,damage,"label: mold
reason: The image shows visible mold or mould on the wall."
mold2__-43-_jpg.rf.8fe341d13f469b5c78cab1fc85a2a072.jpg,mold,wear,damage,damage,"label: wear
reason: The image shows discoloration, paint wear, stains, and surface deterioration, which are indicative of wear."
mold2__-49-_jpg.rf.949e0f34e5d67ff4cbb7f9cfe3b1607b.jpg,mold,wear,damage,damage,"label: wear
reason: The image shows a wall with visible dirt and stains, which indicates wear and tear."
mold2__-5-_jpeg.rf.1a507a8c28c310597dedd9a21f6bc358.jpg,mold,wear,damage,damage,"label: wear
reason: The image shows a wall with visible signs of wear, such as discoloration and surface deterioration, but no other inspection-relevant issues like damage, cracks, mold, or asbestos are visible."
mold2__-52-_jpg.rf.93dd00adb2928965df9e3407590dff8c.jpg,mold,mold,damage,damage,"label: mold
reason: The image shows visible mold or mould on the wall."
mold2__-55-_jpg.rf.9a67297ba86d76df7343e57dc8ebd9fe.jpg,mold,mold,damage,damage,"label: mold
reason: Visible mold growth on the wall."
mold2__-69-_jpg.rf.4b053b5c9131f29c95be5dc5fffb12b6.jpg,mold,mold,damage,damage,"label: mold
reason: There is visible mold or mould on the wall near the window."
mold2__-74-_jpg.rf.9feae0cb843b5099a2ab9db39ce2df32.jpg,mold,no_damage,damage,not_damage,"label: no_damage
reason: The image shows a plain, textured surface with no visible damage, cracks, mold, wear, or asbestos."
mold2__-77-_jpg.rf.94064c3c581370ee3b4874ce7b273e40.jpg,mold,mold,damage,damage,"label: mold
reason: The image shows visible mold or mould on the wall."
mold2__-8-_jpg.rf.14544d184d048a5b7168c3e35ebc9877.jpg,mold,wear,damage,damage,"label: wear
reason: The image shows a person wearing gloves and cleaning a wall with a sponge. The wall appears to be dirty and stained, which indicates wear and tear. There are no visible cracks, mold, or asbestos in the image."
mold2__-83-_jpg.rf.d589c00dcc061918eb0662515acb08ca.jpg,mold,mold,damage,damage,"label: mold
reason: visible mold or mould on the wall."
mold2_images-1-_jpg.rf.c3f0425ec96c32251f66f4d135f6fb9d.jpg,mold,wear,damage,damage,"label: wear
reason: The image shows a surface with visible dirt, stains, and discoloration, which indicates wear and tear."
mold2_images-2-_jpg.rf.ac4fc0cd9757a2e4043c66b698e4f4d3.jpg,mold,no_damage,damage,not_damage,"label: no_damage
reason: The image shows a close-up of a surface that appears to be a wall or ceiling with a textured finish. There are no visible signs of damage, cracks, mold, wear, or asbestos. The surface looks clean and well-maintained."
mold2_mold-001_jpg.rf.e7c72655f165f2bf0ca1796ab7071a83.jpg,mold,mold,damage,damage,"label: mold
reason: There is visible mold or mould on the wall."
mold_-_jpg.rf.1b8659c28adb74c42c5791698b567ebc.jpg,wear,wear,damage,damage,"label: wear
reason: The image shows discoloration and stains on the wall, which are indicative of wear."
mold_14-image_jpg.rf.d30cff841a313fc217eceaabd564a2fb.jpg,wear,mold,damage,damage,"label: mold
reason: The image shows visible mold or mould on the wall, which is a concern for health and hygiene."
mold_17-mold-in-the-home_jpg.rf.e16a159e22c89250b1841b31b59394d9.jpg,wear,mold,damage,damage,"label: mold
reason: There is visible mold or mould on the wall."
mold_KakaoTalk_20210813_161523884_01_jpg.rf.07ae4807f9dba8c3f213e844121cb853.jpg,wear,wear,damage,damage,"label: wear
reason: The image shows a wall with visible signs of wear, such as discoloration and surface deterioration, but no other inspection-relevant issues like damage, cracks, mold, or asbestos are visible."
mold__-1-_jpeg.rf.54e0074ca81f958e954f0bb23ebb36d5.jpg,wear,mold,damage,damage,"label: mold
reason: The image shows visible mold or mould on the wall, which is an inspection-relevant issue."
mold__-1-_png.rf.0bf556573c8b16e5bafd43120de203af.jpg,wear,mold,damage,damage,"label: mold
reason: The image shows visible mold or mould on the wall."
mold__-104-_jpg.rf.01d1e9eead4c6e0fa507aec742673011.jpg,wear,mold,damage,damage,"label: mold
reason: The image shows visible mold or mould on the wall."
mold__-12-_jpg.rf.c3f47af6b72592e6b3ede292f8d732a0.jpg,wear,no_damage,damage,not_damage,"label: no_damage
reason: The image shows a plain, light-colored wall with no visible damage, cracks, mold, wear, or asbestos."
mold__-3-_jpeg.rf.a3d103e874b14eef33014c59ad2dd8e8.jpg,wear,wear,damage,damage,"label: wear
reason: The image shows a discolored and stained area on a wall, which is indicative of wear and aging."
mold__-4-_jpg.rf.1d682a099bcab85c7b77fad3db20f3f7.jpg,wear,wear,damage,damage,"label: wear
reason: The image shows a wall with visible signs of wear, such as discoloration and surface deterioration, but no other inspection-relevant issues like damage, cracks, mold, or asbestos are visible."
mold__-40-_jpg.rf.2da35b431c08094bd5f2eaf4d4feb56c.jpg,wear,mold,damage,damage,"label: mold
reason: The image shows visible mold or mould on the wall."
mold__-42-_jpg.rf.6b7a7207662038877d4c23f7b6b2b73c.jpg,wear,mold,damage,damage,"label: mold
reason: The image shows visible mold or mould on the wall, which is a concern for indoor air quality and health."
mold__-49-_jpg.rf.046b941201cda7c70f16a924513af13e.jpg,wear,wear,damage,damage,"label: wear
reason: The image shows a wall with visible dirt and stains, which indicates wear."
mold__-53-_jpg.rf.6eff4776913255a9653b939a1f5617d9.jpg,wear,wear,damage,damage,"label: wear
reason: The image shows discoloration and stains on the wall, which are indicative of wear."
mold__-59-_jpg.rf.6ed128709934d9fda3318d96be26cdd1.jpg,wear,wear,damage,damage,"label: wear
reason: The image shows discoloration and stains on the wall, which are indicative of wear."
mold__-68-_jpg.rf.ad34417e6be42d88e8eb2e3663a63edd.jpg,wear,wear,damage,damage,"label: wear
reason: The image shows discoloration and stains on the wall, which are indicative of wear."
mold__-71-_jpg.rf.fde2e0bf3dc43c9b0ad49c1408db23d9.jpg,wear,mold,damage,damage,"label: mold
reason: The image shows visible mold or mould on the wall."
mold__-85-_jpg.rf.2863e3bf400c0a26a586b030af87aed4.jpg,wear,wear,damage,damage,"label: wear
reason: The image shows discoloration and paint wear on the wall, which is indicative of wear."
mold__-9-_jpg.rf.4904d5f3c6219958f49c6579d13172da.jpg,wear,mold,damage,damage,"label: mold
reason: The image shows visible mold or mould on the wall."
mold_wall_mould_108_jpeg.rf.a8a748cc090a9c5c5630663fc539807e.jpg,wear,mold,damage,damage,"label: mold
reason: The image shows visible mold or mould on the wall."
mold_wall_mould_130_jpeg.rf.3e91d5f699c70f17eb86abf8565f7011.jpg,wear,wear,damage,damage,"label: wear
reason: The image shows a corner of a wall with visible dirt and discoloration, which indicates wear."
mold_wall_mould_139_jpeg.rf.ce329ab259f5da6c2647220f51335b2c.jpg,mold,wear,damage,damage,"label: wear
reason: The image shows a wall with visible signs of wear, such as discoloration and surface deterioration."
mold_wall_mould_148_jpeg.rf.d15dfeffd39ce5c30e72a9dd1e52fdba.jpg,wear,wear,damage,damage,"label: wear
reason: The image shows a corner of a wall with visible dirt and discoloration, which indicates wear."
mold_wall_mould_14_jpeg.rf.3553a77863ad6c72b60f2421507ca001.jpg,wear,mold,damage,damage,"label: mold
reason: There is visible mold growth on the wall near the window."
mold_wall_mould_183_jpeg.rf.482908be8482bacfaf2bba51dd62f351.jpg,wear,wear,damage,damage,"label: wear
reason: The image shows a wall with visible signs of wear, such as discoloration and stains, which are indicative of aging or surface deterioration."
mold_wall_mould_190_jpeg.rf.d1e7db18a49db9e520db6965515b06b3.jpg,wear,wear,damage,damage,"label: wear
reason: The image shows a white wall with visible stains and discoloration, which indicates wear."
mold_wall_mould_199_jpeg.rf.1244c17e141f5bbd0722e2dcdd80d672.jpg,wear,mold,damage,damage,"label: mold
reason: There is visible mold or mould on the wall."
mold_wall_mould_203_jpeg.rf.7cdb6bb1b1f774af04c9a471471ef72e.jpg,wear,wear,damage,damage,"label: wear
reason: The image shows discoloration and stains on the wall, which are indicative of wear."
mold_wall_mould_6_jpeg.rf.fe6042de8e9dc95770a18f85882a1cd0.jpg,wear,wear,damage,damage,"label: wear
reason: The image shows a wall with visible signs of wear, such as discoloration and stains, which are indicative of aging or surface deterioration."
paint_11_jpg.rf.db8bc22ed69f2e63a120ae8bc5599e68.jpg,wear,wear,damage,damage,"label: wear
reason: The image shows a surface with visible signs of wear, such as discoloration and surface deterioration, but no other inspection-relevant issues like damage, cracks, mold, or asbestos are visible."
paint_20_jpg.rf.c4bb80b24b5a1215c79bcb2b49055d4c.jpg,wear,no_damage,damage,not_damage,"label: no_damage
reason: The image shows a section of a wall with a visible crack, but no other signs of damage, mold, wear, or asbestos are present."
paint_23_jpg.rf.6cbd862d96c68998a1839c35b0b84f46.jpg,wear,wear,damage,damage,"label: wear
reason: The image shows a surface with visible signs of wear, such as discoloration and surface deterioration, which is consistent with the wear label."
paint_40_jpg.rf.41a74fc027c94a47d35fb0b58f8563c8.jpg,wear,no_damage,damage,not_damage,"label: no_damage
reason: The image shows a smooth, even surface with no visible damage, cracks, mold, wear, or asbestos-like material marks."
paint_42_jpg.rf.5c9176012b46ace66dbc091869f83cbc.jpg,wear,no_damage,damage,not_damage,"label: no_damage
reason: The image shows a close-up of a wall with a small hole, but there are no visible cracks, mold, wear, or asbestos-like material marks. The hole appears to be the only issue present in the image."
paint_56_jpg.rf.e04aab8b13e024f71384f59a66cbf8b8.jpg,wear,no_damage,damage,not_damage,"label: no_damage
reason: The image shows a close-up of a white surface, possibly a ceiling or wall, with no visible damage, cracks, mold, wear, or asbestos. The surface appears to be in good condition."
paint_5_jpg.rf.f2d1e94f8277224d818259898e570943.jpg,wear,no_damage,damage,not_damage,"label: no_damage
reason: The image shows a smooth, unblemished surface with no visible damage, cracks, mold, wear, or asbestos-like material marks."
paint_63_jpg.rf.d43ed97e3d0e14e03297de2740140819.jpg,wear,no_damage,damage,not_damage,"label: no_damage
reason: The image shows a close-up of a white surface with a few small spots, but there is no visible damage, crack, mold, wear, or asbestos. The surface appears to be in good condition."
paint_7_jpg.rf.ee4c235a563f7035b00ffc42122d85cf.jpg,wear,wear,damage,damage,"label: wear
reason: The image shows a surface with visible wear, such as discoloration and surface deterioration, which is consistent with the wear label."
paint_8_jpg.rf.b5b4bf9aaa52ddd974a0f63e7175a018.jpg,wear,no_damage,damage,not_damage,"label: no_damage
reason: The image shows a smooth, unblemished surface with no visible damage, cracks, mold, wear, or asbestos-like material marks."
surface_damage_DJI_0026_03_03_png.rf.ae0c7538c2a3769ecd5bc0ee0ce7c1ac.jpg,no_damage,no_damage,not_damage,not_damage,"label: no_damage
reason: The image shows a close-up of a white structure, possibly a part of a building or a piece of equipment, with no visible damage, cracks, mold, wear, or asbestos. The surface appears to be in good condition, and there are no signs"
surface_damage_DJI_0028_03_04_png.rf.865aa3623570d4226c0876f469f89afe.jpg,no_damage,no_damage,not_damage,not_damage,"label: no_damage
reason: The image shows a close-up of a white surface with some visible wear, but no other inspection-relevant issues such as damage, cracks, mold, or asbestos are visible."
surface_damage_DJI_0029_03_05_png.rf.4132a6fdfde5d3dc28004ba08ae85ff3.jpg,no_damage,no_damage,not_damage,not_damage,"label: no_damage
reason: The image shows a close-up of a white pipe or structure, and there are no visible signs of damage, crack, mold, wear, or asbestos. The surface appears smooth and undamaged."
surface_damage_DJI_0029_08_04_png.rf.8280e102c400303899cd4d7ef1cf14ad.jpg,damage,no_damage,damage,not_damage,"label: no_damage
reason: The image shows a close-up of a green grassy area with a white pole, but there are no visible signs of damage, crack, mold, wear, or asbestos."
surface_damage_DJI_0030_03_04_png.rf.fe2203b0ed32654029331553c1a1bbd9.jpg,no_damage,no_damage,not_damage,not_damage,"label: no_damage
reason: The image shows a close-up of a white structure, possibly a part of a building or a piece of equipment, with no visible damage, cracks, mold, wear, or asbestos. The surface appears to be in good condition, and there are no signs"
surface_damage_DJI_0032_03_04_png.rf.91435cba0c226cedbf5915932251ad68.jpg,no_damage,no_damage,not_damage,not_damage,"label: no_damage
reason: The image shows a close-up of a white surface with some visible stains or marks, but no other inspection-relevant issues such as cracks, mold, wear, or asbestos are visible."
surface_damage_DJI_0032_05_05_png.rf.daae4a47d7d97af381d56c9099157a58.jpg,damage,no_damage,damage,not_damage,"label: no_damage
reason: The image shows a clear view of a wind turbine blade against a grassy background, with no visible signs of damage, crack, mold, wear, or asbestos."
surface_damage_DJI_0033_03_05_png.rf.d536b7457133ede1fc50de6361a14ee6.jpg,no_damage,no_damage,not_damage,not_damage,"label: no_damage
reason: The image shows a close-up of a white object, possibly a part of a building or structure, with no visible damage, cracks, mold, wear, or asbestos. The surface appears smooth and there are no signs of discoloration or aging."
surface_damage_DJI_0033_04_04_png.rf.bdcec99dcd89ad75989dcebc0e1af1e7.jpg,damage,no_damage,damage,not_damage,"label: no_damage
reason: The image shows a close-up of a cylindrical object with a smooth surface, and there are no visible signs of damage, cracks, mold, wear, or asbestos."
surface_damage_DJI_0033_04_04_png.rf.f9ee6b86a45db2c7ba13cb8f116759bb.jpg,damage,no_damage,damage,not_damage,"label: no_damage
reason: The image shows a dark, possibly nighttime, background with a vertical object that could be a pole or a similar structure. There are no visible signs of damage, cracks, mold, wear, or asbestos. The image does not provide enough information to make a"
surface_damage_DJI_0034_01_05_png.rf.9bdee57549e223b9b3fb27724f71db30.jpg,damage,no_damage,damage,not_damage,"label: no_damage
reason: The image shows a clear view of a structure, possibly a building or a monument, with no visible damage, cracks, mold, wear, or asbestos-like material marks. The surface appears to be in good condition, and there are no signs of discolor"
surface_damage_DJI_0034_04_04_png.rf.95f1a394829f654bfe12f27636c34fd5.jpg,damage,no_damage,damage,not_damage,"label: no_damage
reason: The image shows a close-up of a surface that appears to be a metal pole or structure, with a greenish-brown surface that could be grass or vegetation. There are no visible cracks, mold, wear, or asbestos-like material marks"
surface_damage_DJI_0036_03_05_png.rf.83bdbfcab85730332f207440a52334ae.jpg,no_damage,no_damage,not_damage,not_damage,"label: no_damage
reason: The image shows a section of a white structure with the word ""ORDTANK"" visible, but there are no signs of damage, cracks, mold, wear, or asbestos. The surface appears to be in good condition."
surface_damage_DJI_0036_04_05_png.rf.535cd9715b59b2b7cee1ce54858df06f.jpg,damage,no_damage,damage,not_damage,"label: no_damage
reason: The image shows a close-up of a white surface with a shadow, but there are no visible signs of damage, crack, mold, wear, or asbestos."
surface_damage_DJI_0037_04_06_png.rf.d5fa13bf35faaa4ef402fc9a4edcef17.jpg,no_damage,no_damage,not_damage,not_damage,"label: no_damage
reason: The image shows a close-up of a pipe, and there is no visible damage, crack, mold, wear, or asbestos-like material marks. The pipe appears to be in good condition."
surface_damage_DJI_0037_06_04_png.rf.2f6a5ae0cfcbd3c035beabe960a101d5.jpg,damage,no_damage,damage,not_damage,"label: no_damage
reason: The image shows a close-up of a white surface with a straight edge, and there are no visible signs of damage, cracks, mold, wear, or asbestos."
surface_damage_DJI_0038_03_05_png.rf.0bb1e4ff577023e94acacb3bb34fbd1f.jpg,no_damage,no_damage,not_damage,not_damage,"label: no_damage
reason: The image shows a roof with no visible damage, cracks, mold, wear, or asbestos. The surface appears to be in good condition."
surface_damage_DJI_0038_04_06_png.rf.0b96deb994e454e311cedacb81afe353.jpg,no_damage,no_damage,not_damage,not_damage,"label: no_damage
reason: The image shows a close-up of a white structure, possibly a part of a building or a piece of machinery, with no visible damage, cracks, mold, wear, or asbestos. The surface appears to be in good condition, and there are no signs"
surface_damage_DJI_0039_04_04_png.rf.9a5fbb81b584104d731b034c5f92cb12.jpg,no_damage,no_damage,not_damage,not_damage,"label: no_damage
reason: The image shows a section of a building, possibly a water tower, with no visible damage, cracks, mold, wear, or asbestos. The surface appears to be in good condition, with no signs of distress or deterioration."
surface_damage_DJI_0040_05_05_png.rf.505c27586dccfa353b965853d955233a.jpg,no_damage,no_damage,not_damage,not_damage,"label: no_damage
reason: The image shows a close-up of a pipe or cylindrical object with a dark background, but there are no visible signs of damage, cracks, mold, wear, or asbestos. The image does not provide enough information to make a definitive assessment of"
surface_damage_DJI_0041_06_06_png.rf.de04e6bb0518af4a5fda443cc5c6e410.jpg,no_damage,no_damage,not_damage,not_damage,"label: no_damage
reason: The image shows a close-up of a pipe with a black stripe, but there are no visible signs of damage, crack, mold, wear, or asbestos. The pipe appears to be in good condition."
surface_damage_DJI_0042_05_06_png.rf.36f47f60c9df59fb1ba1a91124a8a507.jpg,no_damage,wear,not_damage,damage,"label: wear
reason: The image shows visible wear on the surface of the object, which could be due to age, exposure to the elements, or other factors that have caused the material to deteriorate or discolor."
surface_damage_DJI_0042_05_06_png.rf.77b350753a5d8f05877a7a750bd8c862.jpg,no_damage,no_damage,not_damage,not_damage,"label: no_damage
reason: The image shows a close-up of a white surface with no visible damage, cracks, mold, wear, or asbestos. The surface appears to be in good condition."
surface_damage_DJI_0042_05_06_png.rf.8823e69affcf529b775f56df481c3452.jpg,no_damage,no_damage,not_damage,not_damage,"label: no_damage
reason: The image shows a close-up of a white surface with no visible damage, cracks, mold, wear, or asbestos. The surface appears to be in good condition."
surface_damage_DJI_0044_05_07_png.rf.042651e73cd9383b6a2529f57c991044.jpg,no_damage,no_damage,not_damage,not_damage,"label: no_damage
reason: The image shows a section of a building, possibly a part of a roof or a wall, with no visible damage, cracks, mold, wear, or asbestos. The surface appears to be in good condition, and there are no signs of discoloration,"
surface_damage_DJI_0044_05_07_png.rf.66908a2599c749c8f39e3d92a16a46e5.jpg,no_damage,wear,not_damage,damage,"label: wear
reason: The image shows visible wear and discoloration on the surface of the object, which could be a sign of aging or surface deterioration."
surface_damage_DJI_0046_07_06_png.rf.80f61071f89a9ff85e72643a464a559c.jpg,no_damage,no_damage,not_damage,not_damage,"label: no_damage
reason: The image is too dark and lacks detail to accurately assess for any of the other issues."
surface_damage_DJI_0047_06_03_png.rf.630fff346fca8def401984bd1dffcbf4.jpg,no_damage,wear,not_damage,damage,"label: wear
reason: The image shows visible wear on the surface of the object, which could be due to aging, exposure to the elements, or other forms of surface deterioration."
surface_damage_DJI_0048_08_04_png.rf.c73d2f103afe8d57886bed7774241250.jpg,no_damage,no_damage,not_damage,not_damage,"label: no_damage
reason: The image shows a close-up of a white surface with a visible crack, but no other inspection-relevant issues such as damage, mold, wear, or asbestos are visible."
surface_damage_DJI_0050_08_03_png.rf.76679e87f346b9a67a622676def430a5.jpg,no_damage,no_damage,not_damage,not_damage,"label: no_damage
reason: The image shows a close-up of a white surface with no visible damage, cracks, mold, wear, or asbestos. The surface appears to be in good condition."
surface_damage_DJI_0186_04_07_png.rf.3d0d2c852d4220f46c47e6e06206d6b4.jpg,no_damage,no_damage,not_damage,not_damage,"label: no_damage
reason: The image shows a close-up of a white surface with a visible crack, but no other inspection-relevant issues such as damage, mold, wear, or asbestos are visible."
surface_damage_DJI_0187_02_07_png.rf.84b898c4b40d89354a99a11760fc14a7.jpg,no_damage,no_damage,not_damage,not_damage,"label: no_damage
reason: The image shows a white structure with no visible damage, cracks, mold, wear, or asbestos. The structure appears to be in good condition."
surface_damage_DJI_0187_02_09_png.rf.202ba933f59f1ecc8c93ac36f373ccb8.jpg,damage,no_damage,damage,not_damage,"label: no_damage
reason: The image shows a close-up of a surface with no visible damage, cracks, mold, wear, or asbestos. The surface appears to be in good condition."
surface_damage_DJI_0188_04_09_png.rf.693a5621c72b77e9323ccc15dd3f72d3.jpg,no_damage,no_damage,not_damage,not_damage,"label: no_damage
reason: The image shows a close-up of a white surface with no visible damage, cracks, mold, wear, or asbestos. The surface appears to be in good condition."
surface_damage_DJI_0199_02_09_png.rf.43a28780142fc0901a856f3679b77544.jpg,no_damage,no_damage,not_damage,not_damage,"label: no_damage
reason: The image shows a section of a white surface with the word ""TANK"" written on it, but there are no visible signs of damage, cracks, mold, wear, or asbestos. The surface appears to be in good condition."
surface_damage_DJI_0200_02_06_png.rf.c0113a65a13c10c273fb8365031b5077.jpg,no_damage,no_damage,not_damage,not_damage,"label: no_damage
reason: The image shows a section of a white surface with the word ""ORDTANK"" written on it. There are no visible signs of damage, cracks, mold, wear, or asbestos. The surface appears to be in good condition."
surface_damage_DJI_0200_03_06_png.rf.e48bc50e86a399ed2df795c7be3acbca.jpg,damage,no_damage,damage,not_damage,"label: no_damage
reason: The image shows a close-up of a white surface, possibly a wall or a piece of furniture, with no visible damage, cracks, mold, wear, or asbestos. The surface appears to be in good condition."
surface_damage_DJI_0201_03_05_png.rf.332cae46170c3d4c1fc37c5bb188c329.jpg,damage,no_damage,damage,not_damage,"label: no_damage
reason: The image shows a close-up of a white surface with a corner, but there are no visible signs of damage, crack, mold, wear, or asbestos. The surface appears to be in good condition."
surface_damage_DJI_0201_03_05_png.rf.86b0a926bb8e15fc19c2cc6a58f85027.jpg,damage,no_damage,damage,not_damage,"label: no_damage
reason: The image shows a close-up of a white surface with a visible seam or corner, but there are no signs of damage, cracks, mold, wear, or asbestos. The surface appears to be in good condition."
surface_damage_DJI_0202_02_04_png.rf.6b59c096822e8fb430648ba9b95ca769.jpg,no_damage,no_damage,not_damage,not_damage,"label: no_damage
reason: The image shows a section of a wall with the word ""ORDTANK"" written on it, but there are no visible signs of damage, cracks, mold, wear, or asbestos. The surface appears to be in good condition."
surface_damage_DJI_0202_02_04_png.rf.a1526eceebf0f208fa58fc5ef0f098e9.jpg,no_damage,no_damage,not_damage,not_damage,"label: no_damage
reason: The image shows a section of a wall with the word ""ORDTANK"" written on it, but there are no visible signs of damage, cracks, mold, wear, or asbestos. The surface appears to be in good condition."
surface_damage_DJI_0202_03_04_png.rf.8712454c0351cf340044a488c575e35d.jpg,damage,no_damage,damage,not_damage,"label: no_damage
reason: The image shows a pole with no visible damage, cracks, mold, wear, or asbestos-like material marks."
surface_damage_DJI_0202_03_04_png.rf.b087449c2cd797017d33172e68e5085f.jpg,damage,no_damage,damage,not_damage,"label: no_damage
reason: The image shows a close-up of a white pipe or cylindrical object with no visible damage, cracks, mold, wear, or asbestos. The surface appears smooth and there are no signs of discoloration or aging."
surface_damage_DJI_0203_02_05_png.rf.7a096ac8a8ce7fba4e94bda156461008.jpg,no_damage,no_damage,not_damage,not_damage,"label: no_damage
reason: The image shows a close-up of a white object, possibly a part of a vehicle or machinery, with no visible damage, cracks, mold, wear, or asbestos. The object appears to be in good condition, with no signs of deterioration or"
surface_damage_DJI_0203_03_04_png.rf.ca777449b22eb6e6a96c59af06b54ab4.jpg,damage,no_damage,damage,not_damage,"label: no_damage
reason: The image shows a close-up of a white structure, possibly a part of a building or a utility pole, with no visible damage, cracks, mold, wear, or asbestos. The structure appears to be in good condition."
surface_damage_DJI_0205_02_04_png.rf.a2a8a901a656d3cadf3b3e29b4958e51.jpg,no_damage,wear,not_damage,damage,"label: wear
reason: The image shows a white surface with visible stains and discoloration, which indicates wear."
surface_damage_DJI_0206_01_06_png.rf.f6ab0205636d814074fb24f947b60698.jpg,no_damage,no_damage,not_damage,not_damage,"label: no_damage
reason: The image shows a close-up of a white object, possibly a part of a building or structure, with no visible damage, cracks, mold, wear, or asbestos. The surface appears smooth and there are no signs of discoloration or paint wear."
surface_damage_DJI_0206_02_04_png.rf.719f41e75194dd099c32dd13734113d4.jpg,damage,no_damage,damage,not_damage,"label: no_damage
reason: The image shows a section of green grass with a white object above it, which appears to be a part of a structure or equipment. There are no visible signs of damage, crack, mold, wear, or asbestos in the image."
surface_damage_DJI_0206_03_05_png.rf.9d7afca7bbb46f4e3e9fe21ec7601a0f.jpg,damage,no_damage,damage,not_damage,"label: no_damage
reason: The image shows a close-up of a white surface with no visible damage, cracks, mold, wear, or asbestos. The surface appears to be in good condition."
surface_damage_DJI_0207_04_05_png.rf.f0f04be46df975aea5e056e1eecd0193.jpg,damage,no_damage,damage,not_damage,"label: no_damage
reason: The image shows a close-up of a white pole with a green background, and there are no visible signs of damage, crack, mold, wear, or asbestos. The pole appears to be in good condition."
surface_damage_DJI_0207_08_05_png.rf.5524a01fcce1a4410590c37d4fba4781.jpg,damage,no_damage,damage,not_damage,"label: no_damage
reason: The image shows a close-up of a white pole or pipe in a grassy area, and there is no visible damage, crack, mold, wear, or asbestos-like material marks. The pole appears to be in good condition."
surface_damage_DJI_0211_01_05_png.rf.1dc3c8d69f4a2312e5374dbc7f93a645.jpg,damage,no_damage,damage,not_damage,"label: no_damage
reason: The image shows a pole with a green background, and there are no visible signs of damage, crack, mold, wear, or asbestos."
surface_damage_DJI_0211_04_05_png.rf.8c6277b8644040c36582a24aa76498e3.jpg,damage,no_damage,damage,not_damage,"label: no_damage
reason: The image shows a close-up of a white pole with a green background, which appears to be a grassy area. There are no visible signs of damage, crack, mold, wear, or asbestos in the image."
surface_damage_DJI_0214_01_04_png.rf.17650d2c28f48364f033047f3e9b3969.jpg,damage,no_damage,damage,not_damage,"label: no_damage
reason: The image shows a close-up of a cylindrical object with a dark spot on its surface, but there are no visible signs of damage, cracks, mold, wear, or asbestos. The object appears to be in good condition."
surface_damage_DJI_0217_01_04_png.rf.4f5a67b73855c1dea9a15ef720496efc.jpg,no_damage,no_damage,not_damage,not_damage,"label: no_damage
reason: The image shows a clear, unobstructed view of a surface with no visible damage, cracks, mold, wear, or asbestos-like material marks."
surface_damage_DJI_0218_01_02_png.rf.702f3893d2c988f59cabeb62238a17c8.jpg,no_damage,wear,not_damage,damage,"label: wear
reason: The image shows visible discoloration and surface deterioration, which is indicative of wear."
surface_damage_DJI_0218_02_02_png.rf.1dff82966a2c76da239a6c2e36eba73e.jpg,no_damage,no_damage,not_damage,not_damage,"label: no_damage
reason: The image shows a close-up of a surface with a logo, but there are no visible signs of damage, crack, mold, wear, or asbestos. The surface appears to be in good condition."
surface_damage_DJI_0218_02_02_png.rf.3c4db2cf53eae12b3c7815ba1369b68e.jpg,no_damage,wear,not_damage,damage,"label: wear
reason: The image shows a visible stain on the surface of the object, which is indicative of wear."
surface_damage_DJI_0218_02_06_png.rf.ca84c76084f15bde08eec5df3b6beed2.jpg,no_damage,no_damage,not_damage,not_damage,"label: no_damage
reason: The image shows a close-up of a white surface with a small, dark spot, which could be a stain or a mark, but it does not show any visible damage, cracks, mold, wear, or asbestos."
surface_damage_DJI_0219_01_02_png.rf.541e06e329392b2cd43cc172ec3aeecb.jpg,no_damage,wear,not_damage,damage,"label: wear
reason: The image shows visible discoloration and surface deterioration, which is indicative of wear."
surface_damage_DJI_0219_01_02_png.rf.6ca8dc1cda9207e3d16622fd2cc63443.jpg,no_damage,wear,not_damage,damage,"label: wear
reason: The image shows visible discoloration and surface deterioration, which are indicative of wear."
surface_damage_DJI_0221_02_04_png.rf.3794d188361cbaa9d735b3dbf988bc31.jpg,no_damage,no_damage,not_damage,not_damage,"label: no_damage
reason: The image shows a close-up of a surface with no visible damage, cracks, mold, wear, or asbestos. The surface appears to be in good condition."
surface_damage_DJI_0221_02_04_png.rf.4645b227ab73f8d9d4ad755924ad8b22.jpg,no_damage,no_damage,not_damage,not_damage,"label: no_damage
reason: The image shows a section of a building's exterior with no visible damage, cracks, mold, wear, or asbestos. The surface appears to be in good condition."
surface_damage_DJI_0221_03_06_png.rf.f34bb3cbd269be3fa0724322a4945f18.jpg,no_damage,no_damage,not_damage,not_damage,"label: no_damage
reason: The image shows a close-up of a white surface with no visible damage, cracks, mold, wear, or asbestos. The surface appears to be in good condition."
surface_damage_DJI_0222_01_06_png.rf.25451c5d0656fde101389eb88642166d.jpg,damage,wear,damage,damage,"label: wear
reason: The image shows a surface with visible signs of wear, such as discoloration and surface deterioration."
surface_damage_DJI_0222_03_02_png.rf.6047151743328c7be8cbdbd5e70cfa62.jpg,damage,wear,damage,damage,"label: wear
reason: The image shows a surface with visible wear, such as discoloration or paint wear, which is a sign of aging or surface deterioration."
surface_damage_DJI_0223_01_07_png.rf.8a3cf72cb40e3764bf9ada3e6a6ba7c7.jpg,damage,no_damage,damage,not_damage,"label: no_damage
reason: The image shows a section of grass with a white object, which appears to be a piece of metal or a pipe, lying on top of it. There are no visible signs of damage, crack, mold, wear, or asbestos in the image."
surface_damage_DJI_0223_01_07_png.rf.8a6fea5eebc3d69d9e16e9ba6f8d982f.jpg,damage,no_damage,damage,not_damage,"label: no_damage
reason: The image shows a section of grass with a metal object, possibly a pipe or a piece of machinery, partially visible. There are no signs of damage, cracks, mold, wear, or asbestos in the visible area."
surface_damage_DJI_0223_02_06_png.rf.3c819af4bab23ce38436ffd772e5cf29.jpg,damage,wear,damage,damage,"label: wear
reason: The image shows a close-up of a surface with visible signs of wear, such as discoloration and surface deterioration."
surface_damage_DJI_0224_01_07_png.rf.fff31dbe6e356fe35554bd160defd4b6.jpg,damage,no_damage,damage,not_damage,"label: no_damage
reason: The image shows a section of green grass with a white object, possibly a pipe or a piece of metal, lying on top. There are no visible signs of damage, crack, mold, wear, or asbestos in the image."
surface_damage_DJI_0224_05_06_png.rf.de56c5d2d54c31584979b427e5a15fb4.jpg,no_damage,no_damage,not_damage,not_damage,"label: no_damage
reason: The image shows a close-up of a white cylindrical object, possibly part of a building or structure, with no visible damage, cracks, mold, wear, or asbestos. The surface appears smooth and there are no signs of discoloration or deter"
surface_damage_DJI_0225_03_05_png.rf.f92dceb233ed02556ec4af1dd9b5d8f0.jpg,damage,no_damage,damage,not_damage,"label: no_damage
reason: The image shows a close-up of a white object, possibly a part of a building or structure, with a green background that appears to be grass. There are no visible signs of damage, cracks, mold, wear, or asbestos in the image. The"
surface_damage_DJI_0225_04_01_png.rf.30d3986dbf3ef4b42d80a5a125cc5253.jpg,no_damage,no_damage,not_damage,not_damage,"label: no_damage
reason: The image shows a clear blue sky with no visible inspection-relevant issues."
surface_damage_DJI_0226_04_01_png.rf.9cc626f989967af68ff118d46242dc78.jpg,no_damage,no_damage,not_damage,not_damage,"label: no_damage
reason: The image shows a clear, unobstructed view of a surface with no visible damage, cracks, mold, wear, or asbestos-like material marks."
surface_damage_DJI_0226_04_03_png.rf.5dfad5c35df43b4df691c76dc59c82d5.jpg,no_damage,no_damage,not_damage,not_damage,"label: no_damage
reason: The image shows a plain, white surface with no visible damage, cracks, mold, wear, or asbestos-like material marks."
surface_damage_DJI_0226_04_05_png.rf.5315fbb99c85c5bc1afd26f8390fa749.jpg,no_damage,no_damage,not_damage,not_damage,"label: no_damage
reason: The image shows a close-up of a surface with no visible damage, cracks, mold, wear, or asbestos-like material marks. The surface appears to be in good condition."
surface_damage_DJI_0227_01_07_png.rf.3081a562e93591c96e9523d0fd8a3436.jpg,damage,no_damage,damage,not_damage,"label: no_damage
reason: The image shows a blurry, dark background with a white object that appears to be a pole or a similar vertical structure. There are no visible signs of damage, crack, mold, wear, or asbestos in the image."
surface_damage_DJI_0227_06_05_png.rf.65cdcf644c816d4793fcb08e7fcfe162.jpg,no_damage,no_damage,not_damage,not_damage,"label: no_damage
reason: The image shows a close-up of a white surface with no visible damage, cracks, mold, wear, or asbestos. The surface appears to be in good condition."
surface_damage_DJI_0228_02_07_png.rf.b4e13b3398f59526509c324d1b26c723.jpg,damage,no_damage,damage,not_damage,"label: no_damage
reason: The image shows a section of green grass with a white object, which appears to be a piece of metal or plastic, possibly a part of a lawn mower or a similar object. There are no visible signs of damage, crack, mold, wear, or asbestos"
surface_damage_DJI_0228_07_02_png.rf.a492e90c4868dff8d15e24190962e38b.jpg,no_damage,no_damage,not_damage,not_damage,"label: no_damage
reason: The image shows a close-up of a surface with no visible damage, cracks, mold, wear, or asbestos. The surface appears to be in good condition."
surface_damage_DJI_0228_08_02_png.rf.2acca128c8df710eef2dba516a2d5ca5.jpg,no_damage,no_damage,not_damage,not_damage,"label: no_damage
reason: The image shows a close-up of a surface with no visible damage, cracks, mold, wear, or asbestos. The surface appears to be in good condition."
surface_damage_DJI_0248_08_02_png.rf.33f61ceb5419b47d1d48c00435f88c44.jpg,no_damage,no_damage,not_damage,not_damage,"label: no_damage
reason: The image shows a close-up of a green grassy area with a white object, possibly a sign or a part of a structure, in the foreground. There are no visible signs of damage, crack, mold, wear, or asbestos in the image."
surface_damage_DJI_0248_08_02_png.rf.a0d8e373090898aa971b00da0c96db8d.jpg,no_damage,no_damage,not_damage,not_damage,"label: no_damage
reason: The image shows a close-up of a green grassy area with a white object, possibly a part of a vehicle or machinery, in the foreground. There are no visible signs of damage, crack, mold, wear, or asbestos in the image."
surface_damage_DJI_0249_02_07_png.rf.1915fae783a49aa0d45505f1eebf50b5.jpg,damage,no_damage,damage,not_damage,"label: no_damage
reason: The image shows a clear, unobstructed view of a surface with no visible damage, cracks, mold, wear, or asbestos-like material marks."
surface_damage_DJI_0249_07_01_png.rf.f36af064c51cfdb24b7851721b08f9ac.jpg,no_damage,no_damage,not_damage,not_damage,"label: no_damage
reason: The image shows a grassy area with no visible signs of damage, crack, mold, wear, or asbestos."
surface_damage_DJI_0250_07_01_png.rf.756d833c618d493db095c1a358ca57fd.jpg,no_damage,no_damage,not_damage,not_damage,"label: no_damage
reason: The image shows a close-up of a surface with no visible damage, cracks, mold, wear, or asbestos. The surface appears to be in good condition."
surface_damage_DJI_0250_07_02_png.rf.464a41e68ce217633e5d8f6ecb00434f.jpg,no_damage,no_damage,not_damage,not_damage,"label: no_damage
reason: The image shows a close-up of a white surface with some red stains, but there are no visible cracks, mold, wear, or asbestos-like material marks. The surface appears to be in good condition, and no inspection-relevant issues are"
surface_damage_DJI_0251_07_02_png.rf.8cdcaedb20d4b1f695b41415c0ac0e0f.jpg,no_damage,no_damage,not_damage,not_damage,"label: no_damage
reason: The image shows a white object with black lines, which appears to be a piece of equipment or a part of a structure. There are no visible signs of damage, cracks, mold, wear, or asbestos. The object looks clean and undamaged."
surface_damage_DJI_0251_08_02_png.rf.375c25bdedfbfb24054084557dfad3f4.jpg,no_damage,no_damage,not_damage,not_damage,"label: no_damage
reason: The image shows a close-up of a white surface with some text, but there are no visible signs of damage, cracks, mold, wear, or asbestos. The surface appears to be in good condition."
surface_damage_DJI_0252_07_02_png.rf.375c6b888962e388ce0153be3adf37a8.jpg,no_damage,no_damage,not_damage,not_damage,"label: no_damage
reason: The image shows a close-up of a white surface with no visible damage, cracks, mold, wear, or asbestos. The surface appears to be in good condition."
surface_damage_DJI_0253_05_03_png.rf.6ab0cb5cff6cc2c385d8786bcd706bfd.jpg,no_damage,wear,not_damage,damage,"label: wear
reason: The image shows visible signs of wear, such as discoloration and surface deterioration, which are indicative of aging or exposure to the elements."
surface_damage_DJI_0254_04_03_png.rf.d6467628c60b1808702274f62a38c055.jpg,no_damage,no_damage,not_damage,not_damage,"label: no_damage
reason: The image shows a close-up of a surface with no visible damage, cracks, mold, wear, or asbestos. The surface appears to be in good condition."
surface_damage_DJI_0254_08_03_png.rf.fd245cab0dd24ee828d23c5da16cc4de.jpg,no_damage,no_damage,not_damage,not_damage,"label: no_damage
reason: The image shows a close-up of a white surface with no visible damage, cracks, mold, wear, or asbestos. The surface appears to be in good condition."
surface_damage_DJI_0255_04_04_png.rf.4fbd37a889fbdc7776ba7d1af93b9cb9.jpg,damage,no_damage,damage,not_damage,"label: no_damage
reason: The image shows a clear blue sky with no visible inspection-relevant issues."
surface_damage_DJI_0255_07_02_png.rf.d34cac5f3ecb530864a28edbabd9214b.jpg,no_damage,no_damage,not_damage,not_damage,"label: no_damage
reason: The image shows a close-up of a surface with no visible damage, cracks, mold, wear, or asbestos. The surface appears to be in good condition."
surface_damage_DJI_0256_06_04_png.rf.d3937b1e57d7cf4000bbd1dcb83b50b9.jpg,no_damage,no_damage,not_damage,not_damage,"label: no_damage
reason: The image shows a close-up of a white surface with no visible damage, cracks, mold, wear, or asbestos. The surface appears to be in good condition."
surface_damage_DJI_0256_07_04_png.rf.340fd3c2166d4ae99a317260e1df86ec.jpg,no_damage,no_damage,not_damage,not_damage,"label: no_damage
reason: The image shows a close-up of a white surface with no visible damage, cracks, mold, wear, or asbestos. The surface appears to be in good condition."
surface_damage_DJI_0259_04_03_png.rf.5ededea2450487b08c3824cd40b07643.jpg,damage,no_damage,damage,not_damage,"label: no_damage
reason: The image shows a close-up of a white pipe with a black band, and there is no visible damage, crack, mold, wear, or asbestos-like material marks. The pipe appears to be in good condition."
surface_damage_DJI_0259_04_03_png.rf.640e74bad3e6ac63ab1da7662d186bf6.jpg,damage,no_damage,damage,not_damage,"label: no_damage
reason: The image shows a close-up of a white pipe or cylindrical object with a black band, surrounded by green grass. There are no visible signs of damage, crack, mold, wear, or asbestos in the image."
surface_damage_DJI_0259_06_05_png.rf.8c84e2caa24041d00351a7ff219d1889.jpg,damage,wear,damage,damage,"label: wear
reason: The image shows a white pipe with visible wear and discoloration, indicating that it has been exposed to the elements or has experienced some form of aging or surface deterioration."
surface_damage_DJI_0260_01_05_png.rf.2f3d524be42f60028f6897b16f449227.jpg,no_damage,no_damage,not_damage,not_damage,"label: no_damage
reason: The image shows a close-up of a surface with no visible damage, cracks, mold, wear, or asbestos. The surface appears to be in good condition."
surface_damage_DJI_0260_01_05_png.rf.acb41f596beb0688ef8d6aee98f72a04.jpg,no_damage,damage,not_damage,damage,"label: damage
reason: There is visible damage in the form of a hole in the material."
surface_damage_DJI_0260_03_04_png.rf.f68cf8f0b20517acdc050910e7b9a8cb.jpg,damage,wear,damage,damage,"label: wear
reason: The image shows a surface with visible wear, such as discoloration or paint wear, which is a sign of aging or surface deterioration."
surface_damage_DJI_0260_04_05_png.rf.54d8a14199ed0deb9404297c205d226d.jpg,no_damage,wear,not_damage,damage,"label: wear
reason: The image shows a surface with visible wear, such as discoloration and surface deterioration."
surface_damage_DJI_0260_05_06_png.rf.02912455778b696f6346694ce6a11090.jpg,no_damage,no_damage,not_damage,not_damage,"label: no_damage
reason: The image shows a close-up of a white surface with a visible crack, but no other inspection-relevant issues such as damage, mold, wear, or asbestos are visible."
surface_damage_DJI_0262_02_02_png.rf.2ed09d3d9668775946284bed9911258a.jpg,damage,no_damage,damage,not_damage,"label: no_damage
reason: The image shows a close-up of a surface with no visible damage, cracks, mold, wear, or asbestos. The surface appears to be in good condition."
surface_damage_DJI_0264_06_04_png.rf.7839e3b6a628302d73ca4ab2e7ee30b8.jpg,damage,no_damage,damage,not_damage,"label: no_damage
reason: The image shows a white pole with a shadow cast on it, but there is no visible damage, crack, mold, wear, or asbestos-like material marks. The pole appears to be in good condition."
surface_damage_DJI_0264_06_04_png.rf.ed856f37557f69a25b2bac1deb875539.jpg,damage,no_damage,damage,not_damage,"label: no_damage
reason: The image shows a white pole with a visible crack, but no other inspection-relevant issues are visible."
surface_damage_DJI_0347_07_03_png.rf.afb9f9b35e52a95c232771c7f1880618.jpg,damage,no_damage,damage,not_damage,"label: no_damage
reason: The image shows a close-up of a white surface with a black stripe, but there are no visible signs of damage, crack, mold, wear, or asbestos. The surface appears to be in good condition."
surface_damage_DJI_0347_07_04_png.rf.8e48ff54b500d31b56e6a034248e3c82.jpg,no_damage,wear,not_damage,damage,"label: wear
reason: The image shows visible signs of wear, such as discoloration and surface deterioration, which are indicative of aging or exposure to the elements."
surface_damage_DJI_0348_05_02_png.rf.844d0cca2525f2aa9b9e21eb2c66396d.jpg,damage,no_damage,damage,not_damage,"label: no_damage
reason: The image shows a close-up of a cylindrical object with a reflective surface, and there is no visible damage, crack, mold, wear, or asbestos-like material marks. The object appears to be in good condition."
surface_damage_DJI_0348_05_04_png.rf.582c741185233afd2df1f9e28c18800b.jpg,no_damage,no_damage,not_damage,not_damage,"label: no_damage
reason: The image shows a close-up of a surface with no visible damage, cracks, mold, wear, or asbestos. The surface appears to be in good condition."
surface_damage_DJI_0348_08_04_png.rf.ad8881b30660fb4d8fb749a7be8bbcab.jpg,damage,no_damage,damage,not_damage,"label: no_damage
reason: The image shows a close-up of a white surface with a black line, but there are no visible signs of damage, crack, mold, wear, or asbestos. The surface appears to be in good condition."
surface_damage_DJI_0349_04_04_png.rf.2d88cc8c058b8bc4368a493613334ae4.jpg,no_damage,wear,not_damage,damage,"label: wear
reason: The image shows a surface with visible wear, such as discoloration or paint wear, which is a common issue in housing inspections."
surface_damage_DJI_0350_04_04_png.rf.af9052bf903bba62cd8120b4a34294be.jpg,no_damage,no_damage,not_damage,not_damage,"label: no_damage
reason: The image shows a close-up of a white object with a circular pattern, but there is no visible damage, crack, mold, wear, or asbestos-like material marks. The object appears to be in good condition."
surface_damage_DJI_0357_08_09_png.rf.50ace7222254bcdc4123e98f000e4a14.jpg,damage,no_damage,damage,not_damage,"label: no_damage
reason: The image shows a plain white wall with no visible damage, cracks, mold, wear, or asbestos."
surface_damage_DJI_0358_02_09_png.rf.4212edad849bc4d32bb67fa005c6acc6.jpg,damage,no_damage,damage,not_damage,"label: no_damage
reason: The image shows a plain, light-colored surface with no visible damage, cracks, mold, wear, or asbestos-like material marks."
surface_damage_DJI_0358_05_09_png.rf.9cf64e5ec0c49c78cfc9fab3d4b5337d.jpg,damage,no_damage,damage,not_damage,"label: no_damage
reason: The image shows a plain, white wall with no visible damage, cracks, mold, wear, or asbestos-like material marks."
surface_damage_DJI_0359_04_08_png.rf.4d227d8e285e17c10131f06944030776.jpg,damage,no_damage,damage,not_damage,"label: no_damage
reason: The image shows a close-up of a green grassy area with a white surface, and there are no visible signs of damage, crack, mold, wear, or asbestos."
surface_damage_DJI_0360_04_09_png.rf.5c429cff768308bc02ebd1bdb7b008f7.jpg,damage,no_damage,damage,not_damage,"label: no_damage
reason: The image shows a white surface with no visible damage, cracks, mold, wear, or asbestos-like material marks."
surface_damage_DJI_0360_05_09_png.rf.0a0d0a7c07eb0052097e41cbee19caf5.jpg,damage,no_damage,damage,not_damage,"label: no_damage
reason: The image shows a plain, light-colored surface with no visible damage, cracks, mold, wear, or asbestos."
surface_damage_DJI_0361_06_08_png.rf.89b96733afb045ac58ed6301f9465f89.jpg,damage,no_damage,damage,not_damage,"label: no_damage
reason: The image shows a plain, white surface with no visible damage, cracks, mold, wear, or asbestos-like material marks."
surface_damage_DJI_0362_06_08_png.rf.0da21ba6402ffaebd18535965aff79e5.jpg,damage,no_damage,damage,not_damage,"label: no_damage
reason: The image shows a close-up of a white surface with a greenish area, but there are no visible signs of damage, cracks, mold, wear, or asbestos. The surface appears to be in good condition."
surface_damage_DJI_0362_06_09_png.rf.0c495dfa4323fd79d1d1ff227855f6f8.jpg,damage,no_damage,damage,not_damage,"label: no_damage
reason: The image shows a plain, white background with no visible inspection-relevant issues such as damage, cracks, mold, wear, or asbestos."
surface_damage_DJI_0364_06_08_png.rf.d083f3fb2b41ec10ed35a9582159de5b.jpg,damage,no_damage,damage,not_damage,"label: no_damage
reason: The image shows a close-up of a white surface with a greenish-brown edge, which appears to be a piece of wall or a similar structure. There are no visible cracks, mold, wear, or asbestos-like material marks. The surface"
surface_damage_DJI_0364_06_08_png.rf.e54e9da87dfb146861969761cd477798.jpg,damage,no_damage,damage,not_damage,"label: no_damage
reason: The image shows a close-up of a white surface with a visible crack, but no other inspection-relevant issues such as damage, mold, wear, or asbestos are visible."
surface_damage_DJI_0365_03_08_png.rf.65c89a17e3ed9152c5ecb692632e1d1d.jpg,damage,no_damage,damage,not_damage,"label: no_damage
reason: The image shows a close-up of a white surface with a greenish area, but there are no visible signs of damage, cracks, mold, wear, or asbestos."
surface_damage_DJI_0365_03_08_png.rf.6bdaa42622c1ff44266df90108668993.jpg,damage,no_damage,damage,not_damage,"label: no_damage
reason: The image shows a close-up of a surface with no visible damage, cracks, mold, wear, or asbestos. The surface appears to be in good condition."
surface_damage_DJI_0366_07_07_png.rf.7e0baace6b442b43afd64d969b1a907d.jpg,damage,no_damage,damage,not_damage,"label: no_damage
reason: The image shows a plain white surface with no visible damage, cracks, mold, wear, or asbestos-like material marks."
surface_damage_DJI_0367_02_09_png.rf.f47d6904e8377175ef1a6249e1e1fbae.jpg,no_damage,no_damage,not_damage,not_damage,"label: no_damage
reason: The image shows a close-up of a white surface with a metal bracket attached, but there are no visible signs of damage, crack, mold, wear, or asbestos. The surface appears to be in good condition."
surface_damage_DJI_0368_02_06_png.rf.bf1609fd7bfc6423a1cba02a9d4437b5.jpg,damage,no_damage,damage,not_damage,"label: no_damage
reason: The image shows a close-up of a white surface with a shadow cast on it, but there are no visible signs of damage, crack, mold, wear, or asbestos. The surface appears to be in good condition."
surface_damage_DJI_0369_07_07_png.rf.fb241bd2b809a9136143d605ff46e372.jpg,damage,no_damage,damage,not_damage,"label: no_damage
reason: The image shows a close-up of a wall with a dark, textured surface, but there are no visible signs of damage, cracks, mold, wear, or asbestos."
surface_damage_DJI_0587_06_01_png.rf.bee538584f3a1ace6d20277c6a883ce7.jpg,damage,no_damage,damage,not_damage,"label: no_damage
reason: The image shows a plain white wall with no visible damage, cracks, mold, wear, or asbestos-like material marks."
surface_damage_DJI_0588_03_01_png.rf.213bc262a59eb0a9257920ac030324d5.jpg,damage,no_damage,damage,not_damage,"label: no_damage
reason: The image shows a plain, light-colored wall with no visible damage, cracks, mold, wear, or asbestos-like material marks."
surface_damage_DJI_0588_03_01_png.rf.78d488b2c133e98ac719e0f5035bdc01.jpg,damage,no_damage,damage,not_damage,"label: no_damage
reason: The image shows a plain, light-colored wall with no visible damage, cracks, mold, wear, or asbestos-like material marks."
surface_damage_DJI_0588_04_01_png.rf.4867ce3830f5b550a505323179fa52ed.jpg,damage,no_damage,damage,not_damage,"label: no_damage
reason: The image shows a plain, white surface with no visible damage, cracks, mold, wear, or asbestos-like material marks."
surface_damage_DJI_0589_08_01_png.rf.c3a6a38ba7615062210597bce9b82387.jpg,damage,no_damage,damage,not_damage,"label: no_damage
reason: The image shows a plain, light-colored surface with no visible damage, cracks, mold, wear, or asbestos-like material marks."
surface_damage_DJI_0589_08_01_png.rf.ce29cc99ec6eef998a169028545a801d.jpg,damage,no_damage,damage,not_damage,"label: no_damage
reason: The image shows a plain, light-colored surface with no visible damage, cracks, mold, wear, or asbestos-like material marks."
surface_damage_DJI_0590_02_02_png.rf.428cf9d6d2e72f5980574ef0530cc639.jpg,damage,no_damage,damage,not_damage,"label: no_damage
reason: The image shows a white cylindrical object with no visible damage, cracks, mold, wear, or asbestos-like material marks. The surface appears smooth and undamaged."
surface_damage_DJI_0591_01_01_png.rf.a84fe377550040b6f0b07dbc2569f834.jpg,damage,no_damage,damage,not_damage,"label: no_damage
reason: The image shows a white surface with a visible line or mark, but there are no signs of damage, crack, mold, wear, or asbestos."
surface_damage_DJI_0591_03_02_png.rf.a64c62053e83e630468e69d425c5f6ff.jpg,damage,no_damage,damage,not_damage,"label: no_damage
reason: The image shows a plain, white surface with no visible damage, cracks, mold, wear, or asbestos-like material marks."
surface_damage_DJI_0591_04_01_png.rf.03f0afcb536ba710526a9e2b17179ed5.jpg,damage,no_damage,damage,not_damage,"label: no_damage
reason: The image shows a plain, light-colored wall with no visible damage, cracks, mold, wear, or asbestos-like material marks."
surface_damage_DJI_0591_07_01_png.rf.504edd95601ba512fb94ce54d52481e3.jpg,damage,no_damage,damage,not_damage,"label: no_damage
reason: The image shows a plain, light-colored wall with no visible damage, cracks, mold, wear, or asbestos-like material marks."
surface_damage_DJI_0592_03_03_png.rf.9ad49deafbaa93e62dcc0fc344a8c406.jpg,damage,no_damage,damage,not_damage,"label: no_damage
reason: The image shows a plain, light-colored wall with no visible damage, cracks, mold, wear, or asbestos-like material marks."
surface_damage_DJI_0593_04_02_png.rf.71c8bbf7ec91ca93ddaf93decd610db9.jpg,damage,no_damage,damage,not_damage,"label: no_damage
reason: The image shows a plain, cylindrical structure with no visible damage, cracks, mold, wear, or asbestos. The surface appears smooth and undamaged."
surface_damage_DJI_0593_04_02_png.rf.fc7faf357b97d55fd24904cd68ded7e3.jpg,damage,no_damage,damage,not_damage,"label: no_damage
reason: The image shows a plain, white surface with no visible damage, cracks, mold, wear, or asbestos-like material marks."
surface_damage_DJI_0594_06_03_png.rf.d921d8c56ffa66fe1c0b5f97357e9422.jpg,damage,no_damage,damage,not_damage,"label: no_damage
reason: The image shows a plain, white surface with no visible damage, cracks, mold, wear, or asbestos-like material marks."
surface_damage_DJI_0595_05_03_png.rf.010c8218cb50fc8ee5d6b444fca6ce35.jpg,damage,no_damage,damage,not_damage,"label: no_damage
reason: The image shows a plain, untextured surface with no visible damage, cracks, mold, wear, or asbestos-like material marks."
surface_damage_DJI_0596_06_03_png.rf.b9510d12405da94839b095e81ff5525d.jpg,damage,no_damage,damage,not_damage,"label: no_damage
reason: The image shows a plain white wall with no visible damage, cracks, mold, wear, or asbestos-like material marks."
surface_damage_DJI_0598_07_04_png.rf.299ee923e7f628d03a2c08fac6ab3d8d.jpg,damage,no_damage,damage,not_damage,"label: no_damage
reason: The image shows a white cylindrical object with a visible crack at the top, but no other signs of damage, mold, wear, or asbestos are present."
surface_damage_DJI_0601_01_02_png.rf.399687a252421a49b58776dca9434cb5.jpg,damage,no_damage,damage,not_damage,"label: no_damage
reason: The image shows a close-up of a wall with a visible seam, but there are no signs of damage, cracks, mold, wear, or asbestos. The wall appears to be in good condition."
surface_damage_DJI_0601_01_02_png.rf.fd495e6b2d63f4a2b565c3087abb63b7.jpg,damage,no_damage,damage,not_damage,"label: no_damage
reason: The image shows a close-up of a cylindrical object with a black and white pattern, but there are no visible signs of damage, cracks, mold, wear, or asbestos. The object appears to be in good condition."
surface_damage_DJI_0604_02_02_png.rf.848c993911ac403dafbf2fc5a7d55680.jpg,damage,no_damage,damage,not_damage,"label: no_damage
reason: The image shows a close-up of a cylindrical object with a smooth surface, and there are no visible signs of damage, cracks, mold, wear, or asbestos."
surface_damage_DJI_0605_02_05_png.rf.9e7cfd76a11298e21cd6e1076650dcf6.jpg,no_damage,no_damage,not_damage,not_damage,"label: no_damage
reason: The image shows a close-up of a white structure, possibly a part of a building or a piece of equipment, with no visible damage, cracks, mold, wear, or asbestos. The surface appears to be in good condition, and there are no signs"
surface_damage_DJI_0605_03_03_png.rf.517e6f95b658660057f15f5206532a5a.jpg,damage,wear,damage,damage,"label: wear
reason: The image shows a cylindrical object with visible wear and discoloration, indicating aging or surface deterioration."
surface_damage_DJI_0606_05_03_png.rf.e1d0577d847bf6763891dbf2f3b0de12.jpg,damage,wear,damage,damage,"label: wear
reason: The image shows a visible line of wear on the surface of the object, which could be a pipe or a cylindrical structure. This wear is likely due to age, exposure to the elements, or other environmental factors."
surface_damage_DJI_0607_06_04_png.rf.809c096f0ec8cd23514bbf993a2a3f7b.jpg,no_damage,no_damage,not_damage,not_damage,"label: no_damage
reason: The image shows a close-up of a white surface with no visible damage, cracks, mold, wear, or asbestos. The surface appears to be in good condition."
surface_damage_DJI_0608_08_02_png.rf.3c10e3cfdd0187c71bdb5b11b2f7bc0a.jpg,damage,no_damage,damage,not_damage,"label: no_damage
reason: The image shows a close-up of a cylindrical object with a dark, possibly metallic, surface. There are no visible cracks, mold, wear, or asbestos-like material marks. The image does not provide enough information to determine if there is"
surface_damage_DJI_0680_04_04_png.rf.9a52edb00c9d2ef359eb36d47bd25668.jpg,damage,no_damage,damage,not_damage,"label: no_damage
reason: The image shows a close-up of a cylindrical object, possibly a pipe or a column, with no visible damage, cracks, mold, wear, or asbestos. The surface appears smooth and there are no signs of discoloration or deterioration"
surface_damage_DJI_0680_04_07_png.rf.67166a28f523d331e228df072aa2e13e.jpg,damage,no_damage,damage,not_damage,"label: no_damage
reason: The image shows a cloudy sky with no visible signs of damage, crack, mold, wear, asbestos, or any other inspection-relevant issue."
surface_damage_DJI_0681_02_05_png.rf.079b4c127ec344616e72ed771d0d8673.jpg,no_damage,no_damage,not_damage,not_damage,"label: no_damage
reason: The image shows a plain, light-colored wall with no visible damage, cracks, mold, wear, or asbestos."
surface_damage_DJI_0681_02_05_png.rf.69bcd12a72e6d3b431500de35b86701a.jpg,no_damage,no_damage,not_damage,not_damage,"label: no_damage
reason: The image shows a completely black background with no visible inspection-relevant issues."
surface_damage_DJI_0681_03_05_png.rf.3f1f3ab26a3f71e7058ca3640d7f8f30.jpg,damage,no_damage,damage,not_damage,"label: no_damage
reason: The image shows a dark, possibly metallic surface with a pattern of small white dots, which could be debris or some other form of marking. However, there are no visible signs of damage, cracks, mold, wear, or asbestos. The surface"
surface_damage_DJI_0681_04_05_png.rf.04cb1df29b0aa236f62ca4ff88383196.jpg,damage,no_damage,damage,not_damage,"label: no_damage
reason: The image shows a close-up of a cylindrical object, possibly a pipe or a column, with a smooth surface and no visible damage, cracks, mold, wear, or asbestos. The background is a plain, light-colored surface, which does"
surface_damage_DJI_0681_07_09_png.rf.51eb0f20b90fb2123575ba8c3c80af20.jpg,no_damage,no_damage,not_damage,not_damage,"label: no_damage
reason: The image shows a close-up of a metal surface with a visible bolt and a small amount of rust, but there are no other signs of damage, crack, mold, wear, or asbestos."
surface_damage_DJI_0683_08_05_png.rf.d74b16e792193d43124325e471fe1bba.jpg,damage,no_damage,damage,not_damage,"label: no_damage
reason: The image shows a dark, possibly nighttime, outdoor scene with a focus on a white object, which could be a part of a building or structure. There are no visible signs of damage, cracks, mold, wear, or asbestos in the image. The"
surface_damage_DJI_0684_08_06_png.rf.bb99feda41b6e80d17fd0c3d9d3d25fa.jpg,no_damage,no_damage,not_damage,not_damage,"label: no_damage
reason: The image shows a close-up of a white surface with a darker line running along the edge, but there are no visible signs of damage, cracks, mold, wear, or asbestos."
surface_damage_DJI_0720_04_02_png.rf.9bd8d147a9dc4506cb2d4301d7033680.jpg,damage,no_damage,damage,not_damage,"label: no_damage
reason: The image shows a close-up of a white surface with no visible damage, cracks, mold, wear, or asbestos. The surface appears to be in good condition."
surface_damage_DJI_0721_01_02_png.rf.01a089d53b6731bd554356a9a1133711.jpg,damage,no_damage,damage,not_damage,"label: no_damage
reason: The image shows a close-up of a wall with a darker area, but there are no visible cracks, mold, wear, or asbestos-like material marks. The image does not provide enough information to determine if there is any damage or not."
surface_damage_DJI_0721_02_05_png.rf.f3893cf5dced08653c49b9cbd0271c9b.jpg,no_damage,no_damage,not_damage,not_damage,"label: no_damage
reason: The image shows a close-up of a surface with no visible damage, cracks, mold, wear, or asbestos. The surface appears to be in good condition."
surface_damage_DJI_0721_05_06_png.rf.4d038859b84957121826911abdfb994c.jpg,damage,no_damage,damage,not_damage,"label: no_damage
reason: The image shows a close-up of a surface with no visible damage, cracks, mold, wear, or asbestos. The surface appears to be in good condition."
surface_damage_DJI_0722_02_06_png.rf.1cb335ff6eb416befbf871874770c458.jpg,damage,no_damage,damage,not_damage,"label: no_damage
reason: The image shows a close-up of a surface with no visible damage, cracks, mold, wear, or asbestos. The surface appears to be in good condition."
surface_damage_DJI_0722_03_06_png.rf.5a6895d950541e39cc7fec11d05b9d7c.jpg,no_damage,no_damage,not_damage,not_damage,"label: no_damage
reason: The image shows a close-up of a white surface with a curved edge, but there are no visible signs of damage, cracks, mold, wear, or asbestos. The surface appears to be in good condition."
surface_damage_DJI_0722_06_02_png.rf.dff32509688c2751326d6a1d4ecfdea4.jpg,damage,no_damage,damage,not_damage,"label: no_damage
reason: The image shows a green field with trees and a clear sky, and there is no visible damage, crack, mold, wear, or asbestos-like material marks."
surface_damage_DJI_0722_08_04_png.rf.aa17b8c9c5900628cce2950ae128d6ba.jpg,damage,no_damage,damage,not_damage,"label: no_damage
reason: The image shows a plain, white surface with no visible damage, cracks, mold, wear, or asbestos-like material marks."
surface_damage_DJI_0723_06_04_png.rf.03c58071b17f32962b34a0673d481837.jpg,no_damage,no_damage,not_damage,not_damage,"label: no_damage
reason: The image shows a close-up of a surface with no visible damage, cracks, mold, wear, or asbestos. The surface appears to be in good condition."
surface_damage_DJI_0723_07_04_png.rf.8d693eea1b4fd94fe80e96e0d7491e98.jpg,damage,no_damage,damage,not_damage,"label: no_damage
reason: The image shows a close-up of a white structure, possibly a part of a building or a utility pole, with no visible damage, cracks, mold, wear, or asbestos. The surface appears to be in good condition, and there are no signs of"
surface_damage_DJI_0724_04_06_png.rf.69a7ba38057e628124669e33d400e64f.jpg,damage,no_damage,damage,not_damage,"label: no_damage
reason: The image shows a plain, grey surface with no visible damage, cracks, mold, wear, or asbestos-like material marks."
surface_damage_DJI_0724_05_04_png.rf.69105f1d9474976b6f74b32b14725f2c.jpg,damage,no_damage,damage,not_damage,"label: no_damage
reason: The image shows a plain, white wall with no visible damage, cracks, mold, wear, or asbestos."
surface_damage_DJI_0724_05_04_png.rf.eedfa36658c32a522432309522b73d48.jpg,damage,no_damage,damage,not_damage,"label: no_damage
reason: The image shows a plain, dark surface with no visible damage, cracks, mold, wear, or asbestos-like material marks."
surface_damage_DJI_0724_07_05_png.rf.b776792d988b65e0e61f31c25e81ca77.jpg,damage,no_damage,damage,not_damage,"label: no_damage
reason: The image shows a close-up of a surface with no visible damage, cracks, mold, wear, or asbestos. The surface appears to be in good condition."
surface_damage_DJI_0725_04_08_png.rf.dffd812cb77b8f2699a35e73c3893479.jpg,no_damage,no_damage,not_damage,not_damage,"label: no_damage
reason: The image shows a metal object, possibly a pipe or a part of a structure, with no visible damage, cracks, mold, wear, or asbestos. The surface appears to be in good condition."
surface_damage_DJI_0725_05_05_png.rf.96766ab8fb29ef0a948d57c6135edcb4.jpg,damage,wear,damage,damage,"label: wear
reason: The image shows a wall with visible wear, such as discoloration and surface deterioration, which is indicative of aging or exposure to environmental factors."
surface_damage_DJI_0725_05_07_png.rf.558b75a743ad4ef381407f9ef64714d4.jpg,no_damage,no_damage,not_damage,not_damage,"label: no_damage
reason: The image shows a white surface with a small, yellowish stain or mark, which could be a sign of wear or damage. However, there are no visible cracks, mold, or asbestos-like material marks. The stain is not significant enough to classify"
surface_damage_DJI_0725_06_05_png.rf.c700c6318e779399b2a670e39ef241cf.jpg,damage,no_damage,damage,not_damage,"label: no_damage
reason: The image shows a close-up of a surface with no visible damage, cracks, mold, wear, or asbestos-like material marks."
surface_damage_DJI_0725_06_07_png.rf.de3094ba3096e420cbf76ba5c73ccb9d.jpg,no_damage,no_damage,not_damage,not_damage,"label: no_damage
reason: The image shows a dark, indistinct surface with no visible cracks, mold, wear, or asbestos-like material marks. The lack of any inspection-relevant issues suggests that the image is classified as ""no_damage."""
surface_damage_DJI_0726_06_08_png.rf.b8675f18e210fc804caeac917dd1ed2e.jpg,damage,no_damage,damage,not_damage,"label: no_damage
reason: The image shows a wall with a visible crack, but no other inspection-relevant issues are visible."
surface_damage_DJI_0726_06_08_png.rf.e03d13fc7e295a5df92230e6dde181b3.jpg,damage,no_damage,damage,not_damage,"label: no_damage
reason: The image shows a plain, white surface with no visible damage, cracks, mold, wear, or asbestos-like material marks."
surface_damage_DJI_0726_06_09_png.rf.3308bdc0d2094f46030d59c752a92ebf.jpg,no_damage,no_damage,not_damage,not_damage,"label: no_damage
reason: The image shows a close-up of a wall with a visible crack, but no other inspection-relevant issues are visible."
surface_damage_DJI_0726_06_09_png.rf.7eb38c8ba98790704096ba14bf7d2106.jpg,no_damage,no_damage,not_damage,not_damage,"label: no_damage
reason: The image shows a close-up of a wall with a circular object, but there is no visible damage, crack, mold, wear, or asbestos-like material marks. The image does not provide enough information to make a definitive assessment of the condition of the"
surface_damage_DJI_0726_08_08_png.rf.6822cd2af0b8a415efc542c834a49208.jpg,damage,no_damage,damage,not_damage,"label: no_damage
reason: The image shows a close-up of a white surface with a darker area at the top, which could be a shadow or a darker material. However, there are no visible cracks, mold, wear, or asbestos-like material marks. The surface"
surface_damage_DJI_0727_05_09_png.rf.807f9a89dfde0f58d160eacef6a0e1ad.jpg,damage,no_damage,damage,not_damage,"label: no_damage
reason: The image shows a close-up of a wall with a visible crack, but no other inspection-relevant issues are visible."
surface_damage_DJI_0746_03_02_png.rf.66a77159230dfa259afa200d896f5e5e.jpg,no_damage,no_damage,not_damage,not_damage,"label: no_damage
reason: The image is too blurry and lacks detail to accurately assess for any of the inspection-relevant issues."
surface_damage_DJI_0748_03_03_png.rf.4afdce75178ab73b643747efa0f12bb7.jpg,no_damage,no_damage,not_damage,not_damage,"label: no_damage
reason: The image shows a plain, light-colored surface with no visible damage, cracks, mold, wear, or asbestos-like material marks."
surface_damage_DJI_0748_03_03_png.rf.920d4e0c81b164dd8d073e8fb0b6452e.jpg,no_damage,no_damage,not_damage,not_damage,"label: no_damage
reason: The image shows a plain, white surface with no visible damage, cracks, mold, wear, or asbestos-like material marks."
surface_damage_DJI_0748_04_03_png.rf.776cf7deded25e9b6a3b39648bea9efe.jpg,no_damage,no_damage,not_damage,not_damage,"label: no_damage
reason: The image shows a plain, light-colored wall with no visible damage, cracks, mold, wear, or asbestos-like material marks."
surface_damage_DJI_0753_05_08_png.rf.731652c807f7c6a8a872225d993c0c38.jpg,no_damage,no_damage,not_damage,not_damage,"label: no_damage
reason: The image shows a plain white surface with no visible damage, cracks, mold, wear, or asbestos-like material marks."
surface_damage_DJI_0759_01_04_png.rf.db71f7da5143cd1d714d243bd323253f.jpg,damage,no_damage,damage,not_damage,"label: no_damage
reason: The image shows a plain, light-colored wall with no visible damage, cracks, mold, wear, or asbestos."
surface_damage_DJI_0781_06_05_png.rf.1f5bc37f29a7ef78f27deec8fd0c0cb7.jpg,damage,no_damage,damage,not_damage,"label: no_damage
reason: The image shows a plain white surface with no visible damage, cracks, mold, wear, or asbestos-like material marks."
surface_damage_DJI_0783_07_02_png.rf.bf587717cd6652b6f898ecfbbc78cc28.jpg,damage,no_damage,damage,not_damage,"label: no_damage
reason: The image shows a cylindrical object with a smooth surface and no visible damage, cracks, mold, wear, or asbestos-like material marks."
surface_damage_DJI_0784_02_06_png.rf.13f2a129c72abfb49a2041a6162fb447.jpg,no_damage,no_damage,not_damage,not_damage,"label: no_damage
reason: The image shows a dark, shadowy area with no visible damage, cracks, mold, wear, or asbestos-like material marks. The darkness could be due to lighting conditions or the angle of the photo."
surface_damage_DJI_0785_01_06_png.rf.158a5144ba206946447cfaacd99e7db0.jpg,no_damage,no_damage,not_damage,not_damage,"label: no_damage
reason: The image shows a plain, white surface with no visible damage, cracks, mold, wear, or asbestos-like material marks."
surface_damage_DJI_0785_02_06_png.rf.1e7eff9cb0d3cb09c5a57833037651f3.jpg,no_damage,no_damage,not_damage,not_damage,"label: no_damage
reason: The image shows a plain, grey wall with no visible damage, cracks, mold, wear, or asbestos-like material marks."
surface_damage_DJI_0785_02_06_png.rf.30561d75b6da2f5f6bd5c2dc67ac7e4b.jpg,no_damage,no_damage,not_damage,not_damage,"label: no_damage
reason: The image shows a plain, grey wall with no visible damage, cracks, mold, wear, or asbestos-like material marks."
surface_damage_DJI_0785_05_01_png.rf.d0e6cd0be121d1487333c8e67d235671.jpg,damage,no_damage,damage,not_damage,"label: no_damage
reason: The image shows a plain, white wall with no visible damage, cracks, mold, wear, or asbestos-like material marks."
surface_damage_DJI_0785_05_01_png.rf.e2e1b5ecf1394af5fc0134fc8150fc3f.jpg,damage,no_damage,damage,not_damage,"label: no_damage
reason: The image shows a plain white wall with no visible damage, cracks, mold, wear, or asbestos-like material marks."
surface_damage_DJI_0785_05_04_png.rf.ec21082a96ffcf45d186bd1ff1aa936a.jpg,damage,no_damage,damage,not_damage,"label: no_damage
reason: The image shows a close-up of a white surface with a black line running across it, but there are no visible signs of damage, crack, mold, wear, or asbestos."
surface_damage_DJI_0786_02_06_png.rf.d61e80d2efbe88a4233f514e8f640025.jpg,no_damage,no_damage,not_damage,not_damage,"label: no_damage
reason: The image shows a dark, indistinct area that could be interpreted as a stain or discoloration, but it is not clear enough to confidently classify it as damage, crack, mold, wear, or asbestos. The lack of clarity and the absence"
surface_damage_DJI_0786_03_05_png.rf.730d619c06e5ffe210d9a88f249a3c55.jpg,no_damage,no_damage,not_damage,not_damage,"label: no_damage
reason: The image shows a dark, indistinct area that does not exhibit any of the characteristics of damage, crack, mold, wear, or asbestos. It appears to be a close-up of a surface with a dark, possibly metallic, texture, but there"
surface_damage_DJI_0786_05_04_png.rf.5861e2cb35936dc41b9cfcfd216c6028.jpg,damage,no_damage,damage,not_damage,"label: no_damage
reason: The image shows a dark, cloudy sky with no visible inspection-relevant issues such as damage, cracks, mold, wear, or asbestos."
surface_damage_DJI_0787_01_07_png.rf.14b205862e03b64e01837d2fb33a5138.jpg,no_damage,no_damage,not_damage,not_damage,"label: no_damage
reason: The image shows a close-up of a surface with no visible damage, cracks, mold, wear, or asbestos-like material marks. The surface appears to be in good condition."
surface_damage_DJI_0788_01_08_png.rf.d0815adf258754952f2221344dc4b836.jpg,no_damage,no_damage,not_damage,not_damage,"label: no_damage
reason: The image shows a white surface with no visible damage, cracks, mold, wear, or asbestos-like material marks."
surface_damage_DJI_0788_02_02_png.rf.3805c7f1de76386f552c6d179d579578.jpg,damage,no_damage,damage,not_damage,"label: no_damage
reason: The image shows a plain, dark surface with no visible damage, cracks, mold, wear, or asbestos-like material marks."
surface_damage_DJI_0788_02_02_png.rf.a566cc341864ac3586d86315b5c9f39b.jpg,damage,no_damage,damage,not_damage,"label: no_damage
reason: The image shows a dark, uniform surface with no visible cracks, mold, wear, or asbestos-like material marks. The surface appears to be in good condition, and there are no signs of damage or deterioration."
surface_damage_DJI_0788_04_01_png.rf.c7759cf9ac407e7be8c989ac4be04031.jpg,damage,no_damage,damage,not_damage,"label: no_damage
reason: The image shows a plain, light-colored surface with no visible damage, cracks, mold, wear, or asbestos-like material marks."
surface_damage_DJI_0788_04_06_png.rf.ff6f9d4e2df42fcac6f4e0e18444d6d5.jpg,damage,no_damage,damage,not_damage,"label: no_damage
reason: The image shows a dark, indistinct area with no visible damage, cracks, mold, wear, or asbestos. The lack of detail and the darkness of the image make it difficult to discern any specific issues."
surface_damage_DJI_0788_06_05_png.rf.1a2634770de4971c77ff9abab227fb03.jpg,damage,no_damage,damage,not_damage,"label: no_damage
reason: The image shows a close-up of a white surface with a visible crack, but no other inspection-relevant issues are visible."
surface_damage_DJI_0788_07_06_png.rf.d86bbbbb4db6bcfa175d710d3173a154.jpg,damage,no_damage,damage,not_damage,"label: no_damage
reason: The image shows a plain, dark surface with no visible damage, cracks, mold, wear, or asbestos-like material marks."
surface_damage_DJI_0789_02_08_png.rf.3a825548dc1c61818b5bc0453a57ef1f.jpg,damage,no_damage,damage,not_damage,"label: no_damage
reason: The image shows a plain, white surface with no visible damage, cracks, mold, wear, or asbestos-like material marks."
surface_damage_DJI_0789_02_08_png.rf.3b6957804016f90530dc4d6076c64525.jpg,damage,no_damage,damage,not_damage,"label: no_damage
reason: The image shows a close-up of a dark, curved surface with a smooth texture, but there are no visible signs of damage, cracks, mold, wear, or asbestos."
surface_damage_DJI_0789_03_02_png.rf.506fe83f51534aa62de81b8a47c6dd33.jpg,damage,no_damage,damage,not_damage,"label: no_damage
reason: The image shows a dark, uniform background with no visible damage, cracks, mold, wear, or asbestos-like material marks."
surface_damage_DJI_0789_03_02_png.rf.51e391e674105cc954e2926e94b71b89.jpg,damage,no_damage,damage,not_damage,"label: no_damage
reason: The image shows a plain, dark surface with no visible damage, cracks, mold, wear, or asbestos-like material marks."
surface_damage_DJI_0789_03_07_png.rf.6bc48e130671d19a3a50d10c59e72a01.jpg,no_damage,no_damage,not_damage,not_damage,"label: no_damage
reason: The image shows a plain, grey surface with no visible damage, cracks, mold, wear, or asbestos-like material marks."
surface_damage_DJI_0789_06_05_png.rf.94a1fdb67c1546df2f6bbc3ef526893f.jpg,damage,no_damage,damage,not_damage,"label: no_damage
reason: The image shows a dark, blurry background with no visible damage, cracks, mold, wear, or asbestos-like material marks. The image is too dark and blurry to make out any specific details, which makes it difficult to accurately classify the image"
surface_damage_DJI_0971_02_04_png.rf.a1f67bbcd7dd40bf48d640c4baaa2f96.jpg,no_damage,no_damage,not_damage,not_damage,"label: no_damage
reason: The image shows a close-up of a white surface with some text, but there are no visible signs of damage, crack, mold, wear, or asbestos. The surface appears to be in good condition."
surface_damage_DJI_0971_02_04_png.rf.b3cfbd73a1effc3b6fb3739cc367ea7d.jpg,no_damage,no_damage,not_damage,not_damage,"label: no_damage
reason: The image shows a close-up of a white surface with some visible dirt or debris, but there are no signs of damage, cracks, mold, wear, or asbestos."
surface_damage_DJI_0971_02_06_png.rf.2cfaacfb8482823d8ee761d8a1f14572.jpg,no_damage,no_damage,not_damage,not_damage,"label: no_damage
reason: The image shows a close-up of a white object with a black stripe, but there is no visible damage, crack, mold, wear, or asbestos-like material marks. The image does not provide enough information to make a definitive assessment of the object"
surface_damage_DJI_0971_03_06_png.rf.8a6042f7d5ea8d6533857d0ff52a3c82.jpg,no_damage,no_damage,not_damage,not_damage,"label: no_damage
reason: The image shows a close-up of a white structure, possibly a part of a building or a tower, with no visible damage, cracks, mold, wear, or asbestos. The surface appears to be in good condition, and there are no signs of dis"
surface_damage_DJI_0971_08_05_png.rf.221ddd6bc8f13a3640cbefa98d83ac8c.jpg,damage,no_damage,damage,not_damage,"label: no_damage
reason: The image shows a white pole with a small hole at the bottom, but there are no visible signs of damage, crack, mold, wear, or asbestos."
surface_damage_DJI_0972_03_06_png.rf.d2250acbe22296c43f65674397546c3f.jpg,no_damage,no_damage,not_damage,not_damage,"label: no_damage
reason: The image shows a close-up of a white object, possibly a part of a building or structure, with a green background that appears to be grass. There are no visible signs of damage, cracks, mold, wear, or asbestos in the image."
surface_damage_DJI_0972_04_06_png.rf.0e1f31d9a4003fc9213cc720a6a5c1ad.jpg,damage,no_damage,damage,not_damage,"label: no_damage
reason: The image shows a close-up of a white pole with a visible crack, but no other inspection-relevant issues are visible."
surface_damage_DJI_0973_04_06_png.rf.31958d6b7c11fa3225c8e161aa284896.jpg,damage,no_damage,damage,not_damage,"label: no_damage
reason: The image shows a close-up of a cylindrical object with a smooth surface, and there are no visible signs of damage, cracks, mold, wear, or asbestos."
surface_damage_DJI_0973_08_05_png.rf.6e42468cf6711fa3a3d05b4e1e59876d.jpg,damage,no_damage,damage,not_damage,"label: no_damage
reason: The image shows a close-up of a white pole with no visible damage, cracks, mold, wear, or asbestos."
surface_damage_DJI_0974_03_05_png.rf.09e138d6b2cbcf7e689f44603999ab85.jpg,no_damage,no_damage,not_damage,not_damage,"label: no_damage
reason: The image shows a section of a white surface with a visible crack, but no other inspection-relevant issues such as damage, mold, wear, or asbestos are visible."
surface_damage_DJI_0976_04_03_png.rf.b9c70f2de58258a55c86caa91215994e.jpg,no_damage,no_damage,not_damage,not_damage,"label: no_damage
reason: The image shows a close-up of a green surface with no visible damage, cracks, mold, wear, or asbestos. The surface appears to be in good condition."
surface_damage_DJI_0976_04_08_png.rf.a00c20f04a3218bdf76e98b01c9743dd.jpg,no_damage,no_damage,not_damage,not_damage,"label: no_damage
reason: The image shows a close-up of a surface with the word ""NORD"" on it, but there are no visible signs of damage, crack, mold, wear, or asbestos. The surface appears to be in good condition."
surface_damage_DJI_0978_03_08_png.rf.2cd2b3c95be7bad0b211aa8a81d38b36.jpg,no_damage,wear,not_damage,damage,"label: wear
reason: The image shows visible wear on the surface of the object, which could be due to aging, exposure to the elements, or other forms of surface deterioration."
surface_damage_DJI_0979_03_07_png.rf.e40a793350f1ee71d67b3e7977c91d99.jpg,no_damage,no_damage,not_damage,not_damage,"label: no_damage
reason: The image shows a structure with no visible damage, cracks, mold, wear, or asbestos-like material marks. The surface appears to be in good condition."
surface_damage_DJI_0981_05_06_png.rf.93e83221dba22d5aae97c7cc9eaa41e6.jpg,no_damage,wear,not_damage,damage,"label: wear
reason: The image shows a white surface with visible stains and discoloration, which indicates wear."
surface_damage_DJI_0981_07_06_png.rf.ddcdaf105c14e5bcc0736d9c9e80d4cb.jpg,damage,no_damage,damage,not_damage,"label: no_damage
reason: The image shows two white pipes with no visible damage, cracks, mold, wear, or asbestos. The pipes appear to be in good condition."
surface_damage_DJI_0982_04_04_png.rf.4693946511a5d192c700e33fce1bbc7e.jpg,no_damage,no_damage,not_damage,not_damage,"label: no_damage
reason: The image shows a grassy area with no visible signs of damage, crack, mold, wear, or asbestos."
surface_damage_DJI_0982_06_04_png.rf.a15b16fee074bca4f861e130d3a2914a.jpg,damage,no_damage,damage,not_damage,"label: no_damage
reason: The image shows a section of grass with a clear boundary, and there are no visible signs of damage, crack, mold, wear, or asbestos."
surface_damage_DJI_0982_06_04_png.rf.f8f36c0238a4cddfacecbbc9f4a00738.jpg,damage,no_damage,damage,not_damage,"label: no_damage
reason: The image shows a section of grass with a clear boundary between the grass and a reflective surface, which appears to be a window or glass panel. There are no visible signs of damage, crack, mold, wear, or asbestos in the image."
surface_damage_DJI_0983_06_04_png.rf.de079ce1a8578761e48294aa851d314b.jpg,no_damage,no_damage,not_damage,not_damage,"label: no_damage
reason: The image shows a close-up of a white object with a few small marks, but there is no visible damage, crack, mold, wear, or asbestos. The object appears to be in good condition."
surface_damage_DJI_0983_07_04_png.rf.eea1c5b292c27d1008c54178cc896e11.jpg,damage,no_damage,damage,not_damage,"label: no_damage
reason: The image shows a close-up of a white cylindrical object with a darker stripe, but there are no visible signs of damage, cracks, mold, wear, or asbestos. The surface appears smooth and there are no indications of any issues"
surface_damage_DJI_0984_05_04_png.rf.95ef7c273b68bf48a1de2e2690a8b2c6.jpg,no_damage,no_damage,not_damage,not_damage,"label: no_damage
reason: The image shows a close-up of a white surface with a pattern, but there are no visible signs of damage, cracks, mold, wear, or asbestos."
surface_damage_DJI_0985_04_03_png.rf.dc9ce9e83dcd432b4905c0fe1b7561d7.jpg,no_damage,no_damage,not_damage,not_damage,"label: no_damage
reason: The image shows a close-up of a white surface with no visible damage, cracks, mold, wear, or asbestos. The surface appears to be in good condition."
surface_damage_DJI_0985_05_03_png.rf.7e26cf0b4fdc91acfe04f5adde39bc10.jpg,no_damage,no_damage,not_damage,not_damage,"label: no_damage
reason: The image shows a close-up of a white structure, possibly a part of a building or a piece of equipment, with no visible damage, cracks, mold, wear, or asbestos. The surface appears to be in good condition, and there are no signs"
surface_damage_DJI_0985_06_02_png.rf.4bdf2a5cd8ee36ba1a537cd4ef83313a.jpg,damage,no_damage,damage,not_damage,"label: no_damage
reason: The image shows a close-up of a section of a building, possibly a wall or a part of a structure, with no visible damage, cracks, mold, wear, or asbestos. The surface appears to be in good condition, and there are no signs"
surface_damage_DJI_0985_06_03_png.rf.eaf50b250515abd249b2aea3d316935c.jpg,no_damage,no_damage,not_damage,not_damage,"label: no_damage
reason: The image shows a close-up of a white structure, possibly a part of a wind turbine or a similar object, with no visible damage, cracks, mold, wear, or asbestos. The surface appears to be in good condition, and there are no"
surface_damage_DJI_0990_04_04_png.rf.0f1f31b12ce37b440684cc9ce9cd45a2.jpg,no_damage,no_damage,not_damage,not_damage,"label: no_damage
reason: The image shows a close-up of a white surface with a cylindrical object, possibly a part of a structure or equipment. There are no visible signs of damage, cracks, mold, wear, or asbestos. The surface appears to be in good condition"
surface_damage_DJI_0997_03_04_png.rf.465c34a1e09c77640645d78ab5b3ad04.jpg,no_damage,no_damage,not_damage,not_damage,"label: no_damage
reason: The image shows a close-up of a white structure, possibly a part of a building or a piece of equipment, with no visible damage, cracks, mold, wear, or asbestos. The structure appears to be in good condition, with no signs of dis"
surface_damage_DJI_0997_03_04_png.rf.59bfb4e2e43cf5f5b1bf5c5e22f33a3e.jpg,no_damage,no_damage,not_damage,not_damage,"label: no_damage
reason: The image shows a close-up of a white structure, possibly a part of a building or a piece of equipment, with no visible damage, cracks, mold, wear, or asbestos. The structure appears to be in good condition, with no signs of dis"
surface_damage_DJI_0997_03_06_png.rf.e8ca29a4a122a024ead726bebadcc4b7.jpg,no_damage,no_damage,not_damage,not_damage,"label: no_damage
reason: The image shows a close-up of a white surface with a logo or emblem, but there are no visible signs of damage, cracks, mold, wear, or asbestos. The surface appears to be in good condition."
